[0.011s] Invoking command in '/home/prithiv/tentacle2/build/ros_gz_interfaces': CMAKE_PREFIX_PATH=${CMAKE_PREFIX_PATH}:/home/prithiv/tentacle2/install/tentacle_description:/opt/ros/humble /usr/bin/cmake /home/prithiv/tentacle2/src/ros_ign/ros_gz_interfaces -DCMAKE_INSTALL_PREFIX=/home/prithiv/tentacle2/install/ros_gz_interfaces
[0.093s] -- The C compiler identification is GNU 11.4.0
[0.164s] -- The CXX compiler identification is GNU 11.4.0
[0.170s] -- Detecting C compiler ABI info
[0.214s] -- Detecting C compiler ABI info - done
[0.219s] -- Check for working C compiler: /usr/bin/cc - skipped
[0.219s] -- Detecting C compile features
[0.220s] -- Detecting C compile features - done
[0.222s] -- Detecting CXX compiler ABI info
[0.272s] -- Detecting CXX compiler ABI info - done
[0.277s] -- Check for working CXX compiler: /usr/bin/c++ - skipped
[0.277s] -- Detecting CXX compile features
[0.277s] -- Detecting CXX compile features - done
[0.279s] -- Found ament_cmake: 1.3.11 (/opt/ros/humble/share/ament_cmake/cmake)
[0.376s] -- Found Python3: /usr/bin/python3 (found version "3.10.12") found components: Interpreter 
[0.442s] -- Found builtin_interfaces: 1.2.1 (/opt/ros/humble/share/builtin_interfaces/cmake)
[0.480s] -- Found rosidl_generator_c: 3.1.6 (/opt/ros/humble/share/rosidl_generator_c/cmake)
[0.484s] -- Found rosidl_adapter: 3.1.6 (/opt/ros/humble/share/rosidl_adapter/cmake)
[0.492s] -- Found rosidl_generator_cpp: 3.1.6 (/opt/ros/humble/share/rosidl_generator_cpp/cmake)
[0.504s] -- Using all available rosidl_typesupport_c: rosidl_typesupport_fastrtps_c;rosidl_typesupport_introspection_c
[0.519s] -- Using all available rosidl_typesupport_cpp: rosidl_typesupport_fastrtps_cpp;rosidl_typesupport_introspection_cpp
[0.532s] -- Found rcl_interfaces: 1.2.1 (/opt/ros/humble/share/rcl_interfaces/cmake)
[0.545s] -- Found std_msgs: 4.8.0 (/opt/ros/humble/share/std_msgs/cmake)
[0.558s] -- Found geometry_msgs: 4.8.0 (/opt/ros/humble/share/geometry_msgs/cmake)
[0.571s] -- Found rosidl_default_generators: 1.2.0 (/opt/ros/humble/share/rosidl_default_generators/cmake)
[0.857s] -- Found ament_cmake_cppcheck: 0.12.12 (/opt/ros/humble/share/ament_cmake_cppcheck/cmake)
[0.859s] -- Found ament_cmake_cpplint: 0.12.12 (/opt/ros/humble/share/ament_cmake_cpplint/cmake)
[0.861s] -- Found ament_cmake_uncrustify: 0.12.12 (/opt/ros/humble/share/ament_cmake_uncrustify/cmake)
[0.864s] -- Found ament_cmake_ros: 0.10.0 (/opt/ros/humble/share/ament_cmake_ros/cmake)
[1.188s] -- Using all available rosidl_typesupport_c: rosidl_typesupport_fastrtps_c;rosidl_typesupport_introspection_c
[1.318s] -- Using all available rosidl_typesupport_cpp: rosidl_typesupport_fastrtps_cpp;rosidl_typesupport_introspection_cpp
[1.338s] -- Found PythonInterp: /usr/bin/python3 (found suitable version "3.10.12", minimum required is "3.6") 
[1.339s] -- Found python_cmake_module: 0.10.0 (/opt/ros/humble/share/python_cmake_module/cmake)
[1.363s] -- Found PythonLibs: /usr/lib/x86_64-linux-gnu/libpython3.10.so (found suitable version "3.10.12", minimum required is "3.5") 
[1.363s] -- Using PYTHON_EXECUTABLE: /usr/bin/python3
[1.363s] -- Using PYTHON_INCLUDE_DIRS: /usr/include/python3.10
[1.363s] -- Using PYTHON_LIBRARIES: /usr/lib/x86_64-linux-gnu/libpython3.10.so
[1.378s] -- Found PythonExtra: .so  
[1.440s] -- Found ament_cmake_flake8: 0.12.12 (/opt/ros/humble/share/ament_cmake_flake8/cmake)
[1.442s] -- Found ament_cmake_pep257: 0.12.12 (/opt/ros/humble/share/ament_cmake_pep257/cmake)
[1.451s] -- Configuring done
[1.517s] -- Generating done
[1.531s] -- Build files have been written to: /home/prithiv/tentacle2/build/ros_gz_interfaces
[1.541s] Invoked command in '/home/prithiv/tentacle2/build/ros_gz_interfaces' returned '0': CMAKE_PREFIX_PATH=${CMAKE_PREFIX_PATH}:/home/prithiv/tentacle2/install/tentacle_description:/opt/ros/humble /usr/bin/cmake /home/prithiv/tentacle2/src/ros_ign/ros_gz_interfaces -DCMAKE_INSTALL_PREFIX=/home/prithiv/tentacle2/install/ros_gz_interfaces
[1.542s] Invoking command in '/home/prithiv/tentacle2/build/ros_gz_interfaces': CMAKE_PREFIX_PATH=${CMAKE_PREFIX_PATH}:/home/prithiv/tentacle2/install/tentacle_description:/opt/ros/humble /usr/bin/cmake --build /home/prithiv/tentacle2/build/ros_gz_interfaces -- -j12 -l12
[1.572s] [  1%] [34m[1mGenerating C code for ROS interfaces[0m
[1.579s] [  1%] [34m[1mGenerating C++ code for ROS interfaces[0m
[1.582s] [  1%] Built target ament_cmake_python_copy_ros_gz_interfaces
[1.737s] running egg_info
[1.738s] creating ros_gz_interfaces.egg-info
[1.738s] writing ros_gz_interfaces.egg-info/PKG-INFO
[1.738s] writing dependency_links to ros_gz_interfaces.egg-info/dependency_links.txt
[1.738s] writing top-level names to ros_gz_interfaces.egg-info/top_level.txt
[1.738s] writing manifest file 'ros_gz_interfaces.egg-info/SOURCES.txt'
[1.740s] reading manifest file 'ros_gz_interfaces.egg-info/SOURCES.txt'
[1.741s] writing manifest file 'ros_gz_interfaces.egg-info/SOURCES.txt'
[1.758s] [  1%] Built target ament_cmake_python_build_ros_gz_interfaces_egg
[3.547s] [  1%] Built target ros_gz_interfaces__cpp
[3.557s] [  3%] [34m[1mGenerating C++ type support for eProsima Fast-RTPS[0m
[3.557s] [  3%] [34m[1mGenerating C++ type support dispatch for ROS interfaces[0m
[3.558s] [  4%] [34m[1mGenerating C++ introspection for ROS interfaces[0m
[3.623s] [  5%] [32mBuilding C object CMakeFiles/ros_gz_interfaces__rosidl_generator_c.dir/rosidl_generator_c/ros_gz_interfaces/msg/detail/entity__functions.c.o[0m
[3.623s] [  5%] [32mBuilding C object CMakeFiles/ros_gz_interfaces__rosidl_generator_c.dir/rosidl_generator_c/ros_gz_interfaces/msg/detail/entity_factory__functions.c.o[0m
[3.623s] [  6%] [32mBuilding C object CMakeFiles/ros_gz_interfaces__rosidl_generator_c.dir/rosidl_generator_c/ros_gz_interfaces/msg/detail/dataframe__functions.c.o[0m
[3.624s] [  7%] [32mBuilding C object CMakeFiles/ros_gz_interfaces__rosidl_generator_c.dir/rosidl_generator_c/ros_gz_interfaces/msg/detail/float32_array__functions.c.o[0m
[3.624s] [  7%] [32mBuilding C object CMakeFiles/ros_gz_interfaces__rosidl_generator_c.dir/rosidl_generator_c/ros_gz_interfaces/msg/detail/altimeter__functions.c.o[0m
[3.624s] [  7%] [32mBuilding C object CMakeFiles/ros_gz_interfaces__rosidl_generator_c.dir/rosidl_generator_c/ros_gz_interfaces/msg/detail/contacts__functions.c.o[0m
[3.625s] [  8%] [32mBuilding C object CMakeFiles/ros_gz_interfaces__rosidl_generator_c.dir/rosidl_generator_c/ros_gz_interfaces/msg/detail/contact__functions.c.o[0m
[3.625s] [  8%] [32mBuilding C object CMakeFiles/ros_gz_interfaces__rosidl_generator_c.dir/rosidl_generator_c/ros_gz_interfaces/msg/detail/entity_wrench__functions.c.o[0m
[3.626s] [  8%] [32mBuilding C object CMakeFiles/ros_gz_interfaces__rosidl_generator_c.dir/rosidl_generator_c/ros_gz_interfaces/msg/detail/gui_camera__functions.c.o[0m
[3.702s] [  9%] [32mBuilding C object CMakeFiles/ros_gz_interfaces__rosidl_generator_c.dir/rosidl_generator_c/ros_gz_interfaces/msg/detail/light__functions.c.o[0m
[3.702s] [  9%] [32mBuilding C object CMakeFiles/ros_gz_interfaces__rosidl_generator_c.dir/rosidl_generator_c/ros_gz_interfaces/msg/detail/param_vec__functions.c.o[0m
[3.702s] [  9%] [32mBuilding C object CMakeFiles/ros_gz_interfaces__rosidl_generator_c.dir/rosidl_generator_c/ros_gz_interfaces/msg/detail/joint_wrench__functions.c.o[0m
[3.703s] [ 10%] [32mBuilding C object CMakeFiles/ros_gz_interfaces__rosidl_generator_c.dir/rosidl_generator_c/ros_gz_interfaces/msg/detail/sensor_noise__functions.c.o[0m
[3.704s] [ 10%] [32mBuilding C object CMakeFiles/ros_gz_interfaces__rosidl_generator_c.dir/rosidl_generator_c/ros_gz_interfaces/msg/detail/string_vec__functions.c.o[0m
[3.704s] [ 11%] [32mBuilding C object CMakeFiles/ros_gz_interfaces__rosidl_generator_c.dir/rosidl_generator_c/ros_gz_interfaces/msg/detail/track_visual__functions.c.o[0m
[3.706s] [ 12%] [32mBuilding C object CMakeFiles/ros_gz_interfaces__rosidl_generator_c.dir/rosidl_generator_c/ros_gz_interfaces/msg/detail/material_color__functions.c.o[0m
[3.709s] [ 12%] [32mBuilding C object CMakeFiles/ros_gz_interfaces__rosidl_generator_c.dir/rosidl_generator_c/ros_gz_interfaces/msg/detail/video_record__functions.c.o[0m
[3.783s] [ 13%] [32mBuilding C object CMakeFiles/ros_gz_interfaces__rosidl_generator_c.dir/rosidl_generator_c/ros_gz_interfaces/msg/detail/world_control__functions.c.o[0m
[3.787s] [ 13%] [32mBuilding C object CMakeFiles/ros_gz_interfaces__rosidl_generator_c.dir/rosidl_generator_c/ros_gz_interfaces/msg/detail/world_reset__functions.c.o[0m
[3.787s] [ 15%] [32mBuilding C object CMakeFiles/ros_gz_interfaces__rosidl_generator_c.dir/rosidl_generator_c/ros_gz_interfaces/srv/detail/control_world__functions.c.o[0m
[3.787s] [ 15%] [32mBuilding C object CMakeFiles/ros_gz_interfaces__rosidl_generator_c.dir/rosidl_generator_c/ros_gz_interfaces/srv/detail/set_entity_pose__functions.c.o[0m
[3.787s] [ 15%] [32mBuilding C object CMakeFiles/ros_gz_interfaces__rosidl_generator_c.dir/rosidl_generator_c/ros_gz_interfaces/srv/detail/delete_entity__functions.c.o[0m
[3.788s] [ 15%] [32mBuilding C object CMakeFiles/ros_gz_interfaces__rosidl_generator_c.dir/rosidl_generator_c/ros_gz_interfaces/srv/detail/spawn_entity__functions.c.o[0m
[3.873s] [ 16%] [32m[1mLinking C shared library libros_gz_interfaces__rosidl_generator_c.so[0m
[3.902s] [ 16%] Built target ros_gz_interfaces__rosidl_generator_c
[3.911s] [ 17%] [34m[1mGenerating C type support for eProsima Fast-RTPS[0m
[3.911s] [ 18%] [34m[1mGenerating C type support dispatch for ROS interfaces[0m
[3.911s] [ 19%] [34m[1mGenerating C introspection for ROS interfaces[0m
[5.197s] [ 19%] [32mBuilding CXX object CMakeFiles/ros_gz_interfaces__rosidl_typesupport_fastrtps_cpp.dir/rosidl_typesupport_fastrtps_cpp/ros_gz_interfaces/msg/detail/dds_fastrtps/altimeter__type_support.cpp.o[0m
[5.198s] [ 19%] [32mBuilding CXX object CMakeFiles/ros_gz_interfaces__rosidl_typesupport_fastrtps_cpp.dir/rosidl_typesupport_fastrtps_cpp/ros_gz_interfaces/msg/detail/dds_fastrtps/contacts__type_support.cpp.o[0m
[5.202s] [ 20%] [32mBuilding CXX object CMakeFiles/ros_gz_interfaces__rosidl_typesupport_fastrtps_cpp.dir/rosidl_typesupport_fastrtps_cpp/ros_gz_interfaces/msg/detail/dds_fastrtps/contact__type_support.cpp.o[0m
[5.205s] [ 21%] [32mBuilding CXX object CMakeFiles/ros_gz_interfaces__rosidl_typesupport_fastrtps_cpp.dir/rosidl_typesupport_fastrtps_cpp/ros_gz_interfaces/msg/detail/dds_fastrtps/dataframe__type_support.cpp.o[0m
[5.205s] [ 21%] [32mBuilding CXX object CMakeFiles/ros_gz_interfaces__rosidl_typesupport_fastrtps_cpp.dir/rosidl_typesupport_fastrtps_cpp/ros_gz_interfaces/msg/detail/dds_fastrtps/entity__type_support.cpp.o[0m
[5.209s] [ 21%] [32mBuilding CXX object CMakeFiles/ros_gz_interfaces__rosidl_typesupport_fastrtps_cpp.dir/rosidl_typesupport_fastrtps_cpp/ros_gz_interfaces/msg/detail/dds_fastrtps/entity_wrench__type_support.cpp.o[0m
[5.211s] [ 22%] [32mBuilding CXX object CMakeFiles/ros_gz_interfaces__rosidl_typesupport_fastrtps_cpp.dir/rosidl_typesupport_fastrtps_cpp/ros_gz_interfaces/msg/detail/dds_fastrtps/entity_factory__type_support.cpp.o[0m
[5.657s] [ 23%] [32mBuilding CXX object CMakeFiles/ros_gz_interfaces__rosidl_typesupport_fastrtps_cpp.dir/rosidl_typesupport_fastrtps_cpp/ros_gz_interfaces/msg/detail/dds_fastrtps/float32_array__type_support.cpp.o[0m
[5.679s] [ 23%] [32mBuilding CXX object CMakeFiles/ros_gz_interfaces__rosidl_typesupport_fastrtps_cpp.dir/rosidl_typesupport_fastrtps_cpp/ros_gz_interfaces/msg/detail/dds_fastrtps/gui_camera__type_support.cpp.o[0m
[5.705s] [ 24%] [32mBuilding CXX object CMakeFiles/ros_gz_interfaces__rosidl_typesupport_fastrtps_cpp.dir/rosidl_typesupport_fastrtps_cpp/ros_gz_interfaces/msg/detail/dds_fastrtps/joint_wrench__type_support.cpp.o[0m
[5.753s] [ 24%] [32mBuilding CXX object CMakeFiles/ros_gz_interfaces__rosidl_typesupport_fastrtps_cpp.dir/rosidl_typesupport_fastrtps_cpp/ros_gz_interfaces/msg/detail/dds_fastrtps/light__type_support.cpp.o[0m
[5.789s] [ 25%] [32mBuilding CXX object CMakeFiles/ros_gz_interfaces__rosidl_typesupport_fastrtps_cpp.dir/rosidl_typesupport_fastrtps_cpp/ros_gz_interfaces/msg/detail/dds_fastrtps/material_color__type_support.cpp.o[0m
[5.790s] [ 25%] [32mBuilding CXX object CMakeFiles/ros_gz_interfaces__rosidl_typesupport_fastrtps_cpp.dir/rosidl_typesupport_fastrtps_cpp/ros_gz_interfaces/msg/detail/dds_fastrtps/param_vec__type_support.cpp.o[0m
[5.960s] [ 26%] [32mBuilding CXX object CMakeFiles/ros_gz_interfaces__rosidl_typesupport_fastrtps_cpp.dir/rosidl_typesupport_fastrtps_cpp/ros_gz_interfaces/msg/detail/dds_fastrtps/sensor_noise__type_support.cpp.o[0m
[6.299s] [ 26%] [32mBuilding CXX object CMakeFiles/ros_gz_interfaces__rosidl_typesupport_cpp.dir/rosidl_typesupport_cpp/ros_gz_interfaces/msg/altimeter__type_support.cpp.o[0m
[6.362s] [ 27%] [32mBuilding CXX object CMakeFiles/ros_gz_interfaces__rosidl_typesupport_cpp.dir/rosidl_typesupport_cpp/ros_gz_interfaces/msg/contact__type_support.cpp.o[0m
[6.362s] [ 27%] [32mBuilding CXX object CMakeFiles/ros_gz_interfaces__rosidl_typesupport_fastrtps_cpp.dir/rosidl_typesupport_fastrtps_cpp/ros_gz_interfaces/msg/detail/dds_fastrtps/string_vec__type_support.cpp.o[0m
[6.425s] [ 27%] [32mBuilding CXX object CMakeFiles/ros_gz_interfaces__rosidl_typesupport_cpp.dir/rosidl_typesupport_cpp/ros_gz_interfaces/msg/contacts__type_support.cpp.o[0m
[6.503s] [ 28%] [32mBuilding CXX object CMakeFiles/ros_gz_interfaces__rosidl_typesupport_cpp.dir/rosidl_typesupport_cpp/ros_gz_interfaces/msg/dataframe__type_support.cpp.o[0m
[6.513s] [ 28%] [32mBuilding CXX object CMakeFiles/ros_gz_interfaces__rosidl_typesupport_cpp.dir/rosidl_typesupport_cpp/ros_gz_interfaces/msg/entity__type_support.cpp.o[0m
[6.591s] [ 29%] [32mBuilding CXX object CMakeFiles/ros_gz_interfaces__rosidl_typesupport_cpp.dir/rosidl_typesupport_cpp/ros_gz_interfaces/msg/entity_factory__type_support.cpp.o[0m
[6.628s] [ 29%] [32mBuilding CXX object CMakeFiles/ros_gz_interfaces__rosidl_typesupport_c.dir/rosidl_typesupport_c/ros_gz_interfaces/msg/altimeter__type_support.cpp.o[0m
[6.690s] [ 30%] [32mBuilding CXX object CMakeFiles/ros_gz_interfaces__rosidl_typesupport_c.dir/rosidl_typesupport_c/ros_gz_interfaces/msg/contact__type_support.cpp.o[0m
[6.694s] [ 30%] [32mBuilding C object CMakeFiles/ros_gz_interfaces__rosidl_typesupport_introspection_c.dir/rosidl_typesupport_introspection_c/ros_gz_interfaces/msg/detail/altimeter__type_support.c.o[0m
[6.754s] [ 30%] [32mBuilding CXX object CMakeFiles/ros_gz_interfaces__rosidl_typesupport_c.dir/rosidl_typesupport_c/ros_gz_interfaces/msg/contacts__type_support.cpp.o[0m
[6.767s] [ 31%] [32mBuilding C object CMakeFiles/ros_gz_interfaces__rosidl_typesupport_introspection_c.dir/rosidl_typesupport_introspection_c/ros_gz_interfaces/msg/detail/contact__type_support.c.o[0m
[6.786s] [ 32%] [32mBuilding CXX object CMakeFiles/ros_gz_interfaces__rosidl_typesupport_c.dir/rosidl_typesupport_c/ros_gz_interfaces/msg/dataframe__type_support.cpp.o[0m
[6.797s] [ 32%] [32mBuilding CXX object CMakeFiles/ros_gz_interfaces__rosidl_typesupport_cpp.dir/rosidl_typesupport_cpp/ros_gz_interfaces/msg/entity_wrench__type_support.cpp.o[0m
[6.822s] [ 32%] [32mBuilding C object CMakeFiles/ros_gz_interfaces__rosidl_typesupport_introspection_c.dir/rosidl_typesupport_introspection_c/ros_gz_interfaces/msg/detail/contacts__type_support.c.o[0m
[6.826s] [ 33%] [32mBuilding CXX object CMakeFiles/ros_gz_interfaces__rosidl_typesupport_fastrtps_cpp.dir/rosidl_typesupport_fastrtps_cpp/ros_gz_interfaces/msg/detail/dds_fastrtps/track_visual__type_support.cpp.o[0m
[6.836s] [ 33%] [32mBuilding CXX object CMakeFiles/ros_gz_interfaces__rosidl_typesupport_fastrtps_cpp.dir/rosidl_typesupport_fastrtps_cpp/ros_gz_interfaces/msg/detail/dds_fastrtps/video_record__type_support.cpp.o[0m
[6.854s] [ 34%] [32mBuilding CXX object CMakeFiles/ros_gz_interfaces__rosidl_typesupport_c.dir/rosidl_typesupport_c/ros_gz_interfaces/msg/entity_factory__type_support.cpp.o[0m
[6.857s] [ 34%] [32mBuilding CXX object CMakeFiles/ros_gz_interfaces__rosidl_typesupport_c.dir/rosidl_typesupport_c/ros_gz_interfaces/msg/entity__type_support.cpp.o[0m
[6.863s] [ 35%] [32mBuilding C object CMakeFiles/ros_gz_interfaces__rosidl_typesupport_introspection_c.dir/rosidl_typesupport_introspection_c/ros_gz_interfaces/msg/detail/dataframe__type_support.c.o[0m
[6.876s] [ 35%] [32mBuilding CXX object CMakeFiles/ros_gz_interfaces__rosidl_typesupport_c.dir/rosidl_typesupport_c/ros_gz_interfaces/msg/entity_wrench__type_support.cpp.o[0m
[6.878s] [ 35%] [32mBuilding CXX object CMakeFiles/ros_gz_interfaces__rosidl_typesupport_fastrtps_cpp.dir/rosidl_typesupport_fastrtps_cpp/ros_gz_interfaces/msg/detail/dds_fastrtps/world_control__type_support.cpp.o[0m
[6.898s] [ 35%] [32mBuilding CXX object CMakeFiles/ros_gz_interfaces__rosidl_typesupport_introspection_cpp.dir/rosidl_typesupport_introspection_cpp/ros_gz_interfaces/msg/detail/altimeter__type_support.cpp.o[0m
[6.900s] [ 35%] [32mBuilding CXX object CMakeFiles/ros_gz_interfaces__rosidl_typesupport_c.dir/rosidl_typesupport_c/ros_gz_interfaces/msg/float32_array__type_support.cpp.o[0m
[6.911s] [ 35%] [32mBuilding C object CMakeFiles/ros_gz_interfaces__rosidl_typesupport_introspection_c.dir/rosidl_typesupport_introspection_c/ros_gz_interfaces/msg/detail/entity__type_support.c.o[0m
[6.926s] [ 36%] [32mBuilding C object CMakeFiles/ros_gz_interfaces__rosidl_typesupport_introspection_c.dir/rosidl_typesupport_introspection_c/ros_gz_interfaces/msg/detail/entity_factory__type_support.c.o[0m
[6.927s] [ 37%] [32mBuilding CXX object CMakeFiles/ros_gz_interfaces__rosidl_typesupport_introspection_cpp.dir/rosidl_typesupport_introspection_cpp/ros_gz_interfaces/msg/detail/contact__type_support.cpp.o[0m
[6.947s] [ 38%] [32mBuilding CXX object CMakeFiles/ros_gz_interfaces__rosidl_typesupport_c.dir/rosidl_typesupport_c/ros_gz_interfaces/msg/gui_camera__type_support.cpp.o[0m
[6.967s] [ 38%] [32mBuilding C object CMakeFiles/ros_gz_interfaces__rosidl_typesupport_introspection_c.dir/rosidl_typesupport_introspection_c/ros_gz_interfaces/msg/detail/entity_wrench__type_support.c.o[0m
[6.976s] [ 39%] [32mBuilding C object CMakeFiles/ros_gz_interfaces__rosidl_typesupport_introspection_c.dir/rosidl_typesupport_introspection_c/ros_gz_interfaces/msg/detail/float32_array__type_support.c.o[0m
[6.993s] [ 39%] [32mBuilding CXX object CMakeFiles/ros_gz_interfaces__rosidl_typesupport_introspection_cpp.dir/rosidl_typesupport_introspection_cpp/ros_gz_interfaces/msg/detail/contacts__type_support.cpp.o[0m
[7.002s] [ 39%] [32mBuilding CXX object CMakeFiles/ros_gz_interfaces__rosidl_typesupport_c.dir/rosidl_typesupport_c/ros_gz_interfaces/msg/joint_wrench__type_support.cpp.o[0m
[7.023s] [ 40%] [32mBuilding CXX object CMakeFiles/ros_gz_interfaces__rosidl_typesupport_c.dir/rosidl_typesupport_c/ros_gz_interfaces/msg/light__type_support.cpp.o[0m
[7.039s] [ 40%] [32mBuilding C object CMakeFiles/ros_gz_interfaces__rosidl_typesupport_introspection_c.dir/rosidl_typesupport_introspection_c/ros_gz_interfaces/msg/detail/gui_camera__type_support.c.o[0m
[7.045s] [ 41%] [32mBuilding CXX object CMakeFiles/ros_gz_interfaces__rosidl_typesupport_cpp.dir/rosidl_typesupport_cpp/ros_gz_interfaces/msg/float32_array__type_support.cpp.o[0m
[7.060s] [ 42%] [32mBuilding C object CMakeFiles/ros_gz_interfaces__rosidl_typesupport_introspection_c.dir/rosidl_typesupport_introspection_c/ros_gz_interfaces/msg/detail/joint_wrench__type_support.c.o[0m
[7.095s] [ 42%] [32mBuilding CXX object CMakeFiles/ros_gz_interfaces__rosidl_typesupport_c.dir/rosidl_typesupport_c/ros_gz_interfaces/msg/material_color__type_support.cpp.o[0m
[7.101s] [ 42%] [32mBuilding CXX object CMakeFiles/ros_gz_interfaces__rosidl_typesupport_cpp.dir/rosidl_typesupport_cpp/ros_gz_interfaces/msg/gui_camera__type_support.cpp.o[0m
[7.116s] [ 42%] [32mBuilding C object CMakeFiles/ros_gz_interfaces__rosidl_typesupport_introspection_c.dir/rosidl_typesupport_introspection_c/ros_gz_interfaces/msg/detail/light__type_support.c.o[0m
[7.140s] [ 42%] [32mBuilding CXX object CMakeFiles/ros_gz_interfaces__rosidl_typesupport_cpp.dir/rosidl_typesupport_cpp/ros_gz_interfaces/msg/joint_wrench__type_support.cpp.o[0m
[7.180s] [ 43%] [32mBuilding CXX object CMakeFiles/ros_gz_interfaces__rosidl_typesupport_c.dir/rosidl_typesupport_c/ros_gz_interfaces/msg/param_vec__type_support.cpp.o[0m
[7.198s] [ 44%] [32mBuilding C object CMakeFiles/ros_gz_interfaces__rosidl_typesupport_introspection_c.dir/rosidl_typesupport_introspection_c/ros_gz_interfaces/msg/detail/material_color__type_support.c.o[0m
[7.218s] [ 44%] [32mBuilding CXX object CMakeFiles/ros_gz_interfaces__rosidl_typesupport_c.dir/rosidl_typesupport_c/ros_gz_interfaces/msg/sensor_noise__type_support.cpp.o[0m
[7.268s] [ 45%] [32mBuilding CXX object CMakeFiles/ros_gz_interfaces__rosidl_typesupport_c.dir/rosidl_typesupport_c/ros_gz_interfaces/msg/string_vec__type_support.cpp.o[0m
[7.280s] [ 45%] [32mBuilding C object CMakeFiles/ros_gz_interfaces__rosidl_typesupport_introspection_c.dir/rosidl_typesupport_introspection_c/ros_gz_interfaces/msg/detail/param_vec__type_support.c.o[0m
[7.302s] [ 46%] [32mBuilding CXX object CMakeFiles/ros_gz_interfaces__rosidl_typesupport_cpp.dir/rosidl_typesupport_cpp/ros_gz_interfaces/msg/light__type_support.cpp.o[0m
[7.308s] [ 47%] [32mBuilding CXX object CMakeFiles/ros_gz_interfaces__rosidl_typesupport_fastrtps_cpp.dir/rosidl_typesupport_fastrtps_cpp/ros_gz_interfaces/msg/detail/dds_fastrtps/world_reset__type_support.cpp.o[0m
[7.326s] [ 47%] [32mBuilding CXX object CMakeFiles/ros_gz_interfaces__rosidl_typesupport_c.dir/rosidl_typesupport_c/ros_gz_interfaces/msg/track_visual__type_support.cpp.o[0m
[7.361s] [ 48%] [32mBuilding C object CMakeFiles/ros_gz_interfaces__rosidl_typesupport_introspection_c.dir/rosidl_typesupport_introspection_c/ros_gz_interfaces/msg/detail/sensor_noise__type_support.c.o[0m
[7.368s] [ 48%] [32mBuilding CXX object CMakeFiles/ros_gz_interfaces__rosidl_typesupport_fastrtps_c.dir/rosidl_typesupport_fastrtps_c/ros_gz_interfaces/msg/detail/altimeter__type_support_c.cpp.o[0m
[7.389s] [ 49%] [32mBuilding CXX object CMakeFiles/ros_gz_interfaces__rosidl_typesupport_c.dir/rosidl_typesupport_c/ros_gz_interfaces/msg/video_record__type_support.cpp.o[0m
[7.412s] [ 49%] [32mBuilding C object CMakeFiles/ros_gz_interfaces__rosidl_typesupport_introspection_c.dir/rosidl_typesupport_introspection_c/ros_gz_interfaces/msg/detail/string_vec__type_support.c.o[0m
[7.415s] [ 50%] [32mBuilding CXX object CMakeFiles/ros_gz_interfaces__rosidl_typesupport_fastrtps_c.dir/rosidl_typesupport_fastrtps_c/ros_gz_interfaces/msg/detail/contact__type_support_c.cpp.o[0m
[7.427s] [ 50%] [32mBuilding CXX object CMakeFiles/ros_gz_interfaces__rosidl_typesupport_c.dir/rosidl_typesupport_c/ros_gz_interfaces/msg/world_control__type_support.cpp.o[0m
[7.469s] [ 51%] [32mBuilding CXX object CMakeFiles/ros_gz_interfaces__rosidl_typesupport_fastrtps_c.dir/rosidl_typesupport_fastrtps_c/ros_gz_interfaces/msg/detail/contacts__type_support_c.cpp.o[0m
[7.472s] [ 51%] [32mBuilding CXX object CMakeFiles/ros_gz_interfaces__rosidl_typesupport_c.dir/rosidl_typesupport_c/ros_gz_interfaces/msg/world_reset__type_support.cpp.o[0m
[7.477s] [ 51%] [32mBuilding CXX object CMakeFiles/ros_gz_interfaces__rosidl_typesupport_c.dir/rosidl_typesupport_c/ros_gz_interfaces/srv/control_world__type_support.cpp.o[0m
[7.491s] [ 52%] [32mBuilding C object CMakeFiles/ros_gz_interfaces__rosidl_typesupport_introspection_c.dir/rosidl_typesupport_introspection_c/ros_gz_interfaces/msg/detail/track_visual__type_support.c.o[0m
[7.518s] [ 53%] [32mBuilding CXX object CMakeFiles/ros_gz_interfaces__rosidl_typesupport_c.dir/rosidl_typesupport_c/ros_gz_interfaces/srv/delete_entity__type_support.cpp.o[0m
[7.535s] [ 53%] [32mBuilding CXX object CMakeFiles/ros_gz_interfaces__rosidl_typesupport_c.dir/rosidl_typesupport_c/ros_gz_interfaces/srv/set_entity_pose__type_support.cpp.o[0m
[7.543s] [ 53%] [32mBuilding CXX object CMakeFiles/ros_gz_interfaces__rosidl_typesupport_fastrtps_cpp.dir/rosidl_typesupport_fastrtps_cpp/ros_gz_interfaces/srv/detail/dds_fastrtps/control_world__type_support.cpp.o[0m
[7.547s] [ 53%] [32mBuilding C object CMakeFiles/ros_gz_interfaces__rosidl_typesupport_introspection_c.dir/rosidl_typesupport_introspection_c/ros_gz_interfaces/msg/detail/video_record__type_support.c.o[0m
[7.555s] [ 54%] [32mBuilding CXX object CMakeFiles/ros_gz_interfaces__rosidl_typesupport_fastrtps_c.dir/rosidl_typesupport_fastrtps_c/ros_gz_interfaces/msg/detail/dataframe__type_support_c.cpp.o[0m
[7.566s] [ 55%] [32mBuilding CXX object CMakeFiles/ros_gz_interfaces__rosidl_typesupport_fastrtps_cpp.dir/rosidl_typesupport_fastrtps_cpp/ros_gz_interfaces/srv/detail/dds_fastrtps/delete_entity__type_support.cpp.o[0m
[7.583s] [ 55%] [32mBuilding CXX object CMakeFiles/ros_gz_interfaces__rosidl_typesupport_cpp.dir/rosidl_typesupport_cpp/ros_gz_interfaces/msg/material_color__type_support.cpp.o[0m
[7.591s] [ 56%] [32mBuilding C object CMakeFiles/ros_gz_interfaces__rosidl_typesupport_introspection_c.dir/rosidl_typesupport_introspection_c/ros_gz_interfaces/msg/detail/world_control__type_support.c.o[0m
[7.592s] [ 57%] [32mBuilding CXX object CMakeFiles/ros_gz_interfaces__rosidl_typesupport_introspection_cpp.dir/rosidl_typesupport_introspection_cpp/ros_gz_interfaces/msg/detail/dataframe__type_support.cpp.o[0m
[7.604s] [ 58%] [32mBuilding CXX object CMakeFiles/ros_gz_interfaces__rosidl_typesupport_c.dir/rosidl_typesupport_c/ros_gz_interfaces/srv/spawn_entity__type_support.cpp.o[0m
[7.620s] [ 59%] [32mBuilding CXX object CMakeFiles/ros_gz_interfaces__rosidl_typesupport_cpp.dir/rosidl_typesupport_cpp/ros_gz_interfaces/msg/param_vec__type_support.cpp.o[0m
[7.662s] [ 59%] [32mBuilding C object CMakeFiles/ros_gz_interfaces__rosidl_typesupport_introspection_c.dir/rosidl_typesupport_introspection_c/ros_gz_interfaces/msg/detail/world_reset__type_support.c.o[0m
[7.677s] [ 59%] [32m[1mLinking CXX shared library libros_gz_interfaces__rosidl_typesupport_c.so[0m
[7.749s] [ 60%] [32mBuilding C object CMakeFiles/ros_gz_interfaces__rosidl_typesupport_introspection_c.dir/rosidl_typesupport_introspection_c/ros_gz_interfaces/srv/detail/control_world__type_support.c.o[0m
[7.808s] [ 60%] [32mBuilding C object CMakeFiles/ros_gz_interfaces__rosidl_typesupport_introspection_c.dir/rosidl_typesupport_introspection_c/ros_gz_interfaces/srv/detail/delete_entity__type_support.c.o[0m
[7.823s] [ 60%] Built target ros_gz_interfaces__rosidl_typesupport_c
[7.825s] [ 60%] [32mBuilding CXX object CMakeFiles/ros_gz_interfaces__rosidl_typesupport_introspection_cpp.dir/rosidl_typesupport_introspection_cpp/ros_gz_interfaces/msg/detail/entity__type_support.cpp.o[0m
[7.841s] [ 61%] [32mBuilding CXX object CMakeFiles/ros_gz_interfaces__rosidl_typesupport_introspection_cpp.dir/rosidl_typesupport_introspection_cpp/ros_gz_interfaces/msg/detail/entity_factory__type_support.cpp.o[0m
[7.846s] [ 61%] [32mBuilding CXX object CMakeFiles/ros_gz_interfaces__rosidl_typesupport_fastrtps_cpp.dir/rosidl_typesupport_fastrtps_cpp/ros_gz_interfaces/srv/detail/dds_fastrtps/set_entity_pose__type_support.cpp.o[0m
[7.855s] [ 61%] [32mBuilding CXX object CMakeFiles/ros_gz_interfaces__rosidl_typesupport_cpp.dir/rosidl_typesupport_cpp/ros_gz_interfaces/msg/sensor_noise__type_support.cpp.o[0m
[7.896s] [ 61%] [32mBuilding C object CMakeFiles/ros_gz_interfaces__rosidl_typesupport_introspection_c.dir/rosidl_typesupport_introspection_c/ros_gz_interfaces/srv/detail/set_entity_pose__type_support.c.o[0m
[7.938s] [ 61%] [32mBuilding CXX object CMakeFiles/ros_gz_interfaces__rosidl_typesupport_introspection_cpp.dir/rosidl_typesupport_introspection_cpp/ros_gz_interfaces/msg/detail/entity_wrench__type_support.cpp.o[0m
[7.950s] [ 62%] [32mBuilding CXX object CMakeFiles/ros_gz_interfaces__rosidl_typesupport_fastrtps_cpp.dir/rosidl_typesupport_fastrtps_cpp/ros_gz_interfaces/srv/detail/dds_fastrtps/spawn_entity__type_support.cpp.o[0m
[7.964s] [ 63%] [32mBuilding CXX object CMakeFiles/ros_gz_interfaces__rosidl_typesupport_introspection_cpp.dir/rosidl_typesupport_introspection_cpp/ros_gz_interfaces/msg/detail/float32_array__type_support.cpp.o[0m
[7.979s] [ 64%] [32mBuilding C object CMakeFiles/ros_gz_interfaces__rosidl_typesupport_introspection_c.dir/rosidl_typesupport_introspection_c/ros_gz_interfaces/srv/detail/spawn_entity__type_support.c.o[0m
[7.994s] [ 64%] [32mBuilding CXX object CMakeFiles/ros_gz_interfaces__rosidl_typesupport_introspection_cpp.dir/rosidl_typesupport_introspection_cpp/ros_gz_interfaces/msg/detail/gui_camera__type_support.cpp.o[0m
[8.042s] [ 64%] [32mBuilding CXX object CMakeFiles/ros_gz_interfaces__rosidl_typesupport_fastrtps_c.dir/rosidl_typesupport_fastrtps_c/ros_gz_interfaces/msg/detail/entity__type_support_c.cpp.o[0m
[8.067s] [ 64%] [32m[1mLinking C shared library libros_gz_interfaces__rosidl_typesupport_introspection_c.so[0m
[8.068s] [ 65%] [32mBuilding CXX object CMakeFiles/ros_gz_interfaces__rosidl_typesupport_cpp.dir/rosidl_typesupport_cpp/ros_gz_interfaces/msg/string_vec__type_support.cpp.o[0m
[8.129s] [ 66%] [32mBuilding CXX object CMakeFiles/ros_gz_interfaces__rosidl_typesupport_introspection_cpp.dir/rosidl_typesupport_introspection_cpp/ros_gz_interfaces/msg/detail/joint_wrench__type_support.cpp.o[0m
[8.168s] [ 66%] Built target ros_gz_interfaces__rosidl_typesupport_introspection_c
[8.188s] [ 67%] [32mBuilding CXX object CMakeFiles/ros_gz_interfaces__rosidl_typesupport_fastrtps_c.dir/rosidl_typesupport_fastrtps_c/ros_gz_interfaces/msg/detail/entity_factory__type_support_c.cpp.o[0m
[8.248s] [ 67%] [32mBuilding CXX object CMakeFiles/ros_gz_interfaces__rosidl_typesupport_cpp.dir/rosidl_typesupport_cpp/ros_gz_interfaces/msg/track_visual__type_support.cpp.o[0m
[8.294s] [ 68%] [32mBuilding CXX object CMakeFiles/ros_gz_interfaces__rosidl_typesupport_cpp.dir/rosidl_typesupport_cpp/ros_gz_interfaces/msg/video_record__type_support.cpp.o[0m
[8.365s] [ 68%] [32mBuilding CXX object CMakeFiles/ros_gz_interfaces__rosidl_typesupport_fastrtps_c.dir/rosidl_typesupport_fastrtps_c/ros_gz_interfaces/msg/detail/entity_wrench__type_support_c.cpp.o[0m
[8.384s] [ 68%] [32mBuilding CXX object CMakeFiles/ros_gz_interfaces__rosidl_typesupport_cpp.dir/rosidl_typesupport_cpp/ros_gz_interfaces/msg/world_control__type_support.cpp.o[0m
[8.420s] [ 69%] [32mBuilding CXX object CMakeFiles/ros_gz_interfaces__rosidl_typesupport_cpp.dir/rosidl_typesupport_cpp/ros_gz_interfaces/msg/world_reset__type_support.cpp.o[0m
[8.501s] [ 69%] [32mBuilding CXX object CMakeFiles/ros_gz_interfaces__rosidl_typesupport_introspection_cpp.dir/rosidl_typesupport_introspection_cpp/ros_gz_interfaces/msg/detail/light__type_support.cpp.o[0m
[8.517s] [ 69%] [32m[1mLinking CXX shared library libros_gz_interfaces__rosidl_typesupport_fastrtps_cpp.so[0m
[8.518s] [ 70%] [32mBuilding CXX object CMakeFiles/ros_gz_interfaces__rosidl_typesupport_fastrtps_c.dir/rosidl_typesupport_fastrtps_c/ros_gz_interfaces/msg/detail/float32_array__type_support_c.cpp.o[0m
[8.531s] [ 71%] [32mBuilding CXX object CMakeFiles/ros_gz_interfaces__rosidl_typesupport_introspection_cpp.dir/rosidl_typesupport_introspection_cpp/ros_gz_interfaces/msg/detail/material_color__type_support.cpp.o[0m
[8.676s] [ 71%] [32mBuilding CXX object CMakeFiles/ros_gz_interfaces__rosidl_typesupport_introspection_cpp.dir/rosidl_typesupport_introspection_cpp/ros_gz_interfaces/msg/detail/param_vec__type_support.cpp.o[0m
[8.710s] [ 71%] Built target ros_gz_interfaces__rosidl_typesupport_fastrtps_cpp
[8.711s] [ 71%] [32mBuilding CXX object CMakeFiles/ros_gz_interfaces__rosidl_typesupport_fastrtps_c.dir/rosidl_typesupport_fastrtps_c/ros_gz_interfaces/msg/detail/gui_camera__type_support_c.cpp.o[0m
[8.716s] [ 71%] [32mBuilding CXX object CMakeFiles/ros_gz_interfaces__rosidl_typesupport_cpp.dir/rosidl_typesupport_cpp/ros_gz_interfaces/srv/control_world__type_support.cpp.o[0m
[8.719s] [ 72%] [32mBuilding CXX object CMakeFiles/ros_gz_interfaces__rosidl_typesupport_cpp.dir/rosidl_typesupport_cpp/ros_gz_interfaces/srv/delete_entity__type_support.cpp.o[0m
[8.720s] [ 72%] [32mBuilding CXX object CMakeFiles/ros_gz_interfaces__rosidl_typesupport_fastrtps_c.dir/rosidl_typesupport_fastrtps_c/ros_gz_interfaces/msg/detail/light__type_support_c.cpp.o[0m
[8.728s] [ 73%] [32mBuilding CXX object CMakeFiles/ros_gz_interfaces__rosidl_typesupport_fastrtps_c.dir/rosidl_typesupport_fastrtps_c/ros_gz_interfaces/msg/detail/joint_wrench__type_support_c.cpp.o[0m
[8.801s] [ 74%] [32mBuilding CXX object CMakeFiles/ros_gz_interfaces__rosidl_typesupport_introspection_cpp.dir/rosidl_typesupport_introspection_cpp/ros_gz_interfaces/msg/detail/sensor_noise__type_support.cpp.o[0m
[8.811s] [ 74%] [32mBuilding CXX object CMakeFiles/ros_gz_interfaces__rosidl_typesupport_cpp.dir/rosidl_typesupport_cpp/ros_gz_interfaces/srv/set_entity_pose__type_support.cpp.o[0m
[8.859s] [ 75%] [32mBuilding CXX object CMakeFiles/ros_gz_interfaces__rosidl_typesupport_cpp.dir/rosidl_typesupport_cpp/ros_gz_interfaces/srv/spawn_entity__type_support.cpp.o[0m
[8.960s] [ 76%] [32mBuilding CXX object CMakeFiles/ros_gz_interfaces__rosidl_typesupport_fastrtps_c.dir/rosidl_typesupport_fastrtps_c/ros_gz_interfaces/msg/detail/material_color__type_support_c.cpp.o[0m
[9.013s] [ 76%] [32mBuilding CXX object CMakeFiles/ros_gz_interfaces__rosidl_typesupport_fastrtps_c.dir/rosidl_typesupport_fastrtps_c/ros_gz_interfaces/msg/detail/param_vec__type_support_c.cpp.o[0m
[9.096s] [ 76%] [32mBuilding CXX object CMakeFiles/ros_gz_interfaces__rosidl_typesupport_introspection_cpp.dir/rosidl_typesupport_introspection_cpp/ros_gz_interfaces/msg/detail/string_vec__type_support.cpp.o[0m
[9.107s] [ 77%] [32mBuilding CXX object CMakeFiles/ros_gz_interfaces__rosidl_typesupport_introspection_cpp.dir/rosidl_typesupport_introspection_cpp/ros_gz_interfaces/msg/detail/track_visual__type_support.cpp.o[0m
[9.109s] [ 77%] [32mBuilding CXX object CMakeFiles/ros_gz_interfaces__rosidl_typesupport_introspection_cpp.dir/rosidl_typesupport_introspection_cpp/ros_gz_interfaces/msg/detail/video_record__type_support.cpp.o[0m
[9.179s] [ 78%] [32mBuilding CXX object CMakeFiles/ros_gz_interfaces__rosidl_typesupport_introspection_cpp.dir/rosidl_typesupport_introspection_cpp/ros_gz_interfaces/msg/detail/world_control__type_support.cpp.o[0m
[9.187s] [ 79%] [32mBuilding CXX object CMakeFiles/ros_gz_interfaces__rosidl_typesupport_fastrtps_c.dir/rosidl_typesupport_fastrtps_c/ros_gz_interfaces/msg/detail/sensor_noise__type_support_c.cpp.o[0m
[9.200s] [ 79%] [32mBuilding CXX object CMakeFiles/ros_gz_interfaces__rosidl_typesupport_introspection_cpp.dir/rosidl_typesupport_introspection_cpp/ros_gz_interfaces/msg/detail/world_reset__type_support.cpp.o[0m
[9.207s] [ 80%] [32mBuilding CXX object CMakeFiles/ros_gz_interfaces__rosidl_typesupport_introspection_cpp.dir/rosidl_typesupport_introspection_cpp/ros_gz_interfaces/srv/detail/control_world__type_support.cpp.o[0m
[9.228s] [ 80%] [32m[1mLinking CXX shared library libros_gz_interfaces__rosidl_typesupport_cpp.so[0m
[9.328s] [ 80%] [32mBuilding CXX object CMakeFiles/ros_gz_interfaces__rosidl_typesupport_fastrtps_c.dir/rosidl_typesupport_fastrtps_c/ros_gz_interfaces/msg/detail/string_vec__type_support_c.cpp.o[0m
[9.333s] [ 80%] Built target ros_gz_interfaces__rosidl_typesupport_cpp
[9.345s] [ 80%] [32mBuilding CXX object CMakeFiles/ros_gz_interfaces__rosidl_typesupport_fastrtps_c.dir/rosidl_typesupport_fastrtps_c/ros_gz_interfaces/msg/detail/track_visual__type_support_c.cpp.o[0m
[9.366s] [ 81%] [32mBuilding CXX object CMakeFiles/ros_gz_interfaces__rosidl_typesupport_fastrtps_c.dir/rosidl_typesupport_fastrtps_c/ros_gz_interfaces/msg/detail/video_record__type_support_c.cpp.o[0m
[9.402s] [ 81%] [32mBuilding CXX object CMakeFiles/ros_gz_interfaces__rosidl_typesupport_introspection_cpp.dir/rosidl_typesupport_introspection_cpp/ros_gz_interfaces/srv/detail/delete_entity__type_support.cpp.o[0m
[9.539s] [ 82%] [32mBuilding CXX object CMakeFiles/ros_gz_interfaces__rosidl_typesupport_introspection_cpp.dir/rosidl_typesupport_introspection_cpp/ros_gz_interfaces/srv/detail/set_entity_pose__type_support.cpp.o[0m
[9.647s] [ 82%] [32mBuilding CXX object CMakeFiles/ros_gz_interfaces__rosidl_typesupport_introspection_cpp.dir/rosidl_typesupport_introspection_cpp/ros_gz_interfaces/srv/detail/spawn_entity__type_support.cpp.o[0m
[9.652s] [ 82%] [32mBuilding CXX object CMakeFiles/ros_gz_interfaces__rosidl_typesupport_fastrtps_c.dir/rosidl_typesupport_fastrtps_c/ros_gz_interfaces/msg/detail/world_control__type_support_c.cpp.o[0m
[9.673s] [ 83%] [32mBuilding CXX object CMakeFiles/ros_gz_interfaces__rosidl_typesupport_fastrtps_c.dir/rosidl_typesupport_fastrtps_c/ros_gz_interfaces/msg/detail/world_reset__type_support_c.cpp.o[0m
[9.708s] [ 83%] [32mBuilding CXX object CMakeFiles/ros_gz_interfaces__rosidl_typesupport_fastrtps_c.dir/rosidl_typesupport_fastrtps_c/ros_gz_interfaces/srv/detail/control_world__type_support_c.cpp.o[0m
[9.728s] [ 84%] [32mBuilding CXX object CMakeFiles/ros_gz_interfaces__rosidl_typesupport_fastrtps_c.dir/rosidl_typesupport_fastrtps_c/ros_gz_interfaces/srv/detail/delete_entity__type_support_c.cpp.o[0m
[9.752s] [ 84%] [32mBuilding CXX object CMakeFiles/ros_gz_interfaces__rosidl_typesupport_fastrtps_c.dir/rosidl_typesupport_fastrtps_c/ros_gz_interfaces/srv/detail/set_entity_pose__type_support_c.cpp.o[0m
[9.789s] [ 85%] [32mBuilding CXX object CMakeFiles/ros_gz_interfaces__rosidl_typesupport_fastrtps_c.dir/rosidl_typesupport_fastrtps_c/ros_gz_interfaces/srv/detail/spawn_entity__type_support_c.cpp.o[0m
[10.025s] [ 86%] [32m[1mLinking CXX shared library libros_gz_interfaces__rosidl_typesupport_introspection_cpp.so[0m
[10.104s] [ 86%] Built target ros_gz_interfaces__rosidl_typesupport_introspection_cpp
[10.128s] [ 86%] [32m[1mLinking CXX shared library libros_gz_interfaces__rosidl_typesupport_fastrtps_c.so[0m
[10.187s] [ 86%] Built target ros_gz_interfaces__rosidl_typesupport_fastrtps_c
[10.200s] [ 86%] Built target ros_gz_interfaces
[10.214s] [ 86%] [34m[1mGenerating Python code for ROS interfaces[0m
[13.020s] [ 86%] Built target ros_gz_interfaces__py
[13.035s] [ 88%] [32mBuilding C object CMakeFiles/ros_gz_interfaces__rosidl_generator_py.dir/rosidl_generator_py/ros_gz_interfaces/msg/_entity_s.c.o[0m
[13.035s] [ 88%] [32mBuilding C object CMakeFiles/ros_gz_interfaces__rosidl_generator_py.dir/rosidl_generator_py/ros_gz_interfaces/msg/_entity_factory_s.c.o[0m
[13.035s] [ 88%] [32mBuilding C object CMakeFiles/ros_gz_interfaces__rosidl_generator_py.dir/rosidl_generator_py/ros_gz_interfaces/msg/_contact_s.c.o[0m
[13.035s] [ 88%] [32mBuilding C object CMakeFiles/ros_gz_interfaces__rosidl_generator_py.dir/rosidl_generator_py/ros_gz_interfaces/msg/_contacts_s.c.o[0m
[13.035s] [ 89%] [32mBuilding C object CMakeFiles/ros_gz_interfaces__rosidl_generator_py.dir/rosidl_generator_py/ros_gz_interfaces/msg/_entity_wrench_s.c.o[0m
[13.036s] [ 89%] [32mBuilding C object CMakeFiles/ros_gz_interfaces__rosidl_generator_py.dir/rosidl_generator_py/ros_gz_interfaces/msg/_altimeter_s.c.o[0m
[13.036s] [ 90%] [32mBuilding C object CMakeFiles/ros_gz_interfaces__rosidl_generator_py.dir/rosidl_generator_py/ros_gz_interfaces/msg/_joint_wrench_s.c.o[0m
[13.036s] [ 90%] [32mBuilding C object CMakeFiles/ros_gz_interfaces__rosidl_generator_py.dir/rosidl_generator_py/ros_gz_interfaces/msg/_gui_camera_s.c.o[0m
[13.036s] [ 90%] [32mBuilding C object CMakeFiles/ros_gz_interfaces__rosidl_generator_py.dir/rosidl_generator_py/ros_gz_interfaces/msg/_float32_array_s.c.o[0m
[13.036s] [ 90%] [32mBuilding C object CMakeFiles/ros_gz_interfaces__rosidl_generator_py.dir/rosidl_generator_py/ros_gz_interfaces/msg/_dataframe_s.c.o[0m
[13.042s] [ 91%] [32mBuilding C object CMakeFiles/ros_gz_interfaces__rosidl_generator_py.dir/rosidl_generator_py/ros_gz_interfaces/msg/_light_s.c.o[0m
[13.042s] [ 91%] [32mBuilding C object CMakeFiles/ros_gz_interfaces__rosidl_generator_py.dir/rosidl_generator_py/ros_gz_interfaces/msg/_material_color_s.c.o[0m
[13.151s] [ 91%] [32mBuilding C object CMakeFiles/ros_gz_interfaces__rosidl_generator_py.dir/rosidl_generator_py/ros_gz_interfaces/msg/_track_visual_s.c.o[0m
[13.151s] [ 91%] [32mBuilding C object CMakeFiles/ros_gz_interfaces__rosidl_generator_py.dir/rosidl_generator_py/ros_gz_interfaces/msg/_sensor_noise_s.c.o[0m
[13.151s] [ 93%] [32mBuilding C object CMakeFiles/ros_gz_interfaces__rosidl_generator_py.dir/rosidl_generator_py/ros_gz_interfaces/msg/_string_vec_s.c.o[0m
[13.151s] [ 93%] [32mBuilding C object CMakeFiles/ros_gz_interfaces__rosidl_generator_py.dir/rosidl_generator_py/ros_gz_interfaces/msg/_param_vec_s.c.o[0m
[13.154s] [ 94%] [32mBuilding C object CMakeFiles/ros_gz_interfaces__rosidl_generator_py.dir/rosidl_generator_py/ros_gz_interfaces/msg/_video_record_s.c.o[0m
[13.161s] [ 94%] [32mBuilding C object CMakeFiles/ros_gz_interfaces__rosidl_generator_py.dir/rosidl_generator_py/ros_gz_interfaces/msg/_world_control_s.c.o[0m
[13.162s] [ 95%] [32mBuilding C object CMakeFiles/ros_gz_interfaces__rosidl_generator_py.dir/rosidl_generator_py/ros_gz_interfaces/msg/_world_reset_s.c.o[0m
[13.173s] [ 95%] [32mBuilding C object CMakeFiles/ros_gz_interfaces__rosidl_generator_py.dir/rosidl_generator_py/ros_gz_interfaces/srv/_control_world_s.c.o[0m
[13.196s] [ 95%] [32mBuilding C object CMakeFiles/ros_gz_interfaces__rosidl_generator_py.dir/rosidl_generator_py/ros_gz_interfaces/srv/_set_entity_pose_s.c.o[0m
[13.203s] [ 96%] [32mBuilding C object CMakeFiles/ros_gz_interfaces__rosidl_generator_py.dir/rosidl_generator_py/ros_gz_interfaces/srv/_delete_entity_s.c.o[0m
[13.208s] [ 97%] [32mBuilding C object CMakeFiles/ros_gz_interfaces__rosidl_generator_py.dir/rosidl_generator_py/ros_gz_interfaces/srv/_spawn_entity_s.c.o[0m
[13.308s] [ 97%] [32m[1mLinking C shared library rosidl_generator_py/ros_gz_interfaces/libros_gz_interfaces__rosidl_generator_py.so[0m
[13.338s] [ 97%] Built target ros_gz_interfaces__rosidl_generator_py
[13.351s] [100%] [32mBuilding C object CMakeFiles/ros_gz_interfaces__rosidl_typesupport_fastrtps_c__pyext.dir/rosidl_generator_py/ros_gz_interfaces/_ros_gz_interfaces_s.ep.rosidl_typesupport_fastrtps_c.c.o[0m
[13.351s] [100%] [32mBuilding C object CMakeFiles/ros_gz_interfaces__rosidl_typesupport_c__pyext.dir/rosidl_generator_py/ros_gz_interfaces/_ros_gz_interfaces_s.ep.rosidl_typesupport_c.c.o[0m
[13.351s] [100%] [32mBuilding C object CMakeFiles/ros_gz_interfaces__rosidl_typesupport_introspection_c__pyext.dir/rosidl_generator_py/ros_gz_interfaces/_ros_gz_interfaces_s.ep.rosidl_typesupport_introspection_c.c.o[0m
[13.460s] [100%] [32m[1mLinking C shared library rosidl_generator_py/ros_gz_interfaces/ros_gz_interfaces_s__rosidl_typesupport_introspection_c.cpython-310-x86_64-linux-gnu.so[0m
[13.460s] [100%] [32m[1mLinking C shared library rosidl_generator_py/ros_gz_interfaces/ros_gz_interfaces_s__rosidl_typesupport_c.cpython-310-x86_64-linux-gnu.so[0m
[13.460s] [100%] [32m[1mLinking C shared library rosidl_generator_py/ros_gz_interfaces/ros_gz_interfaces_s__rosidl_typesupport_fastrtps_c.cpython-310-x86_64-linux-gnu.so[0m
[13.489s] [100%] Built target ros_gz_interfaces__rosidl_typesupport_introspection_c__pyext
[13.489s] [100%] Built target ros_gz_interfaces__rosidl_typesupport_fastrtps_c__pyext
[13.489s] [100%] Built target ros_gz_interfaces__rosidl_typesupport_c__pyext
[13.497s] Invoked command in '/home/prithiv/tentacle2/build/ros_gz_interfaces' returned '0': CMAKE_PREFIX_PATH=${CMAKE_PREFIX_PATH}:/home/prithiv/tentacle2/install/tentacle_description:/opt/ros/humble /usr/bin/cmake --build /home/prithiv/tentacle2/build/ros_gz_interfaces -- -j12 -l12
[13.498s] Invoking command in '/home/prithiv/tentacle2/build/ros_gz_interfaces': CMAKE_PREFIX_PATH=${CMAKE_PREFIX_PATH}:/home/prithiv/tentacle2/install/tentacle_description:/opt/ros/humble /usr/bin/cmake --install /home/prithiv/tentacle2/build/ros_gz_interfaces
[13.504s] -- Install configuration: ""
[13.504s] -- Installing: /home/prithiv/tentacle2/install/ros_gz_interfaces/share/ament_index/resource_index/rosidl_interfaces/ros_gz_interfaces
[13.504s] -- Installing: /home/prithiv/tentacle2/install/ros_gz_interfaces/include/ros_gz_interfaces/ros_gz_interfaces
[13.504s] -- Installing: /home/prithiv/tentacle2/install/ros_gz_interfaces/include/ros_gz_interfaces/ros_gz_interfaces/msg
[13.504s] -- Installing: /home/prithiv/tentacle2/install/ros_gz_interfaces/include/ros_gz_interfaces/ros_gz_interfaces/msg/material_color.h
[13.504s] -- Installing: /home/prithiv/tentacle2/install/ros_gz_interfaces/include/ros_gz_interfaces/ros_gz_interfaces/msg/rosidl_generator_c__visibility_control.h
[13.504s] -- Installing: /home/prithiv/tentacle2/install/ros_gz_interfaces/include/ros_gz_interfaces/ros_gz_interfaces/msg/entity_factory.h
[13.504s] -- Installing: /home/prithiv/tentacle2/install/ros_gz_interfaces/include/ros_gz_interfaces/ros_gz_interfaces/msg/entity_wrench.h
[13.504s] -- Installing: /home/prithiv/tentacle2/install/ros_gz_interfaces/include/ros_gz_interfaces/ros_gz_interfaces/msg/contacts.h
[13.504s] -- Installing: /home/prithiv/tentacle2/install/ros_gz_interfaces/include/ros_gz_interfaces/ros_gz_interfaces/msg/string_vec.h
[13.504s] -- Installing: /home/prithiv/tentacle2/install/ros_gz_interfaces/include/ros_gz_interfaces/ros_gz_interfaces/msg/world_control.h
[13.504s] -- Installing: /home/prithiv/tentacle2/install/ros_gz_interfaces/include/ros_gz_interfaces/ros_gz_interfaces/msg/dataframe.h
[13.504s] -- Installing: /home/prithiv/tentacle2/install/ros_gz_interfaces/include/ros_gz_interfaces/ros_gz_interfaces/msg/joint_wrench.h
[13.504s] -- Installing: /home/prithiv/tentacle2/install/ros_gz_interfaces/include/ros_gz_interfaces/ros_gz_interfaces/msg/sensor_noise.h
[13.504s] -- Installing: /home/prithiv/tentacle2/install/ros_gz_interfaces/include/ros_gz_interfaces/ros_gz_interfaces/msg/detail
[13.504s] -- Installing: /home/prithiv/tentacle2/install/ros_gz_interfaces/include/ros_gz_interfaces/ros_gz_interfaces/msg/detail/light__struct.h
[13.504s] -- Installing: /home/prithiv/tentacle2/install/ros_gz_interfaces/include/ros_gz_interfaces/ros_gz_interfaces/msg/detail/entity_wrench__struct.h
[13.504s] -- Installing: /home/prithiv/tentacle2/install/ros_gz_interfaces/include/ros_gz_interfaces/ros_gz_interfaces/msg/detail/sensor_noise__type_support.h
[13.504s] -- Installing: /home/prithiv/tentacle2/install/ros_gz_interfaces/include/ros_gz_interfaces/ros_gz_interfaces/msg/detail/video_record__functions.h
[13.505s] -- Installing: /home/prithiv/tentacle2/install/ros_gz_interfaces/include/ros_gz_interfaces/ros_gz_interfaces/msg/detail/entity_wrench__functions.h
[13.505s] -- Installing: /home/prithiv/tentacle2/install/ros_gz_interfaces/include/ros_gz_interfaces/ros_gz_interfaces/msg/detail/entity__functions.c
[13.505s] -- Installing: /home/prithiv/tentacle2/install/ros_gz_interfaces/include/ros_gz_interfaces/ros_gz_interfaces/msg/detail/contact__struct.h
[13.505s] -- Installing: /home/prithiv/tentacle2/install/ros_gz_interfaces/include/ros_gz_interfaces/ros_gz_interfaces/msg/detail/entity_wrench__functions.c
[13.505s] -- Installing: /home/prithiv/tentacle2/install/ros_gz_interfaces/include/ros_gz_interfaces/ros_gz_interfaces/msg/detail/track_visual__struct.h
[13.505s] -- Installing: /home/prithiv/tentacle2/install/ros_gz_interfaces/include/ros_gz_interfaces/ros_gz_interfaces/msg/detail/entity__type_support.h
[13.505s] -- Installing: /home/prithiv/tentacle2/install/ros_gz_interfaces/include/ros_gz_interfaces/ros_gz_interfaces/msg/detail/dataframe__functions.h
[13.505s] -- Installing: /home/prithiv/tentacle2/install/ros_gz_interfaces/include/ros_gz_interfaces/ros_gz_interfaces/msg/detail/entity_wrench__type_support.h
[13.505s] -- Installing: /home/prithiv/tentacle2/install/ros_gz_interfaces/include/ros_gz_interfaces/ros_gz_interfaces/msg/detail/entity__functions.h
[13.505s] -- Installing: /home/prithiv/tentacle2/install/ros_gz_interfaces/include/ros_gz_interfaces/ros_gz_interfaces/msg/detail/sensor_noise__functions.c
[13.505s] -- Installing: /home/prithiv/tentacle2/install/ros_gz_interfaces/include/ros_gz_interfaces/ros_gz_interfaces/msg/detail/contacts__struct.h
[13.505s] -- Installing: /home/prithiv/tentacle2/install/ros_gz_interfaces/include/ros_gz_interfaces/ros_gz_interfaces/msg/detail/contacts__type_support.h
[13.505s] -- Installing: /home/prithiv/tentacle2/install/ros_gz_interfaces/include/ros_gz_interfaces/ros_gz_interfaces/msg/detail/sensor_noise__functions.h
[13.505s] -- Installing: /home/prithiv/tentacle2/install/ros_gz_interfaces/include/ros_gz_interfaces/ros_gz_interfaces/msg/detail/light__functions.c
[13.505s] -- Installing: /home/prithiv/tentacle2/install/ros_gz_interfaces/include/ros_gz_interfaces/ros_gz_interfaces/msg/detail/entity_factory__functions.c
[13.505s] -- Installing: /home/prithiv/tentacle2/install/ros_gz_interfaces/include/ros_gz_interfaces/ros_gz_interfaces/msg/detail/video_record__functions.c
[13.505s] -- Installing: /home/prithiv/tentacle2/install/ros_gz_interfaces/include/ros_gz_interfaces/ros_gz_interfaces/msg/detail/track_visual__functions.c
[13.505s] -- Installing: /home/prithiv/tentacle2/install/ros_gz_interfaces/include/ros_gz_interfaces/ros_gz_interfaces/msg/detail/track_visual__functions.h
[13.505s] -- Installing: /home/prithiv/tentacle2/install/ros_gz_interfaces/include/ros_gz_interfaces/ros_gz_interfaces/msg/detail/param_vec__functions.h
[13.505s] -- Installing: /home/prithiv/tentacle2/install/ros_gz_interfaces/include/ros_gz_interfaces/ros_gz_interfaces/msg/detail/video_record__struct.h
[13.505s] -- Installing: /home/prithiv/tentacle2/install/ros_gz_interfaces/include/ros_gz_interfaces/ros_gz_interfaces/msg/detail/world_reset__type_support.h
[13.505s] -- Installing: /home/prithiv/tentacle2/install/ros_gz_interfaces/include/ros_gz_interfaces/ros_gz_interfaces/msg/detail/dataframe__type_support.h
[13.505s] -- Installing: /home/prithiv/tentacle2/install/ros_gz_interfaces/include/ros_gz_interfaces/ros_gz_interfaces/msg/detail/entity_factory__struct.h
[13.505s] -- Installing: /home/prithiv/tentacle2/install/ros_gz_interfaces/include/ros_gz_interfaces/ros_gz_interfaces/msg/detail/gui_camera__functions.h
[13.505s] -- Installing: /home/prithiv/tentacle2/install/ros_gz_interfaces/include/ros_gz_interfaces/ros_gz_interfaces/msg/detail/material_color__functions.c
[13.505s] -- Installing: /home/prithiv/tentacle2/install/ros_gz_interfaces/include/ros_gz_interfaces/ros_gz_interfaces/msg/detail/track_visual__type_support.h
[13.506s] -- Installing: /home/prithiv/tentacle2/install/ros_gz_interfaces/include/ros_gz_interfaces/ros_gz_interfaces/msg/detail/world_control__functions.c
[13.506s] -- Installing: /home/prithiv/tentacle2/install/ros_gz_interfaces/include/ros_gz_interfaces/ros_gz_interfaces/msg/detail/altimeter__functions.c
[13.506s] -- Installing: /home/prithiv/tentacle2/install/ros_gz_interfaces/include/ros_gz_interfaces/ros_gz_interfaces/msg/detail/param_vec__struct.h
[13.506s] -- Installing: /home/prithiv/tentacle2/install/ros_gz_interfaces/include/ros_gz_interfaces/ros_gz_interfaces/msg/detail/float32_array__functions.h
[13.506s] -- Installing: /home/prithiv/tentacle2/install/ros_gz_interfaces/include/ros_gz_interfaces/ros_gz_interfaces/msg/detail/light__functions.h
[13.506s] -- Installing: /home/prithiv/tentacle2/install/ros_gz_interfaces/include/ros_gz_interfaces/ros_gz_interfaces/msg/detail/gui_camera__struct.h
[13.506s] -- Installing: /home/prithiv/tentacle2/install/ros_gz_interfaces/include/ros_gz_interfaces/ros_gz_interfaces/msg/detail/entity_factory__type_support.h
[13.506s] -- Installing: /home/prithiv/tentacle2/install/ros_gz_interfaces/include/ros_gz_interfaces/ros_gz_interfaces/msg/detail/joint_wrench__functions.h
[13.506s] -- Installing: /home/prithiv/tentacle2/install/ros_gz_interfaces/include/ros_gz_interfaces/ros_gz_interfaces/msg/detail/altimeter__functions.h
[13.506s] -- Installing: /home/prithiv/tentacle2/install/ros_gz_interfaces/include/ros_gz_interfaces/ros_gz_interfaces/msg/detail/param_vec__functions.c
[13.506s] -- Installing: /home/prithiv/tentacle2/install/ros_gz_interfaces/include/ros_gz_interfaces/ros_gz_interfaces/msg/detail/sensor_noise__struct.h
[13.506s] -- Installing: /home/prithiv/tentacle2/install/ros_gz_interfaces/include/ros_gz_interfaces/ros_gz_interfaces/msg/detail/material_color__type_support.h
[13.506s] -- Installing: /home/prithiv/tentacle2/install/ros_gz_interfaces/include/ros_gz_interfaces/ros_gz_interfaces/msg/detail/float32_array__struct.h
[13.506s] -- Installing: /home/prithiv/tentacle2/install/ros_gz_interfaces/include/ros_gz_interfaces/ros_gz_interfaces/msg/detail/contact__functions.h
[13.506s] -- Installing: /home/prithiv/tentacle2/install/ros_gz_interfaces/include/ros_gz_interfaces/ros_gz_interfaces/msg/detail/world_control__functions.h
[13.506s] -- Installing: /home/prithiv/tentacle2/install/ros_gz_interfaces/include/ros_gz_interfaces/ros_gz_interfaces/msg/detail/world_reset__functions.c
[13.506s] -- Installing: /home/prithiv/tentacle2/install/ros_gz_interfaces/include/ros_gz_interfaces/ros_gz_interfaces/msg/detail/contact__type_support.h
[13.506s] -- Installing: /home/prithiv/tentacle2/install/ros_gz_interfaces/include/ros_gz_interfaces/ros_gz_interfaces/msg/detail/string_vec__type_support.h
[13.506s] -- Installing: /home/prithiv/tentacle2/install/ros_gz_interfaces/include/ros_gz_interfaces/ros_gz_interfaces/msg/detail/dataframe__functions.c
[13.506s] -- Installing: /home/prithiv/tentacle2/install/ros_gz_interfaces/include/ros_gz_interfaces/ros_gz_interfaces/msg/detail/param_vec__type_support.h
[13.506s] -- Installing: /home/prithiv/tentacle2/install/ros_gz_interfaces/include/ros_gz_interfaces/ros_gz_interfaces/msg/detail/string_vec__struct.h
[13.506s] -- Installing: /home/prithiv/tentacle2/install/ros_gz_interfaces/include/ros_gz_interfaces/ros_gz_interfaces/msg/detail/float32_array__type_support.h
[13.506s] -- Installing: /home/prithiv/tentacle2/install/ros_gz_interfaces/include/ros_gz_interfaces/ros_gz_interfaces/msg/detail/altimeter__struct.h
[13.506s] -- Installing: /home/prithiv/tentacle2/install/ros_gz_interfaces/include/ros_gz_interfaces/ros_gz_interfaces/msg/detail/material_color__functions.h
[13.507s] -- Installing: /home/prithiv/tentacle2/install/ros_gz_interfaces/include/ros_gz_interfaces/ros_gz_interfaces/msg/detail/float32_array__functions.c
[13.507s] -- Installing: /home/prithiv/tentacle2/install/ros_gz_interfaces/include/ros_gz_interfaces/ros_gz_interfaces/msg/detail/entity_factory__functions.h
[13.507s] -- Installing: /home/prithiv/tentacle2/install/ros_gz_interfaces/include/ros_gz_interfaces/ros_gz_interfaces/msg/detail/world_reset__functions.h
[13.507s] -- Installing: /home/prithiv/tentacle2/install/ros_gz_interfaces/include/ros_gz_interfaces/ros_gz_interfaces/msg/detail/gui_camera__type_support.h
[13.507s] -- Installing: /home/prithiv/tentacle2/install/ros_gz_interfaces/include/ros_gz_interfaces/ros_gz_interfaces/msg/detail/gui_camera__functions.c
[13.507s] -- Installing: /home/prithiv/tentacle2/install/ros_gz_interfaces/include/ros_gz_interfaces/ros_gz_interfaces/msg/detail/joint_wrench__functions.c
[13.507s] -- Installing: /home/prithiv/tentacle2/install/ros_gz_interfaces/include/ros_gz_interfaces/ros_gz_interfaces/msg/detail/altimeter__type_support.h
[13.507s] -- Installing: /home/prithiv/tentacle2/install/ros_gz_interfaces/include/ros_gz_interfaces/ros_gz_interfaces/msg/detail/world_reset__struct.h
[13.507s] -- Installing: /home/prithiv/tentacle2/install/ros_gz_interfaces/include/ros_gz_interfaces/ros_gz_interfaces/msg/detail/string_vec__functions.c
[13.507s] -- Installing: /home/prithiv/tentacle2/install/ros_gz_interfaces/include/ros_gz_interfaces/ros_gz_interfaces/msg/detail/video_record__type_support.h
[13.507s] -- Installing: /home/prithiv/tentacle2/install/ros_gz_interfaces/include/ros_gz_interfaces/ros_gz_interfaces/msg/detail/string_vec__functions.h
[13.507s] -- Installing: /home/prithiv/tentacle2/install/ros_gz_interfaces/include/ros_gz_interfaces/ros_gz_interfaces/msg/detail/joint_wrench__type_support.h
[13.507s] -- Installing: /home/prithiv/tentacle2/install/ros_gz_interfaces/include/ros_gz_interfaces/ros_gz_interfaces/msg/detail/contacts__functions.c
[13.507s] -- Installing: /home/prithiv/tentacle2/install/ros_gz_interfaces/include/ros_gz_interfaces/ros_gz_interfaces/msg/detail/light__type_support.h
[13.507s] -- Installing: /home/prithiv/tentacle2/install/ros_gz_interfaces/include/ros_gz_interfaces/ros_gz_interfaces/msg/detail/dataframe__struct.h
[13.507s] -- Installing: /home/prithiv/tentacle2/install/ros_gz_interfaces/include/ros_gz_interfaces/ros_gz_interfaces/msg/detail/world_control__type_support.h
[13.508s] -- Installing: /home/prithiv/tentacle2/install/ros_gz_interfaces/include/ros_gz_interfaces/ros_gz_interfaces/msg/detail/contact__functions.c
[13.508s] -- Installing: /home/prithiv/tentacle2/install/ros_gz_interfaces/include/ros_gz_interfaces/ros_gz_interfaces/msg/detail/world_control__struct.h
[13.508s] -- Installing: /home/prithiv/tentacle2/install/ros_gz_interfaces/include/ros_gz_interfaces/ros_gz_interfaces/msg/detail/entity__struct.h
[13.508s] -- Installing: /home/prithiv/tentacle2/install/ros_gz_interfaces/include/ros_gz_interfaces/ros_gz_interfaces/msg/detail/contacts__functions.h
[13.508s] -- Installing: /home/prithiv/tentacle2/install/ros_gz_interfaces/include/ros_gz_interfaces/ros_gz_interfaces/msg/detail/joint_wrench__struct.h
[13.508s] -- Installing: /home/prithiv/tentacle2/install/ros_gz_interfaces/include/ros_gz_interfaces/ros_gz_interfaces/msg/detail/material_color__struct.h
[13.508s] -- Installing: /home/prithiv/tentacle2/install/ros_gz_interfaces/include/ros_gz_interfaces/ros_gz_interfaces/msg/track_visual.h
[13.508s] -- Installing: /home/prithiv/tentacle2/install/ros_gz_interfaces/include/ros_gz_interfaces/ros_gz_interfaces/msg/video_record.h
[13.508s] -- Installing: /home/prithiv/tentacle2/install/ros_gz_interfaces/include/ros_gz_interfaces/ros_gz_interfaces/msg/gui_camera.h
[13.508s] -- Installing: /home/prithiv/tentacle2/install/ros_gz_interfaces/include/ros_gz_interfaces/ros_gz_interfaces/msg/entity.h
[13.508s] -- Installing: /home/prithiv/tentacle2/install/ros_gz_interfaces/include/ros_gz_interfaces/ros_gz_interfaces/msg/world_reset.h
[13.508s] -- Installing: /home/prithiv/tentacle2/install/ros_gz_interfaces/include/ros_gz_interfaces/ros_gz_interfaces/msg/contact.h
[13.508s] -- Installing: /home/prithiv/tentacle2/install/ros_gz_interfaces/include/ros_gz_interfaces/ros_gz_interfaces/msg/light.h
[13.508s] -- Installing: /home/prithiv/tentacle2/install/ros_gz_interfaces/include/ros_gz_interfaces/ros_gz_interfaces/msg/param_vec.h
[13.508s] -- Installing: /home/prithiv/tentacle2/install/ros_gz_interfaces/include/ros_gz_interfaces/ros_gz_interfaces/msg/float32_array.h
[13.508s] -- Installing: /home/prithiv/tentacle2/install/ros_gz_interfaces/include/ros_gz_interfaces/ros_gz_interfaces/msg/altimeter.h
[13.508s] -- Installing: /home/prithiv/tentacle2/install/ros_gz_interfaces/include/ros_gz_interfaces/ros_gz_interfaces/srv
[13.509s] -- Installing: /home/prithiv/tentacle2/install/ros_gz_interfaces/include/ros_gz_interfaces/ros_gz_interfaces/srv/control_world.h
[13.509s] -- Installing: /home/prithiv/tentacle2/install/ros_gz_interfaces/include/ros_gz_interfaces/ros_gz_interfaces/srv/delete_entity.h
[13.509s] -- Installing: /home/prithiv/tentacle2/install/ros_gz_interfaces/include/ros_gz_interfaces/ros_gz_interfaces/srv/detail
[13.509s] -- Installing: /home/prithiv/tentacle2/install/ros_gz_interfaces/include/ros_gz_interfaces/ros_gz_interfaces/srv/detail/control_world__struct.h
[13.509s] -- Installing: /home/prithiv/tentacle2/install/ros_gz_interfaces/include/ros_gz_interfaces/ros_gz_interfaces/srv/detail/control_world__functions.c
[13.509s] -- Installing: /home/prithiv/tentacle2/install/ros_gz_interfaces/include/ros_gz_interfaces/ros_gz_interfaces/srv/detail/control_world__type_support.h
[13.509s] -- Installing: /home/prithiv/tentacle2/install/ros_gz_interfaces/include/ros_gz_interfaces/ros_gz_interfaces/srv/detail/spawn_entity__struct.h
[13.509s] -- Installing: /home/prithiv/tentacle2/install/ros_gz_interfaces/include/ros_gz_interfaces/ros_gz_interfaces/srv/detail/set_entity_pose__type_support.h
[13.509s] -- Installing: /home/prithiv/tentacle2/install/ros_gz_interfaces/include/ros_gz_interfaces/ros_gz_interfaces/srv/detail/set_entity_pose__struct.h
[13.509s] -- Installing: /home/prithiv/tentacle2/install/ros_gz_interfaces/include/ros_gz_interfaces/ros_gz_interfaces/srv/detail/delete_entity__type_support.h
[13.509s] -- Installing: /home/prithiv/tentacle2/install/ros_gz_interfaces/include/ros_gz_interfaces/ros_gz_interfaces/srv/detail/delete_entity__functions.c
[13.509s] -- Installing: /home/prithiv/tentacle2/install/ros_gz_interfaces/include/ros_gz_interfaces/ros_gz_interfaces/srv/detail/set_entity_pose__functions.h
[13.509s] -- Installing: /home/prithiv/tentacle2/install/ros_gz_interfaces/include/ros_gz_interfaces/ros_gz_interfaces/srv/detail/delete_entity__struct.h
[13.509s] -- Installing: /home/prithiv/tentacle2/install/ros_gz_interfaces/include/ros_gz_interfaces/ros_gz_interfaces/srv/detail/delete_entity__functions.h
[13.509s] -- Installing: /home/prithiv/tentacle2/install/ros_gz_interfaces/include/ros_gz_interfaces/ros_gz_interfaces/srv/detail/spawn_entity__type_support.h
[13.509s] -- Installing: /home/prithiv/tentacle2/install/ros_gz_interfaces/include/ros_gz_interfaces/ros_gz_interfaces/srv/detail/control_world__functions.h
[13.509s] -- Installing: /home/prithiv/tentacle2/install/ros_gz_interfaces/include/ros_gz_interfaces/ros_gz_interfaces/srv/detail/set_entity_pose__functions.c
[13.509s] -- Installing: /home/prithiv/tentacle2/install/ros_gz_interfaces/include/ros_gz_interfaces/ros_gz_interfaces/srv/detail/spawn_entity__functions.h
[13.509s] -- Installing: /home/prithiv/tentacle2/install/ros_gz_interfaces/include/ros_gz_interfaces/ros_gz_interfaces/srv/detail/spawn_entity__functions.c
[13.510s] -- Installing: /home/prithiv/tentacle2/install/ros_gz_interfaces/include/ros_gz_interfaces/ros_gz_interfaces/srv/spawn_entity.h
[13.510s] -- Installing: /home/prithiv/tentacle2/install/ros_gz_interfaces/include/ros_gz_interfaces/ros_gz_interfaces/srv/set_entity_pose.h
[13.510s] -- Installing: /home/prithiv/tentacle2/install/ros_gz_interfaces/share/ros_gz_interfaces/environment/library_path.sh
[13.510s] -- Installing: /home/prithiv/tentacle2/install/ros_gz_interfaces/share/ros_gz_interfaces/environment/library_path.dsv
[13.510s] -- Installing: /home/prithiv/tentacle2/install/ros_gz_interfaces/lib/libros_gz_interfaces__rosidl_generator_c.so
[13.510s] -- Set runtime path of "/home/prithiv/tentacle2/install/ros_gz_interfaces/lib/libros_gz_interfaces__rosidl_generator_c.so" to ""
[13.510s] -- Up-to-date: /home/prithiv/tentacle2/install/ros_gz_interfaces/include/ros_gz_interfaces/ros_gz_interfaces
[13.510s] -- Up-to-date: /home/prithiv/tentacle2/install/ros_gz_interfaces/include/ros_gz_interfaces/ros_gz_interfaces/msg
[13.510s] -- Up-to-date: /home/prithiv/tentacle2/install/ros_gz_interfaces/include/ros_gz_interfaces/ros_gz_interfaces/msg/detail
[13.510s] -- Installing: /home/prithiv/tentacle2/install/ros_gz_interfaces/include/ros_gz_interfaces/ros_gz_interfaces/msg/detail/float32_array__rosidl_typesupport_fastrtps_c.h
[13.510s] -- Installing: /home/prithiv/tentacle2/install/ros_gz_interfaces/include/ros_gz_interfaces/ros_gz_interfaces/msg/detail/entity__rosidl_typesupport_fastrtps_c.h
[13.510s] -- Installing: /home/prithiv/tentacle2/install/ros_gz_interfaces/include/ros_gz_interfaces/ros_gz_interfaces/msg/detail/string_vec__rosidl_typesupport_fastrtps_c.h
[13.510s] -- Installing: /home/prithiv/tentacle2/install/ros_gz_interfaces/include/ros_gz_interfaces/ros_gz_interfaces/msg/detail/track_visual__rosidl_typesupport_fastrtps_c.h
[13.510s] -- Installing: /home/prithiv/tentacle2/install/ros_gz_interfaces/include/ros_gz_interfaces/ros_gz_interfaces/msg/detail/contact__rosidl_typesupport_fastrtps_c.h
[13.510s] -- Installing: /home/prithiv/tentacle2/install/ros_gz_interfaces/include/ros_gz_interfaces/ros_gz_interfaces/msg/detail/entity_wrench__rosidl_typesupport_fastrtps_c.h
[13.510s] -- Installing: /home/prithiv/tentacle2/install/ros_gz_interfaces/include/ros_gz_interfaces/ros_gz_interfaces/msg/detail/light__rosidl_typesupport_fastrtps_c.h
[13.510s] -- Installing: /home/prithiv/tentacle2/install/ros_gz_interfaces/include/ros_gz_interfaces/ros_gz_interfaces/msg/detail/world_control__rosidl_typesupport_fastrtps_c.h
[13.510s] -- Installing: /home/prithiv/tentacle2/install/ros_gz_interfaces/include/ros_gz_interfaces/ros_gz_interfaces/msg/detail/joint_wrench__rosidl_typesupport_fastrtps_c.h
[13.510s] -- Installing: /home/prithiv/tentacle2/install/ros_gz_interfaces/include/ros_gz_interfaces/ros_gz_interfaces/msg/detail/material_color__rosidl_typesupport_fastrtps_c.h
[13.511s] -- Installing: /home/prithiv/tentacle2/install/ros_gz_interfaces/include/ros_gz_interfaces/ros_gz_interfaces/msg/detail/sensor_noise__rosidl_typesupport_fastrtps_c.h
[13.511s] -- Installing: /home/prithiv/tentacle2/install/ros_gz_interfaces/include/ros_gz_interfaces/ros_gz_interfaces/msg/detail/video_record__rosidl_typesupport_fastrtps_c.h
[13.511s] -- Installing: /home/prithiv/tentacle2/install/ros_gz_interfaces/include/ros_gz_interfaces/ros_gz_interfaces/msg/detail/entity_factory__rosidl_typesupport_fastrtps_c.h
[13.511s] -- Installing: /home/prithiv/tentacle2/install/ros_gz_interfaces/include/ros_gz_interfaces/ros_gz_interfaces/msg/detail/dataframe__rosidl_typesupport_fastrtps_c.h
[13.511s] -- Installing: /home/prithiv/tentacle2/install/ros_gz_interfaces/include/ros_gz_interfaces/ros_gz_interfaces/msg/detail/gui_camera__rosidl_typesupport_fastrtps_c.h
[13.511s] -- Installing: /home/prithiv/tentacle2/install/ros_gz_interfaces/include/ros_gz_interfaces/ros_gz_interfaces/msg/detail/param_vec__rosidl_typesupport_fastrtps_c.h
[13.511s] -- Installing: /home/prithiv/tentacle2/install/ros_gz_interfaces/include/ros_gz_interfaces/ros_gz_interfaces/msg/detail/world_reset__rosidl_typesupport_fastrtps_c.h
[13.511s] -- Installing: /home/prithiv/tentacle2/install/ros_gz_interfaces/include/ros_gz_interfaces/ros_gz_interfaces/msg/detail/contacts__rosidl_typesupport_fastrtps_c.h
[13.511s] -- Installing: /home/prithiv/tentacle2/install/ros_gz_interfaces/include/ros_gz_interfaces/ros_gz_interfaces/msg/detail/altimeter__rosidl_typesupport_fastrtps_c.h
[13.511s] -- Installing: /home/prithiv/tentacle2/install/ros_gz_interfaces/include/ros_gz_interfaces/ros_gz_interfaces/msg/rosidl_typesupport_fastrtps_c__visibility_control.h
[13.511s] -- Up-to-date: /home/prithiv/tentacle2/install/ros_gz_interfaces/include/ros_gz_interfaces/ros_gz_interfaces/srv
[13.511s] -- Up-to-date: /home/prithiv/tentacle2/install/ros_gz_interfaces/include/ros_gz_interfaces/ros_gz_interfaces/srv/detail
[13.511s] -- Installing: /home/prithiv/tentacle2/install/ros_gz_interfaces/include/ros_gz_interfaces/ros_gz_interfaces/srv/detail/control_world__rosidl_typesupport_fastrtps_c.h
[13.511s] -- Installing: /home/prithiv/tentacle2/install/ros_gz_interfaces/include/ros_gz_interfaces/ros_gz_interfaces/srv/detail/delete_entity__rosidl_typesupport_fastrtps_c.h
[13.511s] -- Installing: /home/prithiv/tentacle2/install/ros_gz_interfaces/include/ros_gz_interfaces/ros_gz_interfaces/srv/detail/spawn_entity__rosidl_typesupport_fastrtps_c.h
[13.511s] -- Installing: /home/prithiv/tentacle2/install/ros_gz_interfaces/include/ros_gz_interfaces/ros_gz_interfaces/srv/detail/set_entity_pose__rosidl_typesupport_fastrtps_c.h
[13.511s] -- Installing: /home/prithiv/tentacle2/install/ros_gz_interfaces/lib/libros_gz_interfaces__rosidl_typesupport_fastrtps_c.so
[13.511s] -- Set runtime path of "/home/prithiv/tentacle2/install/ros_gz_interfaces/lib/libros_gz_interfaces__rosidl_typesupport_fastrtps_c.so" to ""
[13.511s] -- Up-to-date: /home/prithiv/tentacle2/install/ros_gz_interfaces/include/ros_gz_interfaces/ros_gz_interfaces
[13.512s] -- Up-to-date: /home/prithiv/tentacle2/install/ros_gz_interfaces/include/ros_gz_interfaces/ros_gz_interfaces/msg
[13.512s] -- Installing: /home/prithiv/tentacle2/install/ros_gz_interfaces/include/ros_gz_interfaces/ros_gz_interfaces/msg/joint_wrench.hpp
[13.512s] -- Installing: /home/prithiv/tentacle2/install/ros_gz_interfaces/include/ros_gz_interfaces/ros_gz_interfaces/msg/rosidl_generator_cpp__visibility_control.hpp
[13.512s] -- Installing: /home/prithiv/tentacle2/install/ros_gz_interfaces/include/ros_gz_interfaces/ros_gz_interfaces/msg/contact.hpp
[13.512s] -- Installing: /home/prithiv/tentacle2/install/ros_gz_interfaces/include/ros_gz_interfaces/ros_gz_interfaces/msg/param_vec.hpp
[13.512s] -- Installing: /home/prithiv/tentacle2/install/ros_gz_interfaces/include/ros_gz_interfaces/ros_gz_interfaces/msg/track_visual.hpp
[13.512s] -- Installing: /home/prithiv/tentacle2/install/ros_gz_interfaces/include/ros_gz_interfaces/ros_gz_interfaces/msg/dataframe.hpp
[13.512s] -- Installing: /home/prithiv/tentacle2/install/ros_gz_interfaces/include/ros_gz_interfaces/ros_gz_interfaces/msg/entity.hpp
[13.512s] -- Installing: /home/prithiv/tentacle2/install/ros_gz_interfaces/include/ros_gz_interfaces/ros_gz_interfaces/msg/gui_camera.hpp
[13.512s] -- Installing: /home/prithiv/tentacle2/install/ros_gz_interfaces/include/ros_gz_interfaces/ros_gz_interfaces/msg/world_reset.hpp
[13.512s] -- Installing: /home/prithiv/tentacle2/install/ros_gz_interfaces/include/ros_gz_interfaces/ros_gz_interfaces/msg/float32_array.hpp
[13.512s] -- Installing: /home/prithiv/tentacle2/install/ros_gz_interfaces/include/ros_gz_interfaces/ros_gz_interfaces/msg/string_vec.hpp
[13.512s] -- Installing: /home/prithiv/tentacle2/install/ros_gz_interfaces/include/ros_gz_interfaces/ros_gz_interfaces/msg/light.hpp
[13.512s] -- Installing: /home/prithiv/tentacle2/install/ros_gz_interfaces/include/ros_gz_interfaces/ros_gz_interfaces/msg/entity_factory.hpp
[13.512s] -- Installing: /home/prithiv/tentacle2/install/ros_gz_interfaces/include/ros_gz_interfaces/ros_gz_interfaces/msg/entity_wrench.hpp
[13.512s] -- Up-to-date: /home/prithiv/tentacle2/install/ros_gz_interfaces/include/ros_gz_interfaces/ros_gz_interfaces/msg/detail
[13.512s] -- Installing: /home/prithiv/tentacle2/install/ros_gz_interfaces/include/ros_gz_interfaces/ros_gz_interfaces/msg/detail/float32_array__builder.hpp
[13.512s] -- Installing: /home/prithiv/tentacle2/install/ros_gz_interfaces/include/ros_gz_interfaces/ros_gz_interfaces/msg/detail/contact__builder.hpp
[13.513s] -- Installing: /home/prithiv/tentacle2/install/ros_gz_interfaces/include/ros_gz_interfaces/ros_gz_interfaces/msg/detail/string_vec__type_support.hpp
[13.513s] -- Installing: /home/prithiv/tentacle2/install/ros_gz_interfaces/include/ros_gz_interfaces/ros_gz_interfaces/msg/detail/dataframe__struct.hpp
[13.513s] -- Installing: /home/prithiv/tentacle2/install/ros_gz_interfaces/include/ros_gz_interfaces/ros_gz_interfaces/msg/detail/material_color__builder.hpp
[13.513s] -- Installing: /home/prithiv/tentacle2/install/ros_gz_interfaces/include/ros_gz_interfaces/ros_gz_interfaces/msg/detail/material_color__type_support.hpp
[13.513s] -- Installing: /home/prithiv/tentacle2/install/ros_gz_interfaces/include/ros_gz_interfaces/ros_gz_interfaces/msg/detail/light__builder.hpp
[13.513s] -- Installing: /home/prithiv/tentacle2/install/ros_gz_interfaces/include/ros_gz_interfaces/ros_gz_interfaces/msg/detail/gui_camera__builder.hpp
[13.513s] -- Installing: /home/prithiv/tentacle2/install/ros_gz_interfaces/include/ros_gz_interfaces/ros_gz_interfaces/msg/detail/entity__type_support.hpp
[13.513s] -- Installing: /home/prithiv/tentacle2/install/ros_gz_interfaces/include/ros_gz_interfaces/ros_gz_interfaces/msg/detail/sensor_noise__traits.hpp
[13.513s] -- Installing: /home/prithiv/tentacle2/install/ros_gz_interfaces/include/ros_gz_interfaces/ros_gz_interfaces/msg/detail/contact__struct.hpp
[13.513s] -- Installing: /home/prithiv/tentacle2/install/ros_gz_interfaces/include/ros_gz_interfaces/ros_gz_interfaces/msg/detail/entity__struct.hpp
[13.513s] -- Installing: /home/prithiv/tentacle2/install/ros_gz_interfaces/include/ros_gz_interfaces/ros_gz_interfaces/msg/detail/video_record__struct.hpp
[13.513s] -- Installing: /home/prithiv/tentacle2/install/ros_gz_interfaces/include/ros_gz_interfaces/ros_gz_interfaces/msg/detail/param_vec__type_support.hpp
[13.513s] -- Installing: /home/prithiv/tentacle2/install/ros_gz_interfaces/include/ros_gz_interfaces/ros_gz_interfaces/msg/detail/gui_camera__traits.hpp
[13.513s] -- Installing: /home/prithiv/tentacle2/install/ros_gz_interfaces/include/ros_gz_interfaces/ros_gz_interfaces/msg/detail/contacts__struct.hpp
[13.513s] -- Installing: /home/prithiv/tentacle2/install/ros_gz_interfaces/include/ros_gz_interfaces/ros_gz_interfaces/msg/detail/entity__traits.hpp
[13.513s] -- Installing: /home/prithiv/tentacle2/install/ros_gz_interfaces/include/ros_gz_interfaces/ros_gz_interfaces/msg/detail/video_record__type_support.hpp
[13.514s] -- Installing: /home/prithiv/tentacle2/install/ros_gz_interfaces/include/ros_gz_interfaces/ros_gz_interfaces/msg/detail/entity_factory__builder.hpp
[13.514s] -- Installing: /home/prithiv/tentacle2/install/ros_gz_interfaces/include/ros_gz_interfaces/ros_gz_interfaces/msg/detail/altimeter__traits.hpp
[13.514s] -- Installing: /home/prithiv/tentacle2/install/ros_gz_interfaces/include/ros_gz_interfaces/ros_gz_interfaces/msg/detail/world_control__type_support.hpp
[13.514s] -- Installing: /home/prithiv/tentacle2/install/ros_gz_interfaces/include/ros_gz_interfaces/ros_gz_interfaces/msg/detail/float32_array__traits.hpp
[13.514s] -- Installing: /home/prithiv/tentacle2/install/ros_gz_interfaces/include/ros_gz_interfaces/ros_gz_interfaces/msg/detail/contacts__builder.hpp
[13.514s] -- Installing: /home/prithiv/tentacle2/install/ros_gz_interfaces/include/ros_gz_interfaces/ros_gz_interfaces/msg/detail/track_visual__traits.hpp
[13.514s] -- Installing: /home/prithiv/tentacle2/install/ros_gz_interfaces/include/ros_gz_interfaces/ros_gz_interfaces/msg/detail/joint_wrench__builder.hpp
[13.514s] -- Installing: /home/prithiv/tentacle2/install/ros_gz_interfaces/include/ros_gz_interfaces/ros_gz_interfaces/msg/detail/altimeter__struct.hpp
[13.514s] -- Installing: /home/prithiv/tentacle2/install/ros_gz_interfaces/include/ros_gz_interfaces/ros_gz_interfaces/msg/detail/entity_wrench__struct.hpp
[13.514s] -- Installing: /home/prithiv/tentacle2/install/ros_gz_interfaces/include/ros_gz_interfaces/ros_gz_interfaces/msg/detail/light__traits.hpp
[13.514s] -- Installing: /home/prithiv/tentacle2/install/ros_gz_interfaces/include/ros_gz_interfaces/ros_gz_interfaces/msg/detail/world_control__traits.hpp
[13.514s] -- Installing: /home/prithiv/tentacle2/install/ros_gz_interfaces/include/ros_gz_interfaces/ros_gz_interfaces/msg/detail/world_reset__traits.hpp
[13.514s] -- Installing: /home/prithiv/tentacle2/install/ros_gz_interfaces/include/ros_gz_interfaces/ros_gz_interfaces/msg/detail/entity_factory__traits.hpp
[13.514s] -- Installing: /home/prithiv/tentacle2/install/ros_gz_interfaces/include/ros_gz_interfaces/ros_gz_interfaces/msg/detail/joint_wrench__type_support.hpp
[13.514s] -- Installing: /home/prithiv/tentacle2/install/ros_gz_interfaces/include/ros_gz_interfaces/ros_gz_interfaces/msg/detail/contact__traits.hpp
[13.514s] -- Installing: /home/prithiv/tentacle2/install/ros_gz_interfaces/include/ros_gz_interfaces/ros_gz_interfaces/msg/detail/material_color__struct.hpp
[13.514s] -- Installing: /home/prithiv/tentacle2/install/ros_gz_interfaces/include/ros_gz_interfaces/ros_gz_interfaces/msg/detail/world_reset__struct.hpp
[13.515s] -- Installing: /home/prithiv/tentacle2/install/ros_gz_interfaces/include/ros_gz_interfaces/ros_gz_interfaces/msg/detail/sensor_noise__type_support.hpp
[13.515s] -- Installing: /home/prithiv/tentacle2/install/ros_gz_interfaces/include/ros_gz_interfaces/ros_gz_interfaces/msg/detail/entity_factory__type_support.hpp
[13.515s] -- Installing: /home/prithiv/tentacle2/install/ros_gz_interfaces/include/ros_gz_interfaces/ros_gz_interfaces/msg/detail/string_vec__traits.hpp
[13.515s] -- Installing: /home/prithiv/tentacle2/install/ros_gz_interfaces/include/ros_gz_interfaces/ros_gz_interfaces/msg/detail/dataframe__type_support.hpp
[13.515s] -- Installing: /home/prithiv/tentacle2/install/ros_gz_interfaces/include/ros_gz_interfaces/ros_gz_interfaces/msg/detail/altimeter__type_support.hpp
[13.515s] -- Installing: /home/prithiv/tentacle2/install/ros_gz_interfaces/include/ros_gz_interfaces/ros_gz_interfaces/msg/detail/entity_factory__struct.hpp
[13.515s] -- Installing: /home/prithiv/tentacle2/install/ros_gz_interfaces/include/ros_gz_interfaces/ros_gz_interfaces/msg/detail/joint_wrench__struct.hpp
[13.515s] -- Installing: /home/prithiv/tentacle2/install/ros_gz_interfaces/include/ros_gz_interfaces/ros_gz_interfaces/msg/detail/world_control__builder.hpp
[13.515s] -- Installing: /home/prithiv/tentacle2/install/ros_gz_interfaces/include/ros_gz_interfaces/ros_gz_interfaces/msg/detail/sensor_noise__builder.hpp
[13.515s] -- Installing: /home/prithiv/tentacle2/install/ros_gz_interfaces/include/ros_gz_interfaces/ros_gz_interfaces/msg/detail/light__struct.hpp
[13.515s] -- Installing: /home/prithiv/tentacle2/install/ros_gz_interfaces/include/ros_gz_interfaces/ros_gz_interfaces/msg/detail/contacts__type_support.hpp
[13.515s] -- Installing: /home/prithiv/tentacle2/install/ros_gz_interfaces/include/ros_gz_interfaces/ros_gz_interfaces/msg/detail/gui_camera__struct.hpp
[13.515s] -- Installing: /home/prithiv/tentacle2/install/ros_gz_interfaces/include/ros_gz_interfaces/ros_gz_interfaces/msg/detail/contacts__traits.hpp
[13.515s] -- Installing: /home/prithiv/tentacle2/install/ros_gz_interfaces/include/ros_gz_interfaces/ros_gz_interfaces/msg/detail/track_visual__struct.hpp
[13.515s] -- Installing: /home/prithiv/tentacle2/install/ros_gz_interfaces/include/ros_gz_interfaces/ros_gz_interfaces/msg/detail/track_visual__type_support.hpp
[13.515s] -- Installing: /home/prithiv/tentacle2/install/ros_gz_interfaces/include/ros_gz_interfaces/ros_gz_interfaces/msg/detail/entity_wrench__type_support.hpp
[13.515s] -- Installing: /home/prithiv/tentacle2/install/ros_gz_interfaces/include/ros_gz_interfaces/ros_gz_interfaces/msg/detail/string_vec__builder.hpp
[13.515s] -- Installing: /home/prithiv/tentacle2/install/ros_gz_interfaces/include/ros_gz_interfaces/ros_gz_interfaces/msg/detail/entity__builder.hpp
[13.516s] -- Installing: /home/prithiv/tentacle2/install/ros_gz_interfaces/include/ros_gz_interfaces/ros_gz_interfaces/msg/detail/material_color__traits.hpp
[13.516s] -- Installing: /home/prithiv/tentacle2/install/ros_gz_interfaces/include/ros_gz_interfaces/ros_gz_interfaces/msg/detail/param_vec__traits.hpp
[13.516s] -- Installing: /home/prithiv/tentacle2/install/ros_gz_interfaces/include/ros_gz_interfaces/ros_gz_interfaces/msg/detail/param_vec__struct.hpp
[13.516s] -- Installing: /home/prithiv/tentacle2/install/ros_gz_interfaces/include/ros_gz_interfaces/ros_gz_interfaces/msg/detail/video_record__traits.hpp
[13.516s] -- Installing: /home/prithiv/tentacle2/install/ros_gz_interfaces/include/ros_gz_interfaces/ros_gz_interfaces/msg/detail/contact__type_support.hpp
[13.516s] -- Installing: /home/prithiv/tentacle2/install/ros_gz_interfaces/include/ros_gz_interfaces/ros_gz_interfaces/msg/detail/track_visual__builder.hpp
[13.516s] -- Installing: /home/prithiv/tentacle2/install/ros_gz_interfaces/include/ros_gz_interfaces/ros_gz_interfaces/msg/detail/world_reset__builder.hpp
[13.516s] -- Installing: /home/prithiv/tentacle2/install/ros_gz_interfaces/include/ros_gz_interfaces/ros_gz_interfaces/msg/detail/float32_array__struct.hpp
[13.516s] -- Installing: /home/prithiv/tentacle2/install/ros_gz_interfaces/include/ros_gz_interfaces/ros_gz_interfaces/msg/detail/world_control__struct.hpp
[13.516s] -- Installing: /home/prithiv/tentacle2/install/ros_gz_interfaces/include/ros_gz_interfaces/ros_gz_interfaces/msg/detail/entity_wrench__traits.hpp
[13.516s] -- Installing: /home/prithiv/tentacle2/install/ros_gz_interfaces/include/ros_gz_interfaces/ros_gz_interfaces/msg/detail/video_record__builder.hpp
[13.516s] -- Installing: /home/prithiv/tentacle2/install/ros_gz_interfaces/include/ros_gz_interfaces/ros_gz_interfaces/msg/detail/dataframe__builder.hpp
[13.516s] -- Installing: /home/prithiv/tentacle2/install/ros_gz_interfaces/include/ros_gz_interfaces/ros_gz_interfaces/msg/detail/sensor_noise__struct.hpp
[13.516s] -- Installing: /home/prithiv/tentacle2/install/ros_gz_interfaces/include/ros_gz_interfaces/ros_gz_interfaces/msg/detail/gui_camera__type_support.hpp
[13.516s] -- Installing: /home/prithiv/tentacle2/install/ros_gz_interfaces/include/ros_gz_interfaces/ros_gz_interfaces/msg/detail/altimeter__builder.hpp
[13.516s] -- Installing: /home/prithiv/tentacle2/install/ros_gz_interfaces/include/ros_gz_interfaces/ros_gz_interfaces/msg/detail/joint_wrench__traits.hpp
[13.516s] -- Installing: /home/prithiv/tentacle2/install/ros_gz_interfaces/include/ros_gz_interfaces/ros_gz_interfaces/msg/detail/dataframe__traits.hpp
[13.516s] -- Installing: /home/prithiv/tentacle2/install/ros_gz_interfaces/include/ros_gz_interfaces/ros_gz_interfaces/msg/detail/world_reset__type_support.hpp
[13.516s] -- Installing: /home/prithiv/tentacle2/install/ros_gz_interfaces/include/ros_gz_interfaces/ros_gz_interfaces/msg/detail/light__type_support.hpp
[13.517s] -- Installing: /home/prithiv/tentacle2/install/ros_gz_interfaces/include/ros_gz_interfaces/ros_gz_interfaces/msg/detail/string_vec__struct.hpp
[13.517s] -- Installing: /home/prithiv/tentacle2/install/ros_gz_interfaces/include/ros_gz_interfaces/ros_gz_interfaces/msg/detail/float32_array__type_support.hpp
[13.517s] -- Installing: /home/prithiv/tentacle2/install/ros_gz_interfaces/include/ros_gz_interfaces/ros_gz_interfaces/msg/detail/entity_wrench__builder.hpp
[13.517s] -- Installing: /home/prithiv/tentacle2/install/ros_gz_interfaces/include/ros_gz_interfaces/ros_gz_interfaces/msg/detail/param_vec__builder.hpp
[13.517s] -- Installing: /home/prithiv/tentacle2/install/ros_gz_interfaces/include/ros_gz_interfaces/ros_gz_interfaces/msg/world_control.hpp
[13.517s] -- Installing: /home/prithiv/tentacle2/install/ros_gz_interfaces/include/ros_gz_interfaces/ros_gz_interfaces/msg/sensor_noise.hpp
[13.517s] -- Installing: /home/prithiv/tentacle2/install/ros_gz_interfaces/include/ros_gz_interfaces/ros_gz_interfaces/msg/material_color.hpp
[13.517s] -- Installing: /home/prithiv/tentacle2/install/ros_gz_interfaces/include/ros_gz_interfaces/ros_gz_interfaces/msg/contacts.hpp
[13.517s] -- Installing: /home/prithiv/tentacle2/install/ros_gz_interfaces/include/ros_gz_interfaces/ros_gz_interfaces/msg/video_record.hpp
[13.517s] -- Installing: /home/prithiv/tentacle2/install/ros_gz_interfaces/include/ros_gz_interfaces/ros_gz_interfaces/msg/altimeter.hpp
[13.517s] -- Up-to-date: /home/prithiv/tentacle2/install/ros_gz_interfaces/include/ros_gz_interfaces/ros_gz_interfaces/srv
[13.517s] -- Installing: /home/prithiv/tentacle2/install/ros_gz_interfaces/include/ros_gz_interfaces/ros_gz_interfaces/srv/set_entity_pose.hpp
[13.517s] -- Installing: /home/prithiv/tentacle2/install/ros_gz_interfaces/include/ros_gz_interfaces/ros_gz_interfaces/srv/delete_entity.hpp
[13.517s] -- Up-to-date: /home/prithiv/tentacle2/install/ros_gz_interfaces/include/ros_gz_interfaces/ros_gz_interfaces/srv/detail
[13.517s] -- Installing: /home/prithiv/tentacle2/install/ros_gz_interfaces/include/ros_gz_interfaces/ros_gz_interfaces/srv/detail/set_entity_pose__builder.hpp
[13.517s] -- Installing: /home/prithiv/tentacle2/install/ros_gz_interfaces/include/ros_gz_interfaces/ros_gz_interfaces/srv/detail/set_entity_pose__type_support.hpp
[13.517s] -- Installing: /home/prithiv/tentacle2/install/ros_gz_interfaces/include/ros_gz_interfaces/ros_gz_interfaces/srv/detail/control_world__builder.hpp
[13.517s] -- Installing: /home/prithiv/tentacle2/install/ros_gz_interfaces/include/ros_gz_interfaces/ros_gz_interfaces/srv/detail/set_entity_pose__struct.hpp
[13.517s] -- Installing: /home/prithiv/tentacle2/install/ros_gz_interfaces/include/ros_gz_interfaces/ros_gz_interfaces/srv/detail/control_world__struct.hpp
[13.517s] -- Installing: /home/prithiv/tentacle2/install/ros_gz_interfaces/include/ros_gz_interfaces/ros_gz_interfaces/srv/detail/spawn_entity__struct.hpp
[13.517s] -- Installing: /home/prithiv/tentacle2/install/ros_gz_interfaces/include/ros_gz_interfaces/ros_gz_interfaces/srv/detail/delete_entity__type_support.hpp
[13.518s] -- Installing: /home/prithiv/tentacle2/install/ros_gz_interfaces/include/ros_gz_interfaces/ros_gz_interfaces/srv/detail/set_entity_pose__traits.hpp
[13.518s] -- Installing: /home/prithiv/tentacle2/install/ros_gz_interfaces/include/ros_gz_interfaces/ros_gz_interfaces/srv/detail/spawn_entity__traits.hpp
[13.518s] -- Installing: /home/prithiv/tentacle2/install/ros_gz_interfaces/include/ros_gz_interfaces/ros_gz_interfaces/srv/detail/delete_entity__traits.hpp
[13.518s] -- Installing: /home/prithiv/tentacle2/install/ros_gz_interfaces/include/ros_gz_interfaces/ros_gz_interfaces/srv/detail/spawn_entity__type_support.hpp
[13.518s] -- Installing: /home/prithiv/tentacle2/install/ros_gz_interfaces/include/ros_gz_interfaces/ros_gz_interfaces/srv/detail/control_world__type_support.hpp
[13.518s] -- Installing: /home/prithiv/tentacle2/install/ros_gz_interfaces/include/ros_gz_interfaces/ros_gz_interfaces/srv/detail/delete_entity__builder.hpp
[13.518s] -- Installing: /home/prithiv/tentacle2/install/ros_gz_interfaces/include/ros_gz_interfaces/ros_gz_interfaces/srv/detail/delete_entity__struct.hpp
[13.518s] -- Installing: /home/prithiv/tentacle2/install/ros_gz_interfaces/include/ros_gz_interfaces/ros_gz_interfaces/srv/detail/control_world__traits.hpp
[13.518s] -- Installing: /home/prithiv/tentacle2/install/ros_gz_interfaces/include/ros_gz_interfaces/ros_gz_interfaces/srv/detail/spawn_entity__builder.hpp
[13.518s] -- Installing: /home/prithiv/tentacle2/install/ros_gz_interfaces/include/ros_gz_interfaces/ros_gz_interfaces/srv/control_world.hpp
[13.518s] -- Installing: /home/prithiv/tentacle2/install/ros_gz_interfaces/include/ros_gz_interfaces/ros_gz_interfaces/srv/spawn_entity.hpp
[13.518s] -- Up-to-date: /home/prithiv/tentacle2/install/ros_gz_interfaces/include/ros_gz_interfaces/ros_gz_interfaces
[13.518s] -- Up-to-date: /home/prithiv/tentacle2/install/ros_gz_interfaces/include/ros_gz_interfaces/ros_gz_interfaces/msg
[13.518s] -- Up-to-date: /home/prithiv/tentacle2/install/ros_gz_interfaces/include/ros_gz_interfaces/ros_gz_interfaces/msg/detail
[13.518s] -- Installing: /home/prithiv/tentacle2/install/ros_gz_interfaces/include/ros_gz_interfaces/ros_gz_interfaces/msg/detail/param_vec__rosidl_typesupport_fastrtps_cpp.hpp
[13.518s] -- Installing: /home/prithiv/tentacle2/install/ros_gz_interfaces/include/ros_gz_interfaces/ros_gz_interfaces/msg/detail/gui_camera__rosidl_typesupport_fastrtps_cpp.hpp
[13.518s] -- Installing: /home/prithiv/tentacle2/install/ros_gz_interfaces/include/ros_gz_interfaces/ros_gz_interfaces/msg/detail/string_vec__rosidl_typesupport_fastrtps_cpp.hpp
[13.518s] -- Installing: /home/prithiv/tentacle2/install/ros_gz_interfaces/include/ros_gz_interfaces/ros_gz_interfaces/msg/detail/material_color__rosidl_typesupport_fastrtps_cpp.hpp
[13.518s] -- Installing: /home/prithiv/tentacle2/install/ros_gz_interfaces/include/ros_gz_interfaces/ros_gz_interfaces/msg/detail/track_visual__rosidl_typesupport_fastrtps_cpp.hpp
[13.518s] -- Installing: /home/prithiv/tentacle2/install/ros_gz_interfaces/include/ros_gz_interfaces/ros_gz_interfaces/msg/detail/entity_factory__rosidl_typesupport_fastrtps_cpp.hpp
[13.518s] -- Installing: /home/prithiv/tentacle2/install/ros_gz_interfaces/include/ros_gz_interfaces/ros_gz_interfaces/msg/detail/light__rosidl_typesupport_fastrtps_cpp.hpp
[13.519s] -- Installing: /home/prithiv/tentacle2/install/ros_gz_interfaces/include/ros_gz_interfaces/ros_gz_interfaces/msg/detail/altimeter__rosidl_typesupport_fastrtps_cpp.hpp
[13.519s] -- Installing: /home/prithiv/tentacle2/install/ros_gz_interfaces/include/ros_gz_interfaces/ros_gz_interfaces/msg/detail/entity_wrench__rosidl_typesupport_fastrtps_cpp.hpp
[13.519s] -- Installing: /home/prithiv/tentacle2/install/ros_gz_interfaces/include/ros_gz_interfaces/ros_gz_interfaces/msg/detail/world_reset__rosidl_typesupport_fastrtps_cpp.hpp
[13.519s] -- Installing: /home/prithiv/tentacle2/install/ros_gz_interfaces/include/ros_gz_interfaces/ros_gz_interfaces/msg/detail/contact__rosidl_typesupport_fastrtps_cpp.hpp
[13.519s] -- Installing: /home/prithiv/tentacle2/install/ros_gz_interfaces/include/ros_gz_interfaces/ros_gz_interfaces/msg/detail/joint_wrench__rosidl_typesupport_fastrtps_cpp.hpp
[13.519s] -- Installing: /home/prithiv/tentacle2/install/ros_gz_interfaces/include/ros_gz_interfaces/ros_gz_interfaces/msg/detail/float32_array__rosidl_typesupport_fastrtps_cpp.hpp
[13.519s] -- Installing: /home/prithiv/tentacle2/install/ros_gz_interfaces/include/ros_gz_interfaces/ros_gz_interfaces/msg/detail/sensor_noise__rosidl_typesupport_fastrtps_cpp.hpp
[13.519s] -- Installing: /home/prithiv/tentacle2/install/ros_gz_interfaces/include/ros_gz_interfaces/ros_gz_interfaces/msg/detail/dataframe__rosidl_typesupport_fastrtps_cpp.hpp
[13.519s] -- Installing: /home/prithiv/tentacle2/install/ros_gz_interfaces/include/ros_gz_interfaces/ros_gz_interfaces/msg/detail/entity__rosidl_typesupport_fastrtps_cpp.hpp
[13.519s] -- Installing: /home/prithiv/tentacle2/install/ros_gz_interfaces/include/ros_gz_interfaces/ros_gz_interfaces/msg/detail/contacts__rosidl_typesupport_fastrtps_cpp.hpp
[13.519s] -- Installing: /home/prithiv/tentacle2/install/ros_gz_interfaces/include/ros_gz_interfaces/ros_gz_interfaces/msg/detail/world_control__rosidl_typesupport_fastrtps_cpp.hpp
[13.519s] -- Installing: /home/prithiv/tentacle2/install/ros_gz_interfaces/include/ros_gz_interfaces/ros_gz_interfaces/msg/detail/dds_fastrtps
[13.519s] -- Installing: /home/prithiv/tentacle2/install/ros_gz_interfaces/include/ros_gz_interfaces/ros_gz_interfaces/msg/detail/video_record__rosidl_typesupport_fastrtps_cpp.hpp
[13.519s] -- Installing: /home/prithiv/tentacle2/install/ros_gz_interfaces/include/ros_gz_interfaces/ros_gz_interfaces/msg/rosidl_typesupport_fastrtps_cpp__visibility_control.h
[13.519s] -- Up-to-date: /home/prithiv/tentacle2/install/ros_gz_interfaces/include/ros_gz_interfaces/ros_gz_interfaces/srv
[13.519s] -- Up-to-date: /home/prithiv/tentacle2/install/ros_gz_interfaces/include/ros_gz_interfaces/ros_gz_interfaces/srv/detail
[13.519s] -- Installing: /home/prithiv/tentacle2/install/ros_gz_interfaces/include/ros_gz_interfaces/ros_gz_interfaces/srv/detail/set_entity_pose__rosidl_typesupport_fastrtps_cpp.hpp
[13.519s] -- Installing: /home/prithiv/tentacle2/install/ros_gz_interfaces/include/ros_gz_interfaces/ros_gz_interfaces/srv/detail/spawn_entity__rosidl_typesupport_fastrtps_cpp.hpp
[13.519s] -- Installing: /home/prithiv/tentacle2/install/ros_gz_interfaces/include/ros_gz_interfaces/ros_gz_interfaces/srv/detail/delete_entity__rosidl_typesupport_fastrtps_cpp.hpp
[13.519s] -- Installing: /home/prithiv/tentacle2/install/ros_gz_interfaces/include/ros_gz_interfaces/ros_gz_interfaces/srv/detail/control_world__rosidl_typesupport_fastrtps_cpp.hpp
[13.519s] -- Installing: /home/prithiv/tentacle2/install/ros_gz_interfaces/include/ros_gz_interfaces/ros_gz_interfaces/srv/detail/dds_fastrtps
[13.520s] -- Installing: /home/prithiv/tentacle2/install/ros_gz_interfaces/lib/libros_gz_interfaces__rosidl_typesupport_fastrtps_cpp.so
[13.520s] -- Set runtime path of "/home/prithiv/tentacle2/install/ros_gz_interfaces/lib/libros_gz_interfaces__rosidl_typesupport_fastrtps_cpp.so" to ""
[13.520s] -- Up-to-date: /home/prithiv/tentacle2/install/ros_gz_interfaces/include/ros_gz_interfaces/ros_gz_interfaces
[13.520s] -- Up-to-date: /home/prithiv/tentacle2/install/ros_gz_interfaces/include/ros_gz_interfaces/ros_gz_interfaces/msg
[13.520s] -- Installing: /home/prithiv/tentacle2/install/ros_gz_interfaces/include/ros_gz_interfaces/ros_gz_interfaces/msg/rosidl_typesupport_introspection_c__visibility_control.h
[13.520s] -- Up-to-date: /home/prithiv/tentacle2/install/ros_gz_interfaces/include/ros_gz_interfaces/ros_gz_interfaces/msg/detail
[13.520s] -- Installing: /home/prithiv/tentacle2/install/ros_gz_interfaces/include/ros_gz_interfaces/ros_gz_interfaces/msg/detail/float32_array__rosidl_typesupport_introspection_c.h
[13.520s] -- Installing: /home/prithiv/tentacle2/install/ros_gz_interfaces/include/ros_gz_interfaces/ros_gz_interfaces/msg/detail/param_vec__rosidl_typesupport_introspection_c.h
[13.520s] -- Installing: /home/prithiv/tentacle2/install/ros_gz_interfaces/include/ros_gz_interfaces/ros_gz_interfaces/msg/detail/video_record__type_support.c
[13.520s] -- Installing: /home/prithiv/tentacle2/install/ros_gz_interfaces/include/ros_gz_interfaces/ros_gz_interfaces/msg/detail/material_color__rosidl_typesupport_introspection_c.h
[13.520s] -- Installing: /home/prithiv/tentacle2/install/ros_gz_interfaces/include/ros_gz_interfaces/ros_gz_interfaces/msg/detail/joint_wrench__rosidl_typesupport_introspection_c.h
[13.520s] -- Installing: /home/prithiv/tentacle2/install/ros_gz_interfaces/include/ros_gz_interfaces/ros_gz_interfaces/msg/detail/world_reset__rosidl_typesupport_introspection_c.h
[13.520s] -- Installing: /home/prithiv/tentacle2/install/ros_gz_interfaces/include/ros_gz_interfaces/ros_gz_interfaces/msg/detail/world_control__type_support.c
[13.520s] -- Installing: /home/prithiv/tentacle2/install/ros_gz_interfaces/include/ros_gz_interfaces/ros_gz_interfaces/msg/detail/string_vec__rosidl_typesupport_introspection_c.h
[13.520s] -- Installing: /home/prithiv/tentacle2/install/ros_gz_interfaces/include/ros_gz_interfaces/ros_gz_interfaces/msg/detail/light__type_support.c
[13.520s] -- Installing: /home/prithiv/tentacle2/install/ros_gz_interfaces/include/ros_gz_interfaces/ros_gz_interfaces/msg/detail/entity_factory__rosidl_typesupport_introspection_c.h
[13.520s] -- Installing: /home/prithiv/tentacle2/install/ros_gz_interfaces/include/ros_gz_interfaces/ros_gz_interfaces/msg/detail/altimeter__type_support.c
[13.520s] -- Installing: /home/prithiv/tentacle2/install/ros_gz_interfaces/include/ros_gz_interfaces/ros_gz_interfaces/msg/detail/entity__rosidl_typesupport_introspection_c.h
[13.520s] -- Installing: /home/prithiv/tentacle2/install/ros_gz_interfaces/include/ros_gz_interfaces/ros_gz_interfaces/msg/detail/video_record__rosidl_typesupport_introspection_c.h
[13.520s] -- Installing: /home/prithiv/tentacle2/install/ros_gz_interfaces/include/ros_gz_interfaces/ros_gz_interfaces/msg/detail/material_color__type_support.c
[13.520s] -- Installing: /home/prithiv/tentacle2/install/ros_gz_interfaces/include/ros_gz_interfaces/ros_gz_interfaces/msg/detail/contacts__rosidl_typesupport_introspection_c.h
[13.521s] -- Installing: /home/prithiv/tentacle2/install/ros_gz_interfaces/include/ros_gz_interfaces/ros_gz_interfaces/msg/detail/world_reset__type_support.c
[13.521s] -- Installing: /home/prithiv/tentacle2/install/ros_gz_interfaces/include/ros_gz_interfaces/ros_gz_interfaces/msg/detail/entity__type_support.c
[13.521s] -- Installing: /home/prithiv/tentacle2/install/ros_gz_interfaces/include/ros_gz_interfaces/ros_gz_interfaces/msg/detail/contact__rosidl_typesupport_introspection_c.h
[13.521s] -- Installing: /home/prithiv/tentacle2/install/ros_gz_interfaces/include/ros_gz_interfaces/ros_gz_interfaces/msg/detail/entity_wrench__rosidl_typesupport_introspection_c.h
[13.521s] -- Installing: /home/prithiv/tentacle2/install/ros_gz_interfaces/include/ros_gz_interfaces/ros_gz_interfaces/msg/detail/track_visual__rosidl_typesupport_introspection_c.h
[13.521s] -- Installing: /home/prithiv/tentacle2/install/ros_gz_interfaces/include/ros_gz_interfaces/ros_gz_interfaces/msg/detail/gui_camera__type_support.c
[13.521s] -- Installing: /home/prithiv/tentacle2/install/ros_gz_interfaces/include/ros_gz_interfaces/ros_gz_interfaces/msg/detail/light__rosidl_typesupport_introspection_c.h
[13.521s] -- Installing: /home/prithiv/tentacle2/install/ros_gz_interfaces/include/ros_gz_interfaces/ros_gz_interfaces/msg/detail/sensor_noise__type_support.c
[13.521s] -- Installing: /home/prithiv/tentacle2/install/ros_gz_interfaces/include/ros_gz_interfaces/ros_gz_interfaces/msg/detail/contact__type_support.c
[13.521s] -- Installing: /home/prithiv/tentacle2/install/ros_gz_interfaces/include/ros_gz_interfaces/ros_gz_interfaces/msg/detail/sensor_noise__rosidl_typesupport_introspection_c.h
[13.521s] -- Installing: /home/prithiv/tentacle2/install/ros_gz_interfaces/include/ros_gz_interfaces/ros_gz_interfaces/msg/detail/entity_factory__type_support.c
[13.521s] -- Installing: /home/prithiv/tentacle2/install/ros_gz_interfaces/include/ros_gz_interfaces/ros_gz_interfaces/msg/detail/track_visual__type_support.c
[13.521s] -- Installing: /home/prithiv/tentacle2/install/ros_gz_interfaces/include/ros_gz_interfaces/ros_gz_interfaces/msg/detail/param_vec__type_support.c
[13.521s] -- Installing: /home/prithiv/tentacle2/install/ros_gz_interfaces/include/ros_gz_interfaces/ros_gz_interfaces/msg/detail/string_vec__type_support.c
[13.521s] -- Installing: /home/prithiv/tentacle2/install/ros_gz_interfaces/include/ros_gz_interfaces/ros_gz_interfaces/msg/detail/dataframe__type_support.c
[13.521s] -- Installing: /home/prithiv/tentacle2/install/ros_gz_interfaces/include/ros_gz_interfaces/ros_gz_interfaces/msg/detail/gui_camera__rosidl_typesupport_introspection_c.h
[13.521s] -- Installing: /home/prithiv/tentacle2/install/ros_gz_interfaces/include/ros_gz_interfaces/ros_gz_interfaces/msg/detail/float32_array__type_support.c
[13.521s] -- Installing: /home/prithiv/tentacle2/install/ros_gz_interfaces/include/ros_gz_interfaces/ros_gz_interfaces/msg/detail/dataframe__rosidl_typesupport_introspection_c.h
[13.521s] -- Installing: /home/prithiv/tentacle2/install/ros_gz_interfaces/include/ros_gz_interfaces/ros_gz_interfaces/msg/detail/world_control__rosidl_typesupport_introspection_c.h
[13.521s] -- Installing: /home/prithiv/tentacle2/install/ros_gz_interfaces/include/ros_gz_interfaces/ros_gz_interfaces/msg/detail/contacts__type_support.c
[13.521s] -- Installing: /home/prithiv/tentacle2/install/ros_gz_interfaces/include/ros_gz_interfaces/ros_gz_interfaces/msg/detail/joint_wrench__type_support.c
[13.521s] -- Installing: /home/prithiv/tentacle2/install/ros_gz_interfaces/include/ros_gz_interfaces/ros_gz_interfaces/msg/detail/altimeter__rosidl_typesupport_introspection_c.h
[13.522s] -- Installing: /home/prithiv/tentacle2/install/ros_gz_interfaces/include/ros_gz_interfaces/ros_gz_interfaces/msg/detail/entity_wrench__type_support.c
[13.522s] -- Up-to-date: /home/prithiv/tentacle2/install/ros_gz_interfaces/include/ros_gz_interfaces/ros_gz_interfaces/srv
[13.522s] -- Up-to-date: /home/prithiv/tentacle2/install/ros_gz_interfaces/include/ros_gz_interfaces/ros_gz_interfaces/srv/detail
[13.522s] -- Installing: /home/prithiv/tentacle2/install/ros_gz_interfaces/include/ros_gz_interfaces/ros_gz_interfaces/srv/detail/spawn_entity__rosidl_typesupport_introspection_c.h
[13.522s] -- Installing: /home/prithiv/tentacle2/install/ros_gz_interfaces/include/ros_gz_interfaces/ros_gz_interfaces/srv/detail/spawn_entity__type_support.c
[13.522s] -- Installing: /home/prithiv/tentacle2/install/ros_gz_interfaces/include/ros_gz_interfaces/ros_gz_interfaces/srv/detail/set_entity_pose__rosidl_typesupport_introspection_c.h
[13.522s] -- Installing: /home/prithiv/tentacle2/install/ros_gz_interfaces/include/ros_gz_interfaces/ros_gz_interfaces/srv/detail/delete_entity__type_support.c
[13.522s] -- Installing: /home/prithiv/tentacle2/install/ros_gz_interfaces/include/ros_gz_interfaces/ros_gz_interfaces/srv/detail/control_world__rosidl_typesupport_introspection_c.h
[13.522s] -- Installing: /home/prithiv/tentacle2/install/ros_gz_interfaces/include/ros_gz_interfaces/ros_gz_interfaces/srv/detail/set_entity_pose__type_support.c
[13.522s] -- Installing: /home/prithiv/tentacle2/install/ros_gz_interfaces/include/ros_gz_interfaces/ros_gz_interfaces/srv/detail/delete_entity__rosidl_typesupport_introspection_c.h
[13.522s] -- Installing: /home/prithiv/tentacle2/install/ros_gz_interfaces/include/ros_gz_interfaces/ros_gz_interfaces/srv/detail/control_world__type_support.c
[13.522s] -- Installing: /home/prithiv/tentacle2/install/ros_gz_interfaces/lib/libros_gz_interfaces__rosidl_typesupport_introspection_c.so
[13.522s] -- Set runtime path of "/home/prithiv/tentacle2/install/ros_gz_interfaces/lib/libros_gz_interfaces__rosidl_typesupport_introspection_c.so" to ""
[13.522s] -- Installing: /home/prithiv/tentacle2/install/ros_gz_interfaces/lib/libros_gz_interfaces__rosidl_typesupport_c.so
[13.522s] -- Set runtime path of "/home/prithiv/tentacle2/install/ros_gz_interfaces/lib/libros_gz_interfaces__rosidl_typesupport_c.so" to ""
[13.522s] -- Up-to-date: /home/prithiv/tentacle2/install/ros_gz_interfaces/include/ros_gz_interfaces/ros_gz_interfaces
[13.522s] -- Up-to-date: /home/prithiv/tentacle2/install/ros_gz_interfaces/include/ros_gz_interfaces/ros_gz_interfaces/msg
[13.522s] -- Up-to-date: /home/prithiv/tentacle2/install/ros_gz_interfaces/include/ros_gz_interfaces/ros_gz_interfaces/msg/detail
[13.522s] -- Installing: /home/prithiv/tentacle2/install/ros_gz_interfaces/include/ros_gz_interfaces/ros_gz_interfaces/msg/detail/string_vec__rosidl_typesupport_introspection_cpp.hpp
[13.522s] -- Installing: /home/prithiv/tentacle2/install/ros_gz_interfaces/include/ros_gz_interfaces/ros_gz_interfaces/msg/detail/track_visual__rosidl_typesupport_introspection_cpp.hpp
[13.522s] -- Installing: /home/prithiv/tentacle2/install/ros_gz_interfaces/include/ros_gz_interfaces/ros_gz_interfaces/msg/detail/light__rosidl_typesupport_introspection_cpp.hpp
[13.523s] -- Installing: /home/prithiv/tentacle2/install/ros_gz_interfaces/include/ros_gz_interfaces/ros_gz_interfaces/msg/detail/entity_factory__type_support.cpp
[13.523s] -- Installing: /home/prithiv/tentacle2/install/ros_gz_interfaces/include/ros_gz_interfaces/ros_gz_interfaces/msg/detail/gui_camera__type_support.cpp
[13.523s] -- Installing: /home/prithiv/tentacle2/install/ros_gz_interfaces/include/ros_gz_interfaces/ros_gz_interfaces/msg/detail/world_reset__rosidl_typesupport_introspection_cpp.hpp
[13.523s] -- Installing: /home/prithiv/tentacle2/install/ros_gz_interfaces/include/ros_gz_interfaces/ros_gz_interfaces/msg/detail/material_color__type_support.cpp
[13.523s] -- Installing: /home/prithiv/tentacle2/install/ros_gz_interfaces/include/ros_gz_interfaces/ros_gz_interfaces/msg/detail/contact__type_support.cpp
[13.523s] -- Installing: /home/prithiv/tentacle2/install/ros_gz_interfaces/include/ros_gz_interfaces/ros_gz_interfaces/msg/detail/light__type_support.cpp
[13.523s] -- Installing: /home/prithiv/tentacle2/install/ros_gz_interfaces/include/ros_gz_interfaces/ros_gz_interfaces/msg/detail/entity_wrench__rosidl_typesupport_introspection_cpp.hpp
[13.523s] -- Installing: /home/prithiv/tentacle2/install/ros_gz_interfaces/include/ros_gz_interfaces/ros_gz_interfaces/msg/detail/video_record__type_support.cpp
[13.523s] -- Installing: /home/prithiv/tentacle2/install/ros_gz_interfaces/include/ros_gz_interfaces/ros_gz_interfaces/msg/detail/entity_wrench__type_support.cpp
[13.523s] -- Installing: /home/prithiv/tentacle2/install/ros_gz_interfaces/include/ros_gz_interfaces/ros_gz_interfaces/msg/detail/dataframe__rosidl_typesupport_introspection_cpp.hpp
[13.523s] -- Installing: /home/prithiv/tentacle2/install/ros_gz_interfaces/include/ros_gz_interfaces/ros_gz_interfaces/msg/detail/contacts__type_support.cpp
[13.523s] -- Installing: /home/prithiv/tentacle2/install/ros_gz_interfaces/include/ros_gz_interfaces/ros_gz_interfaces/msg/detail/sensor_noise__rosidl_typesupport_introspection_cpp.hpp
[13.523s] -- Installing: /home/prithiv/tentacle2/install/ros_gz_interfaces/include/ros_gz_interfaces/ros_gz_interfaces/msg/detail/world_control__rosidl_typesupport_introspection_cpp.hpp
[13.523s] -- Installing: /home/prithiv/tentacle2/install/ros_gz_interfaces/include/ros_gz_interfaces/ros_gz_interfaces/msg/detail/video_record__rosidl_typesupport_introspection_cpp.hpp
[13.523s] -- Installing: /home/prithiv/tentacle2/install/ros_gz_interfaces/include/ros_gz_interfaces/ros_gz_interfaces/msg/detail/altimeter__type_support.cpp
[13.523s] -- Installing: /home/prithiv/tentacle2/install/ros_gz_interfaces/include/ros_gz_interfaces/ros_gz_interfaces/msg/detail/contact__rosidl_typesupport_introspection_cpp.hpp
[13.524s] -- Installing: /home/prithiv/tentacle2/install/ros_gz_interfaces/include/ros_gz_interfaces/ros_gz_interfaces/msg/detail/gui_camera__rosidl_typesupport_introspection_cpp.hpp
[13.524s] -- Installing: /home/prithiv/tentacle2/install/ros_gz_interfaces/include/ros_gz_interfaces/ros_gz_interfaces/msg/detail/contacts__rosidl_typesupport_introspection_cpp.hpp
[13.524s] -- Installing: /home/prithiv/tentacle2/install/ros_gz_interfaces/include/ros_gz_interfaces/ros_gz_interfaces/msg/detail/track_visual__type_support.cpp
[13.524s] -- Installing: /home/prithiv/tentacle2/install/ros_gz_interfaces/include/ros_gz_interfaces/ros_gz_interfaces/msg/detail/param_vec__type_support.cpp
[13.524s] -- Installing: /home/prithiv/tentacle2/install/ros_gz_interfaces/include/ros_gz_interfaces/ros_gz_interfaces/msg/detail/joint_wrench__type_support.cpp
[13.524s] -- Installing: /home/prithiv/tentacle2/install/ros_gz_interfaces/include/ros_gz_interfaces/ros_gz_interfaces/msg/detail/param_vec__rosidl_typesupport_introspection_cpp.hpp
[13.524s] -- Installing: /home/prithiv/tentacle2/install/ros_gz_interfaces/include/ros_gz_interfaces/ros_gz_interfaces/msg/detail/altimeter__rosidl_typesupport_introspection_cpp.hpp
[13.524s] -- Installing: /home/prithiv/tentacle2/install/ros_gz_interfaces/include/ros_gz_interfaces/ros_gz_interfaces/msg/detail/world_control__type_support.cpp
[13.524s] -- Installing: /home/prithiv/tentacle2/install/ros_gz_interfaces/include/ros_gz_interfaces/ros_gz_interfaces/msg/detail/entity__rosidl_typesupport_introspection_cpp.hpp
[13.524s] -- Installing: /home/prithiv/tentacle2/install/ros_gz_interfaces/include/ros_gz_interfaces/ros_gz_interfaces/msg/detail/entity__type_support.cpp
[13.524s] -- Installing: /home/prithiv/tentacle2/install/ros_gz_interfaces/include/ros_gz_interfaces/ros_gz_interfaces/msg/detail/material_color__rosidl_typesupport_introspection_cpp.hpp
[13.524s] -- Installing: /home/prithiv/tentacle2/install/ros_gz_interfaces/include/ros_gz_interfaces/ros_gz_interfaces/msg/detail/string_vec__type_support.cpp
[13.524s] -- Installing: /home/prithiv/tentacle2/install/ros_gz_interfaces/include/ros_gz_interfaces/ros_gz_interfaces/msg/detail/sensor_noise__type_support.cpp
[13.524s] -- Installing: /home/prithiv/tentacle2/install/ros_gz_interfaces/include/ros_gz_interfaces/ros_gz_interfaces/msg/detail/joint_wrench__rosidl_typesupport_introspection_cpp.hpp
[13.524s] -- Installing: /home/prithiv/tentacle2/install/ros_gz_interfaces/include/ros_gz_interfaces/ros_gz_interfaces/msg/detail/float32_array__rosidl_typesupport_introspection_cpp.hpp
[13.524s] -- Installing: /home/prithiv/tentacle2/install/ros_gz_interfaces/include/ros_gz_interfaces/ros_gz_interfaces/msg/detail/entity_factory__rosidl_typesupport_introspection_cpp.hpp
[13.524s] -- Installing: /home/prithiv/tentacle2/install/ros_gz_interfaces/include/ros_gz_interfaces/ros_gz_interfaces/msg/detail/world_reset__type_support.cpp
[13.524s] -- Installing: /home/prithiv/tentacle2/install/ros_gz_interfaces/include/ros_gz_interfaces/ros_gz_interfaces/msg/detail/dataframe__type_support.cpp
[13.525s] -- Installing: /home/prithiv/tentacle2/install/ros_gz_interfaces/include/ros_gz_interfaces/ros_gz_interfaces/msg/detail/float32_array__type_support.cpp
[13.525s] -- Up-to-date: /home/prithiv/tentacle2/install/ros_gz_interfaces/include/ros_gz_interfaces/ros_gz_interfaces/srv
[13.525s] -- Up-to-date: /home/prithiv/tentacle2/install/ros_gz_interfaces/include/ros_gz_interfaces/ros_gz_interfaces/srv/detail
[13.525s] -- Installing: /home/prithiv/tentacle2/install/ros_gz_interfaces/include/ros_gz_interfaces/ros_gz_interfaces/srv/detail/set_entity_pose__type_support.cpp
[13.525s] -- Installing: /home/prithiv/tentacle2/install/ros_gz_interfaces/include/ros_gz_interfaces/ros_gz_interfaces/srv/detail/set_entity_pose__rosidl_typesupport_introspection_cpp.hpp
[13.525s] -- Installing: /home/prithiv/tentacle2/install/ros_gz_interfaces/include/ros_gz_interfaces/ros_gz_interfaces/srv/detail/spawn_entity__rosidl_typesupport_introspection_cpp.hpp
[13.525s] -- Installing: /home/prithiv/tentacle2/install/ros_gz_interfaces/include/ros_gz_interfaces/ros_gz_interfaces/srv/detail/spawn_entity__type_support.cpp
[13.525s] -- Installing: /home/prithiv/tentacle2/install/ros_gz_interfaces/include/ros_gz_interfaces/ros_gz_interfaces/srv/detail/delete_entity__rosidl_typesupport_introspection_cpp.hpp
[13.525s] -- Installing: /home/prithiv/tentacle2/install/ros_gz_interfaces/include/ros_gz_interfaces/ros_gz_interfaces/srv/detail/delete_entity__type_support.cpp
[13.525s] -- Installing: /home/prithiv/tentacle2/install/ros_gz_interfaces/include/ros_gz_interfaces/ros_gz_interfaces/srv/detail/control_world__type_support.cpp
[13.525s] -- Installing: /home/prithiv/tentacle2/install/ros_gz_interfaces/include/ros_gz_interfaces/ros_gz_interfaces/srv/detail/control_world__rosidl_typesupport_introspection_cpp.hpp
[13.525s] -- Installing: /home/prithiv/tentacle2/install/ros_gz_interfaces/lib/libros_gz_interfaces__rosidl_typesupport_introspection_cpp.so
[13.525s] -- Set runtime path of "/home/prithiv/tentacle2/install/ros_gz_interfaces/lib/libros_gz_interfaces__rosidl_typesupport_introspection_cpp.so" to ""
[13.525s] -- Installing: /home/prithiv/tentacle2/install/ros_gz_interfaces/lib/libros_gz_interfaces__rosidl_typesupport_cpp.so
[13.525s] -- Set runtime path of "/home/prithiv/tentacle2/install/ros_gz_interfaces/lib/libros_gz_interfaces__rosidl_typesupport_cpp.so" to ""
[13.525s] -- Installing: /home/prithiv/tentacle2/install/ros_gz_interfaces/share/ros_gz_interfaces/environment/pythonpath.sh
[13.525s] -- Installing: /home/prithiv/tentacle2/install/ros_gz_interfaces/share/ros_gz_interfaces/environment/pythonpath.dsv
[13.525s] -- Installing: /home/prithiv/tentacle2/install/ros_gz_interfaces/local/lib/python3.10/dist-packages/ros_gz_interfaces-0.244.16-py3.10.egg-info
[13.525s] -- Installing: /home/prithiv/tentacle2/install/ros_gz_interfaces/local/lib/python3.10/dist-packages/ros_gz_interfaces-0.244.16-py3.10.egg-info/dependency_links.txt
[13.525s] -- Installing: /home/prithiv/tentacle2/install/ros_gz_interfaces/local/lib/python3.10/dist-packages/ros_gz_interfaces-0.244.16-py3.10.egg-info/top_level.txt
[13.525s] -- Installing: /home/prithiv/tentacle2/install/ros_gz_interfaces/local/lib/python3.10/dist-packages/ros_gz_interfaces-0.244.16-py3.10.egg-info/SOURCES.txt
[13.525s] -- Installing: /home/prithiv/tentacle2/install/ros_gz_interfaces/local/lib/python3.10/dist-packages/ros_gz_interfaces-0.244.16-py3.10.egg-info/PKG-INFO
[13.526s] -- Installing: /home/prithiv/tentacle2/install/ros_gz_interfaces/local/lib/python3.10/dist-packages/ros_gz_interfaces
[13.526s] -- Installing: /home/prithiv/tentacle2/install/ros_gz_interfaces/local/lib/python3.10/dist-packages/ros_gz_interfaces/_ros_gz_interfaces_s.ep.rosidl_typesupport_c.c
[13.526s] -- Installing: /home/prithiv/tentacle2/install/ros_gz_interfaces/local/lib/python3.10/dist-packages/ros_gz_interfaces/ros_gz_interfaces_s__rosidl_typesupport_introspection_c.cpython-310-x86_64-linux-gnu.so
[13.526s] -- Installing: /home/prithiv/tentacle2/install/ros_gz_interfaces/local/lib/python3.10/dist-packages/ros_gz_interfaces/_ros_gz_interfaces_s.ep.rosidl_typesupport_introspection_c.c
[13.526s] -- Installing: /home/prithiv/tentacle2/install/ros_gz_interfaces/local/lib/python3.10/dist-packages/ros_gz_interfaces/ros_gz_interfaces_s__rosidl_typesupport_c.cpython-310-x86_64-linux-gnu.so
[13.526s] -- Installing: /home/prithiv/tentacle2/install/ros_gz_interfaces/local/lib/python3.10/dist-packages/ros_gz_interfaces/ros_gz_interfaces_s__rosidl_typesupport_fastrtps_c.cpython-310-x86_64-linux-gnu.so
[13.526s] -- Installing: /home/prithiv/tentacle2/install/ros_gz_interfaces/local/lib/python3.10/dist-packages/ros_gz_interfaces/libros_gz_interfaces__rosidl_generator_py.so
[13.526s] -- Installing: /home/prithiv/tentacle2/install/ros_gz_interfaces/local/lib/python3.10/dist-packages/ros_gz_interfaces/msg
[13.526s] -- Installing: /home/prithiv/tentacle2/install/ros_gz_interfaces/local/lib/python3.10/dist-packages/ros_gz_interfaces/msg/_world_reset_s.c
[13.526s] -- Installing: /home/prithiv/tentacle2/install/ros_gz_interfaces/local/lib/python3.10/dist-packages/ros_gz_interfaces/msg/_float32_array_s.c
[13.526s] -- Installing: /home/prithiv/tentacle2/install/ros_gz_interfaces/local/lib/python3.10/dist-packages/ros_gz_interfaces/msg/_string_vec_s.c
[13.526s] -- Installing: /home/prithiv/tentacle2/install/ros_gz_interfaces/local/lib/python3.10/dist-packages/ros_gz_interfaces/msg/_param_vec.py
[13.526s] -- Installing: /home/prithiv/tentacle2/install/ros_gz_interfaces/local/lib/python3.10/dist-packages/ros_gz_interfaces/msg/_float32_array.py
[13.526s] -- Installing: /home/prithiv/tentacle2/install/ros_gz_interfaces/local/lib/python3.10/dist-packages/ros_gz_interfaces/msg/_gui_camera_s.c
[13.526s] -- Installing: /home/prithiv/tentacle2/install/ros_gz_interfaces/local/lib/python3.10/dist-packages/ros_gz_interfaces/msg/_dataframe.py
[13.526s] -- Installing: /home/prithiv/tentacle2/install/ros_gz_interfaces/local/lib/python3.10/dist-packages/ros_gz_interfaces/msg/_track_visual_s.c
[13.526s] -- Installing: /home/prithiv/tentacle2/install/ros_gz_interfaces/local/lib/python3.10/dist-packages/ros_gz_interfaces/msg/_world_control_s.c
[13.526s] -- Installing: /home/prithiv/tentacle2/install/ros_gz_interfaces/local/lib/python3.10/dist-packages/ros_gz_interfaces/msg/_light.py
[13.526s] -- Installing: /home/prithiv/tentacle2/install/ros_gz_interfaces/local/lib/python3.10/dist-packages/ros_gz_interfaces/msg/_contact.py
[13.526s] -- Installing: /home/prithiv/tentacle2/install/ros_gz_interfaces/local/lib/python3.10/dist-packages/ros_gz_interfaces/msg/_sensor_noise.py
[13.526s] -- Installing: /home/prithiv/tentacle2/install/ros_gz_interfaces/local/lib/python3.10/dist-packages/ros_gz_interfaces/msg/_altimeter_s.c
[13.526s] -- Installing: /home/prithiv/tentacle2/install/ros_gz_interfaces/local/lib/python3.10/dist-packages/ros_gz_interfaces/msg/_entity_factory.py
[13.526s] -- Installing: /home/prithiv/tentacle2/install/ros_gz_interfaces/local/lib/python3.10/dist-packages/ros_gz_interfaces/msg/_material_color.py
[13.527s] -- Installing: /home/prithiv/tentacle2/install/ros_gz_interfaces/local/lib/python3.10/dist-packages/ros_gz_interfaces/msg/_entity.py
[13.527s] -- Installing: /home/prithiv/tentacle2/install/ros_gz_interfaces/local/lib/python3.10/dist-packages/ros_gz_interfaces/msg/_contact_s.c
[13.527s] -- Installing: /home/prithiv/tentacle2/install/ros_gz_interfaces/local/lib/python3.10/dist-packages/ros_gz_interfaces/msg/_contacts_s.c
[13.527s] -- Installing: /home/prithiv/tentacle2/install/ros_gz_interfaces/local/lib/python3.10/dist-packages/ros_gz_interfaces/msg/_contacts.py
[13.527s] -- Installing: /home/prithiv/tentacle2/install/ros_gz_interfaces/local/lib/python3.10/dist-packages/ros_gz_interfaces/msg/_altimeter.py
[13.527s] -- Installing: /home/prithiv/tentacle2/install/ros_gz_interfaces/local/lib/python3.10/dist-packages/ros_gz_interfaces/msg/_entity_wrench.py
[13.527s] -- Installing: /home/prithiv/tentacle2/install/ros_gz_interfaces/local/lib/python3.10/dist-packages/ros_gz_interfaces/msg/_world_control.py
[13.527s] -- Installing: /home/prithiv/tentacle2/install/ros_gz_interfaces/local/lib/python3.10/dist-packages/ros_gz_interfaces/msg/_world_reset.py
[13.527s] -- Installing: /home/prithiv/tentacle2/install/ros_gz_interfaces/local/lib/python3.10/dist-packages/ros_gz_interfaces/msg/_video_record_s.c
[13.527s] -- Installing: /home/prithiv/tentacle2/install/ros_gz_interfaces/local/lib/python3.10/dist-packages/ros_gz_interfaces/msg/_video_record.py
[13.527s] -- Installing: /home/prithiv/tentacle2/install/ros_gz_interfaces/local/lib/python3.10/dist-packages/ros_gz_interfaces/msg/_gui_camera.py
[13.527s] -- Installing: /home/prithiv/tentacle2/install/ros_gz_interfaces/local/lib/python3.10/dist-packages/ros_gz_interfaces/msg/_string_vec.py
[13.527s] -- Installing: /home/prithiv/tentacle2/install/ros_gz_interfaces/local/lib/python3.10/dist-packages/ros_gz_interfaces/msg/_light_s.c
[13.527s] -- Installing: /home/prithiv/tentacle2/install/ros_gz_interfaces/local/lib/python3.10/dist-packages/ros_gz_interfaces/msg/_param_vec_s.c
[13.527s] -- Installing: /home/prithiv/tentacle2/install/ros_gz_interfaces/local/lib/python3.10/dist-packages/ros_gz_interfaces/msg/_entity_s.c
[13.527s] -- Installing: /home/prithiv/tentacle2/install/ros_gz_interfaces/local/lib/python3.10/dist-packages/ros_gz_interfaces/msg/_entity_factory_s.c
[13.527s] -- Installing: /home/prithiv/tentacle2/install/ros_gz_interfaces/local/lib/python3.10/dist-packages/ros_gz_interfaces/msg/_dataframe_s.c
[13.527s] -- Installing: /home/prithiv/tentacle2/install/ros_gz_interfaces/local/lib/python3.10/dist-packages/ros_gz_interfaces/msg/_sensor_noise_s.c
[13.527s] -- Installing: /home/prithiv/tentacle2/install/ros_gz_interfaces/local/lib/python3.10/dist-packages/ros_gz_interfaces/msg/_track_visual.py
[13.527s] -- Installing: /home/prithiv/tentacle2/install/ros_gz_interfaces/local/lib/python3.10/dist-packages/ros_gz_interfaces/msg/_joint_wrench_s.c
[13.527s] -- Installing: /home/prithiv/tentacle2/install/ros_gz_interfaces/local/lib/python3.10/dist-packages/ros_gz_interfaces/msg/_entity_wrench_s.c
[13.527s] -- Installing: /home/prithiv/tentacle2/install/ros_gz_interfaces/local/lib/python3.10/dist-packages/ros_gz_interfaces/msg/__init__.py
[13.527s] -- Installing: /home/prithiv/tentacle2/install/ros_gz_interfaces/local/lib/python3.10/dist-packages/ros_gz_interfaces/msg/_joint_wrench.py
[13.527s] -- Installing: /home/prithiv/tentacle2/install/ros_gz_interfaces/local/lib/python3.10/dist-packages/ros_gz_interfaces/msg/_material_color_s.c
[13.527s] -- Installing: /home/prithiv/tentacle2/install/ros_gz_interfaces/local/lib/python3.10/dist-packages/ros_gz_interfaces/_ros_gz_interfaces_s.ep.rosidl_typesupport_fastrtps_c.c
[13.527s] -- Installing: /home/prithiv/tentacle2/install/ros_gz_interfaces/local/lib/python3.10/dist-packages/ros_gz_interfaces/srv
[13.528s] -- Installing: /home/prithiv/tentacle2/install/ros_gz_interfaces/local/lib/python3.10/dist-packages/ros_gz_interfaces/srv/_control_world_s.c
[13.528s] -- Installing: /home/prithiv/tentacle2/install/ros_gz_interfaces/local/lib/python3.10/dist-packages/ros_gz_interfaces/srv/_control_world.py
[13.528s] -- Installing: /home/prithiv/tentacle2/install/ros_gz_interfaces/local/lib/python3.10/dist-packages/ros_gz_interfaces/srv/_set_entity_pose_s.c
[13.528s] -- Installing: /home/prithiv/tentacle2/install/ros_gz_interfaces/local/lib/python3.10/dist-packages/ros_gz_interfaces/srv/_set_entity_pose.py
[13.528s] -- Installing: /home/prithiv/tentacle2/install/ros_gz_interfaces/local/lib/python3.10/dist-packages/ros_gz_interfaces/srv/_delete_entity_s.c
[13.528s] -- Installing: /home/prithiv/tentacle2/install/ros_gz_interfaces/local/lib/python3.10/dist-packages/ros_gz_interfaces/srv/_spawn_entity_s.c
[13.528s] -- Installing: /home/prithiv/tentacle2/install/ros_gz_interfaces/local/lib/python3.10/dist-packages/ros_gz_interfaces/srv/_spawn_entity.py
[13.528s] -- Installing: /home/prithiv/tentacle2/install/ros_gz_interfaces/local/lib/python3.10/dist-packages/ros_gz_interfaces/srv/__init__.py
[13.528s] -- Installing: /home/prithiv/tentacle2/install/ros_gz_interfaces/local/lib/python3.10/dist-packages/ros_gz_interfaces/srv/_delete_entity.py
[13.528s] -- Installing: /home/prithiv/tentacle2/install/ros_gz_interfaces/local/lib/python3.10/dist-packages/ros_gz_interfaces/__init__.py
[13.576s] Listing '/home/prithiv/tentacle2/install/ros_gz_interfaces/local/lib/python3.10/dist-packages/ros_gz_interfaces'...
[13.576s] Compiling '/home/prithiv/tentacle2/install/ros_gz_interfaces/local/lib/python3.10/dist-packages/ros_gz_interfaces/__init__.py'...
[13.576s] Listing '/home/prithiv/tentacle2/install/ros_gz_interfaces/local/lib/python3.10/dist-packages/ros_gz_interfaces/msg'...
[13.576s] Compiling '/home/prithiv/tentacle2/install/ros_gz_interfaces/local/lib/python3.10/dist-packages/ros_gz_interfaces/msg/__init__.py'...
[13.576s] Compiling '/home/prithiv/tentacle2/install/ros_gz_interfaces/local/lib/python3.10/dist-packages/ros_gz_interfaces/msg/_altimeter.py'...
[13.576s] Compiling '/home/prithiv/tentacle2/install/ros_gz_interfaces/local/lib/python3.10/dist-packages/ros_gz_interfaces/msg/_contact.py'...
[13.576s] Compiling '/home/prithiv/tentacle2/install/ros_gz_interfaces/local/lib/python3.10/dist-packages/ros_gz_interfaces/msg/_contacts.py'...
[13.576s] Compiling '/home/prithiv/tentacle2/install/ros_gz_interfaces/local/lib/python3.10/dist-packages/ros_gz_interfaces/msg/_dataframe.py'...
[13.576s] Compiling '/home/prithiv/tentacle2/install/ros_gz_interfaces/local/lib/python3.10/dist-packages/ros_gz_interfaces/msg/_entity.py'...
[13.576s] Compiling '/home/prithiv/tentacle2/install/ros_gz_interfaces/local/lib/python3.10/dist-packages/ros_gz_interfaces/msg/_entity_factory.py'...
[13.576s] Compiling '/home/prithiv/tentacle2/install/ros_gz_interfaces/local/lib/python3.10/dist-packages/ros_gz_interfaces/msg/_entity_wrench.py'...
[13.576s] Compiling '/home/prithiv/tentacle2/install/ros_gz_interfaces/local/lib/python3.10/dist-packages/ros_gz_interfaces/msg/_float32_array.py'...
[13.576s] Compiling '/home/prithiv/tentacle2/install/ros_gz_interfaces/local/lib/python3.10/dist-packages/ros_gz_interfaces/msg/_gui_camera.py'...
[13.576s] Compiling '/home/prithiv/tentacle2/install/ros_gz_interfaces/local/lib/python3.10/dist-packages/ros_gz_interfaces/msg/_joint_wrench.py'...
[13.576s] Compiling '/home/prithiv/tentacle2/install/ros_gz_interfaces/local/lib/python3.10/dist-packages/ros_gz_interfaces/msg/_light.py'...
[13.576s] Compiling '/home/prithiv/tentacle2/install/ros_gz_interfaces/local/lib/python3.10/dist-packages/ros_gz_interfaces/msg/_material_color.py'...
[13.576s] Compiling '/home/prithiv/tentacle2/install/ros_gz_interfaces/local/lib/python3.10/dist-packages/ros_gz_interfaces/msg/_param_vec.py'...
[13.576s] Compiling '/home/prithiv/tentacle2/install/ros_gz_interfaces/local/lib/python3.10/dist-packages/ros_gz_interfaces/msg/_sensor_noise.py'...
[13.577s] Compiling '/home/prithiv/tentacle2/install/ros_gz_interfaces/local/lib/python3.10/dist-packages/ros_gz_interfaces/msg/_string_vec.py'...
[13.577s] Compiling '/home/prithiv/tentacle2/install/ros_gz_interfaces/local/lib/python3.10/dist-packages/ros_gz_interfaces/msg/_track_visual.py'...
[13.577s] Compiling '/home/prithiv/tentacle2/install/ros_gz_interfaces/local/lib/python3.10/dist-packages/ros_gz_interfaces/msg/_video_record.py'...
[13.577s] Compiling '/home/prithiv/tentacle2/install/ros_gz_interfaces/local/lib/python3.10/dist-packages/ros_gz_interfaces/msg/_world_control.py'...
[13.577s] Compiling '/home/prithiv/tentacle2/install/ros_gz_interfaces/local/lib/python3.10/dist-packages/ros_gz_interfaces/msg/_world_reset.py'...
[13.577s] Listing '/home/prithiv/tentacle2/install/ros_gz_interfaces/local/lib/python3.10/dist-packages/ros_gz_interfaces/srv'...
[13.577s] Compiling '/home/prithiv/tentacle2/install/ros_gz_interfaces/local/lib/python3.10/dist-packages/ros_gz_interfaces/srv/__init__.py'...
[13.577s] Compiling '/home/prithiv/tentacle2/install/ros_gz_interfaces/local/lib/python3.10/dist-packages/ros_gz_interfaces/srv/_control_world.py'...
[13.577s] Compiling '/home/prithiv/tentacle2/install/ros_gz_interfaces/local/lib/python3.10/dist-packages/ros_gz_interfaces/srv/_delete_entity.py'...
[13.577s] Compiling '/home/prithiv/tentacle2/install/ros_gz_interfaces/local/lib/python3.10/dist-packages/ros_gz_interfaces/srv/_set_entity_pose.py'...
[13.577s] Compiling '/home/prithiv/tentacle2/install/ros_gz_interfaces/local/lib/python3.10/dist-packages/ros_gz_interfaces/srv/_spawn_entity.py'...
[13.579s] -- Installing: /home/prithiv/tentacle2/install/ros_gz_interfaces/local/lib/python3.10/dist-packages/ros_gz_interfaces/ros_gz_interfaces_s__rosidl_typesupport_fastrtps_c.cpython-310-x86_64-linux-gnu.so
[13.580s] -- Set runtime path of "/home/prithiv/tentacle2/install/ros_gz_interfaces/local/lib/python3.10/dist-packages/ros_gz_interfaces/ros_gz_interfaces_s__rosidl_typesupport_fastrtps_c.cpython-310-x86_64-linux-gnu.so" to ""
[13.580s] -- Installing: /home/prithiv/tentacle2/install/ros_gz_interfaces/local/lib/python3.10/dist-packages/ros_gz_interfaces/ros_gz_interfaces_s__rosidl_typesupport_introspection_c.cpython-310-x86_64-linux-gnu.so
[13.580s] -- Set runtime path of "/home/prithiv/tentacle2/install/ros_gz_interfaces/local/lib/python3.10/dist-packages/ros_gz_interfaces/ros_gz_interfaces_s__rosidl_typesupport_introspection_c.cpython-310-x86_64-linux-gnu.so" to ""
[13.580s] -- Installing: /home/prithiv/tentacle2/install/ros_gz_interfaces/local/lib/python3.10/dist-packages/ros_gz_interfaces/ros_gz_interfaces_s__rosidl_typesupport_c.cpython-310-x86_64-linux-gnu.so
[13.580s] -- Set runtime path of "/home/prithiv/tentacle2/install/ros_gz_interfaces/local/lib/python3.10/dist-packages/ros_gz_interfaces/ros_gz_interfaces_s__rosidl_typesupport_c.cpython-310-x86_64-linux-gnu.so" to ""
[13.580s] -- Installing: /home/prithiv/tentacle2/install/ros_gz_interfaces/lib/libros_gz_interfaces__rosidl_generator_py.so
[13.581s] -- Set runtime path of "/home/prithiv/tentacle2/install/ros_gz_interfaces/lib/libros_gz_interfaces__rosidl_generator_py.so" to ""
[13.581s] -- Installing: /home/prithiv/tentacle2/install/ros_gz_interfaces/share/ros_gz_interfaces/msg/Altimeter.idl
[13.581s] -- Installing: /home/prithiv/tentacle2/install/ros_gz_interfaces/share/ros_gz_interfaces/msg/Contact.idl
[13.581s] -- Installing: /home/prithiv/tentacle2/install/ros_gz_interfaces/share/ros_gz_interfaces/msg/Contacts.idl
[13.581s] -- Installing: /home/prithiv/tentacle2/install/ros_gz_interfaces/share/ros_gz_interfaces/msg/Dataframe.idl
[13.581s] -- Installing: /home/prithiv/tentacle2/install/ros_gz_interfaces/share/ros_gz_interfaces/msg/Entity.idl
[13.581s] -- Installing: /home/prithiv/tentacle2/install/ros_gz_interfaces/share/ros_gz_interfaces/msg/EntityFactory.idl
[13.581s] -- Installing: /home/prithiv/tentacle2/install/ros_gz_interfaces/share/ros_gz_interfaces/msg/EntityWrench.idl
[13.581s] -- Installing: /home/prithiv/tentacle2/install/ros_gz_interfaces/share/ros_gz_interfaces/msg/Float32Array.idl
[13.581s] -- Installing: /home/prithiv/tentacle2/install/ros_gz_interfaces/share/ros_gz_interfaces/msg/GuiCamera.idl
[13.581s] -- Installing: /home/prithiv/tentacle2/install/ros_gz_interfaces/share/ros_gz_interfaces/msg/JointWrench.idl
[13.581s] -- Installing: /home/prithiv/tentacle2/install/ros_gz_interfaces/share/ros_gz_interfaces/msg/Light.idl
[13.581s] -- Installing: /home/prithiv/tentacle2/install/ros_gz_interfaces/share/ros_gz_interfaces/msg/MaterialColor.idl
[13.581s] -- Installing: /home/prithiv/tentacle2/install/ros_gz_interfaces/share/ros_gz_interfaces/msg/ParamVec.idl
[13.581s] -- Installing: /home/prithiv/tentacle2/install/ros_gz_interfaces/share/ros_gz_interfaces/msg/SensorNoise.idl
[13.582s] -- Installing: /home/prithiv/tentacle2/install/ros_gz_interfaces/share/ros_gz_interfaces/msg/StringVec.idl
[13.582s] -- Installing: /home/prithiv/tentacle2/install/ros_gz_interfaces/share/ros_gz_interfaces/msg/TrackVisual.idl
[13.582s] -- Installing: /home/prithiv/tentacle2/install/ros_gz_interfaces/share/ros_gz_interfaces/msg/VideoRecord.idl
[13.582s] -- Installing: /home/prithiv/tentacle2/install/ros_gz_interfaces/share/ros_gz_interfaces/msg/WorldControl.idl
[13.582s] -- Installing: /home/prithiv/tentacle2/install/ros_gz_interfaces/share/ros_gz_interfaces/msg/WorldReset.idl
[13.582s] -- Installing: /home/prithiv/tentacle2/install/ros_gz_interfaces/share/ros_gz_interfaces/srv/ControlWorld.idl
[13.582s] -- Installing: /home/prithiv/tentacle2/install/ros_gz_interfaces/share/ros_gz_interfaces/srv/DeleteEntity.idl
[13.582s] -- Installing: /home/prithiv/tentacle2/install/ros_gz_interfaces/share/ros_gz_interfaces/srv/SetEntityPose.idl
[13.582s] -- Installing: /home/prithiv/tentacle2/install/ros_gz_interfaces/share/ros_gz_interfaces/srv/SpawnEntity.idl
[13.582s] -- Installing: /home/prithiv/tentacle2/install/ros_gz_interfaces/share/ros_gz_interfaces/msg/Altimeter.msg
[13.582s] -- Installing: /home/prithiv/tentacle2/install/ros_gz_interfaces/share/ros_gz_interfaces/msg/Contact.msg
[13.582s] -- Installing: /home/prithiv/tentacle2/install/ros_gz_interfaces/share/ros_gz_interfaces/msg/Contacts.msg
[13.582s] -- Installing: /home/prithiv/tentacle2/install/ros_gz_interfaces/share/ros_gz_interfaces/msg/Dataframe.msg
[13.582s] -- Installing: /home/prithiv/tentacle2/install/ros_gz_interfaces/share/ros_gz_interfaces/msg/Entity.msg
[13.582s] -- Installing: /home/prithiv/tentacle2/install/ros_gz_interfaces/share/ros_gz_interfaces/msg/EntityFactory.msg
[13.582s] -- Installing: /home/prithiv/tentacle2/install/ros_gz_interfaces/share/ros_gz_interfaces/msg/EntityWrench.msg
[13.583s] -- Installing: /home/prithiv/tentacle2/install/ros_gz_interfaces/share/ros_gz_interfaces/msg/Float32Array.msg
[13.583s] -- Installing: /home/prithiv/tentacle2/install/ros_gz_interfaces/share/ros_gz_interfaces/msg/GuiCamera.msg
[13.583s] -- Installing: /home/prithiv/tentacle2/install/ros_gz_interfaces/share/ros_gz_interfaces/msg/JointWrench.msg
[13.583s] -- Installing: /home/prithiv/tentacle2/install/ros_gz_interfaces/share/ros_gz_interfaces/msg/Light.msg
[13.583s] -- Installing: /home/prithiv/tentacle2/install/ros_gz_interfaces/share/ros_gz_interfaces/msg/MaterialColor.msg
[13.583s] -- Installing: /home/prithiv/tentacle2/install/ros_gz_interfaces/share/ros_gz_interfaces/msg/ParamVec.msg
[13.583s] -- Installing: /home/prithiv/tentacle2/install/ros_gz_interfaces/share/ros_gz_interfaces/msg/SensorNoise.msg
[13.583s] -- Installing: /home/prithiv/tentacle2/install/ros_gz_interfaces/share/ros_gz_interfaces/msg/StringVec.msg
[13.583s] -- Installing: /home/prithiv/tentacle2/install/ros_gz_interfaces/share/ros_gz_interfaces/msg/TrackVisual.msg
[13.583s] -- Installing: /home/prithiv/tentacle2/install/ros_gz_interfaces/share/ros_gz_interfaces/msg/VideoRecord.msg
[13.583s] -- Installing: /home/prithiv/tentacle2/install/ros_gz_interfaces/share/ros_gz_interfaces/msg/WorldControl.msg
[13.583s] -- Installing: /home/prithiv/tentacle2/install/ros_gz_interfaces/share/ros_gz_interfaces/msg/WorldReset.msg
[13.583s] -- Installing: /home/prithiv/tentacle2/install/ros_gz_interfaces/share/ros_gz_interfaces/srv/ControlWorld.srv
[13.583s] -- Installing: /home/prithiv/tentacle2/install/ros_gz_interfaces/share/ros_gz_interfaces/srv/ControlWorld_Request.msg
[13.583s] -- Installing: /home/prithiv/tentacle2/install/ros_gz_interfaces/share/ros_gz_interfaces/srv/ControlWorld_Response.msg
[13.583s] -- Installing: /home/prithiv/tentacle2/install/ros_gz_interfaces/share/ros_gz_interfaces/srv/DeleteEntity.srv
[13.584s] -- Installing: /home/prithiv/tentacle2/install/ros_gz_interfaces/share/ros_gz_interfaces/srv/DeleteEntity_Request.msg
[13.584s] -- Installing: /home/prithiv/tentacle2/install/ros_gz_interfaces/share/ros_gz_interfaces/srv/DeleteEntity_Response.msg
[13.584s] -- Installing: /home/prithiv/tentacle2/install/ros_gz_interfaces/share/ros_gz_interfaces/srv/SetEntityPose.srv
[13.584s] -- Installing: /home/prithiv/tentacle2/install/ros_gz_interfaces/share/ros_gz_interfaces/srv/SetEntityPose_Request.msg
[13.584s] -- Installing: /home/prithiv/tentacle2/install/ros_gz_interfaces/share/ros_gz_interfaces/srv/SetEntityPose_Response.msg
[13.584s] -- Installing: /home/prithiv/tentacle2/install/ros_gz_interfaces/share/ros_gz_interfaces/srv/SpawnEntity.srv
[13.584s] -- Installing: /home/prithiv/tentacle2/install/ros_gz_interfaces/share/ros_gz_interfaces/srv/SpawnEntity_Request.msg
[13.584s] -- Installing: /home/prithiv/tentacle2/install/ros_gz_interfaces/share/ros_gz_interfaces/srv/SpawnEntity_Response.msg
[13.584s] -- Installing: /home/prithiv/tentacle2/install/ros_gz_interfaces/share/ament_index/resource_index/package_run_dependencies/ros_gz_interfaces
[13.584s] -- Installing: /home/prithiv/tentacle2/install/ros_gz_interfaces/share/ament_index/resource_index/parent_prefix_path/ros_gz_interfaces
[13.584s] -- Installing: /home/prithiv/tentacle2/install/ros_gz_interfaces/share/ros_gz_interfaces/environment/ament_prefix_path.sh
[13.584s] -- Installing: /home/prithiv/tentacle2/install/ros_gz_interfaces/share/ros_gz_interfaces/environment/ament_prefix_path.dsv
[13.584s] -- Installing: /home/prithiv/tentacle2/install/ros_gz_interfaces/share/ros_gz_interfaces/environment/path.sh
[13.584s] -- Installing: /home/prithiv/tentacle2/install/ros_gz_interfaces/share/ros_gz_interfaces/environment/path.dsv
[13.584s] -- Installing: /home/prithiv/tentacle2/install/ros_gz_interfaces/share/ros_gz_interfaces/local_setup.bash
[13.585s] -- Installing: /home/prithiv/tentacle2/install/ros_gz_interfaces/share/ros_gz_interfaces/local_setup.sh
[13.585s] -- Installing: /home/prithiv/tentacle2/install/ros_gz_interfaces/share/ros_gz_interfaces/local_setup.zsh
[13.585s] -- Installing: /home/prithiv/tentacle2/install/ros_gz_interfaces/share/ros_gz_interfaces/local_setup.dsv
[13.585s] -- Installing: /home/prithiv/tentacle2/install/ros_gz_interfaces/share/ros_gz_interfaces/package.dsv
[13.585s] -- Installing: /home/prithiv/tentacle2/install/ros_gz_interfaces/share/ament_index/resource_index/packages/ros_gz_interfaces
[13.585s] -- Installing: /home/prithiv/tentacle2/install/ros_gz_interfaces/share/ros_gz_interfaces/cmake/export_ros_gz_interfaces__rosidl_generator_cExport.cmake
[13.585s] -- Installing: /home/prithiv/tentacle2/install/ros_gz_interfaces/share/ros_gz_interfaces/cmake/export_ros_gz_interfaces__rosidl_generator_cExport-noconfig.cmake
[13.585s] -- Installing: /home/prithiv/tentacle2/install/ros_gz_interfaces/share/ros_gz_interfaces/cmake/export_ros_gz_interfaces__rosidl_typesupport_fastrtps_cExport.cmake
[13.585s] -- Installing: /home/prithiv/tentacle2/install/ros_gz_interfaces/share/ros_gz_interfaces/cmake/export_ros_gz_interfaces__rosidl_typesupport_fastrtps_cExport-noconfig.cmake
[13.585s] -- Installing: /home/prithiv/tentacle2/install/ros_gz_interfaces/share/ros_gz_interfaces/cmake/export_ros_gz_interfaces__rosidl_generator_cppExport.cmake
[13.585s] -- Installing: /home/prithiv/tentacle2/install/ros_gz_interfaces/share/ros_gz_interfaces/cmake/export_ros_gz_interfaces__rosidl_typesupport_fastrtps_cppExport.cmake
[13.585s] -- Installing: /home/prithiv/tentacle2/install/ros_gz_interfaces/share/ros_gz_interfaces/cmake/export_ros_gz_interfaces__rosidl_typesupport_fastrtps_cppExport-noconfig.cmake
[13.585s] -- Installing: /home/prithiv/tentacle2/install/ros_gz_interfaces/share/ros_gz_interfaces/cmake/ros_gz_interfaces__rosidl_typesupport_introspection_cExport.cmake
[13.586s] -- Installing: /home/prithiv/tentacle2/install/ros_gz_interfaces/share/ros_gz_interfaces/cmake/ros_gz_interfaces__rosidl_typesupport_introspection_cExport-noconfig.cmake
[13.586s] -- Installing: /home/prithiv/tentacle2/install/ros_gz_interfaces/share/ros_gz_interfaces/cmake/ros_gz_interfaces__rosidl_typesupport_cExport.cmake
[13.586s] -- Installing: /home/prithiv/tentacle2/install/ros_gz_interfaces/share/ros_gz_interfaces/cmake/ros_gz_interfaces__rosidl_typesupport_cExport-noconfig.cmake
[13.586s] -- Installing: /home/prithiv/tentacle2/install/ros_gz_interfaces/share/ros_gz_interfaces/cmake/ros_gz_interfaces__rosidl_typesupport_introspection_cppExport.cmake
[13.586s] -- Installing: /home/prithiv/tentacle2/install/ros_gz_interfaces/share/ros_gz_interfaces/cmake/ros_gz_interfaces__rosidl_typesupport_introspection_cppExport-noconfig.cmake
[13.586s] -- Installing: /home/prithiv/tentacle2/install/ros_gz_interfaces/share/ros_gz_interfaces/cmake/ros_gz_interfaces__rosidl_typesupport_cppExport.cmake
[13.586s] -- Installing: /home/prithiv/tentacle2/install/ros_gz_interfaces/share/ros_gz_interfaces/cmake/ros_gz_interfaces__rosidl_typesupport_cppExport-noconfig.cmake
[13.586s] -- Installing: /home/prithiv/tentacle2/install/ros_gz_interfaces/share/ros_gz_interfaces/cmake/export_ros_gz_interfaces__rosidl_generator_pyExport.cmake
[13.586s] -- Installing: /home/prithiv/tentacle2/install/ros_gz_interfaces/share/ros_gz_interfaces/cmake/export_ros_gz_interfaces__rosidl_generator_pyExport-noconfig.cmake
[13.586s] -- Installing: /home/prithiv/tentacle2/install/ros_gz_interfaces/share/ros_gz_interfaces/cmake/rosidl_cmake-extras.cmake
[13.586s] -- Installing: /home/prithiv/tentacle2/install/ros_gz_interfaces/share/ros_gz_interfaces/cmake/ament_cmake_export_dependencies-extras.cmake
[13.586s] -- Installing: /home/prithiv/tentacle2/install/ros_gz_interfaces/share/ros_gz_interfaces/cmake/ament_cmake_export_include_directories-extras.cmake
[13.586s] -- Installing: /home/prithiv/tentacle2/install/ros_gz_interfaces/share/ros_gz_interfaces/cmake/ament_cmake_export_libraries-extras.cmake
[13.586s] -- Installing: /home/prithiv/tentacle2/install/ros_gz_interfaces/share/ros_gz_interfaces/cmake/ament_cmake_export_targets-extras.cmake
[13.586s] -- Installing: /home/prithiv/tentacle2/install/ros_gz_interfaces/share/ros_gz_interfaces/cmake/rosidl_cmake_export_typesupport_targets-extras.cmake
[13.587s] -- Installing: /home/prithiv/tentacle2/install/ros_gz_interfaces/share/ros_gz_interfaces/cmake/rosidl_cmake_export_typesupport_libraries-extras.cmake
[13.587s] -- Installing: /home/prithiv/tentacle2/install/ros_gz_interfaces/share/ros_gz_interfaces/cmake/ros_gz_interfacesConfig.cmake
[13.587s] -- Installing: /home/prithiv/tentacle2/install/ros_gz_interfaces/share/ros_gz_interfaces/cmake/ros_gz_interfacesConfig-version.cmake
[13.587s] -- Installing: /home/prithiv/tentacle2/install/ros_gz_interfaces/share/ros_gz_interfaces/package.xml
[13.589s] Invoked command in '/home/prithiv/tentacle2/build/ros_gz_interfaces' returned '0': CMAKE_PREFIX_PATH=${CMAKE_PREFIX_PATH}:/home/prithiv/tentacle2/install/tentacle_description:/opt/ros/humble /usr/bin/cmake --install /home/prithiv/tentacle2/build/ros_gz_interfaces
