[0.000000] (-) TimerEvent: {}
[0.000303] (ros_gz_interfaces) JobQueued: {'identifier': 'ros_gz_interfaces', 'dependencies': OrderedDict()}
[0.000319] (ros_gz_sim) JobQueued: {'identifier': 'ros_gz_sim', 'dependencies': OrderedDict()}
[0.000329] (tentacle_description) JobQueued: {'identifier': 'tentacle_description', 'dependencies': OrderedDict()}
[0.000336] (ros_gz_bridge) JobQueued: {'identifier': 'ros_gz_bridge', 'dependencies': OrderedDict([('ros_gz_interfaces', '/home/prithiv/tentacle2/install/ros_gz_interfaces')])}
[0.000345] (ros_ign_gazebo) JobQueued: {'identifier': 'ros_ign_gazebo', 'dependencies': OrderedDict([('ros_gz_sim', '/home/prithiv/tentacle2/install/ros_gz_sim')])}
[0.000354] (ros_ign_interfaces) JobQueued: {'identifier': 'ros_ign_interfaces', 'dependencies': OrderedDict([('ros_gz_interfaces', '/home/prithiv/tentacle2/install/ros_gz_interfaces')])}
[0.000361] (tentacle_controller) JobQueued: {'identifier': 'tentacle_controller', 'dependencies': OrderedDict([('tentacle_description', '/home/prithiv/tentacle2/install/tentacle_description')])}
[0.000369] (ros_gz_image) JobQueued: {'identifier': 'ros_gz_image', 'dependencies': OrderedDict([('ros_gz_interfaces', '/home/prithiv/tentacle2/install/ros_gz_interfaces'), ('ros_gz_bridge', '/home/prithiv/tentacle2/install/ros_gz_bridge')])}
[0.000378] (ros_ign_bridge) JobQueued: {'identifier': 'ros_ign_bridge', 'dependencies': OrderedDict([('ros_gz_interfaces', '/home/prithiv/tentacle2/install/ros_gz_interfaces'), ('ros_gz_bridge', '/home/prithiv/tentacle2/install/ros_gz_bridge')])}
[0.000385] (test_ros_gz_bridge) JobQueued: {'identifier': 'test_ros_gz_bridge', 'dependencies': OrderedDict([('ros_gz_interfaces', '/home/prithiv/tentacle2/install/ros_gz_interfaces'), ('ros_gz_bridge', '/home/prithiv/tentacle2/install/ros_gz_bridge')])}
[0.000393] (ros_gz_sim_demos) JobQueued: {'identifier': 'ros_gz_sim_demos', 'dependencies': OrderedDict([('ros_gz_interfaces', '/home/prithiv/tentacle2/install/ros_gz_interfaces'), ('ros_gz_sim', '/home/prithiv/tentacle2/install/ros_gz_sim'), ('ros_gz_bridge', '/home/prithiv/tentacle2/install/ros_gz_bridge'), ('ros_gz_image', '/home/prithiv/tentacle2/install/ros_gz_image')])}
[0.000403] (ros_ign_image) JobQueued: {'identifier': 'ros_ign_image', 'dependencies': OrderedDict([('ros_gz_interfaces', '/home/prithiv/tentacle2/install/ros_gz_interfaces'), ('ros_gz_bridge', '/home/prithiv/tentacle2/install/ros_gz_bridge'), ('ros_gz_image', '/home/prithiv/tentacle2/install/ros_gz_image')])}
[0.000413] (ros_gz) JobQueued: {'identifier': 'ros_gz', 'dependencies': OrderedDict([('ros_gz_interfaces', '/home/prithiv/tentacle2/install/ros_gz_interfaces'), ('ros_gz_sim', '/home/prithiv/tentacle2/install/ros_gz_sim'), ('ros_gz_bridge', '/home/prithiv/tentacle2/install/ros_gz_bridge'), ('ros_gz_image', '/home/prithiv/tentacle2/install/ros_gz_image'), ('ros_gz_sim_demos', '/home/prithiv/tentacle2/install/ros_gz_sim_demos')])}
[0.000427] (ros_ign_gazebo_demos) JobQueued: {'identifier': 'ros_ign_gazebo_demos', 'dependencies': OrderedDict([('ros_gz_interfaces', '/home/prithiv/tentacle2/install/ros_gz_interfaces'), ('ros_gz_sim', '/home/prithiv/tentacle2/install/ros_gz_sim'), ('ros_gz_bridge', '/home/prithiv/tentacle2/install/ros_gz_bridge'), ('ros_gz_image', '/home/prithiv/tentacle2/install/ros_gz_image'), ('ros_gz_sim_demos', '/home/prithiv/tentacle2/install/ros_gz_sim_demos')])}
[0.000498] (ros_ign) JobQueued: {'identifier': 'ros_ign', 'dependencies': OrderedDict([('ros_gz_interfaces', '/home/prithiv/tentacle2/install/ros_gz_interfaces'), ('ros_gz_sim', '/home/prithiv/tentacle2/install/ros_gz_sim'), ('ros_gz_bridge', '/home/prithiv/tentacle2/install/ros_gz_bridge'), ('ros_ign_gazebo', '/home/prithiv/tentacle2/install/ros_ign_gazebo'), ('ros_gz_image', '/home/prithiv/tentacle2/install/ros_gz_image'), ('ros_ign_bridge', '/home/prithiv/tentacle2/install/ros_ign_bridge'), ('ros_gz_sim_demos', '/home/prithiv/tentacle2/install/ros_gz_sim_demos'), ('ros_ign_image', '/home/prithiv/tentacle2/install/ros_ign_image'), ('ros_gz', '/home/prithiv/tentacle2/install/ros_gz'), ('ros_ign_gazebo_demos', '/home/prithiv/tentacle2/install/ros_ign_gazebo_demos')])}
[0.000518] (ros_gz_interfaces) JobStarted: {'identifier': 'ros_gz_interfaces'}
[0.007752] (ros_gz_interfaces) JobProgress: {'identifier': 'ros_gz_interfaces', 'progress': 'cmake'}
[0.014838] (ros_gz_interfaces) JobProgress: {'identifier': 'ros_gz_interfaces', 'progress': 'build'}
[0.015224] (ros_gz_interfaces) Command: {'cmd': ['/usr/bin/cmake', '--build', '/home/prithiv/tentacle2/build/ros_gz_interfaces', '--', '-j12', '-l12'], 'cwd': '/home/prithiv/tentacle2/build/ros_gz_interfaces', 'env': OrderedDict([('GJS_DEBUG_TOPICS', 'JS ERROR;JS LOG'), ('LESSOPEN', '| /usr/bin/lesspipe %s'), ('LANGUAGE', 'en_IN:en'), ('GURUMDDS_HOME', '/usr/share/gurumdds/cmake/../../..'), ('USER', 'prithiv'), ('XDG_SESSION_TYPE', 'x11'), ('SHLVL', '1'), ('LD_LIBRARY_PATH', '/usr/lib/x86_64-linux-gnu/gazebo-11/plugins:/opt/ros/humble/opt/rviz_ogre_vendor/lib:/opt/ros/humble/lib/x86_64-linux-gnu:/usr/share/gurumdds/cmake/../../../lib:/opt/ros/humble/lib'), ('HOME', '/home/prithiv'), ('OLDPWD', '/home/prithiv'), ('DESKTOP_SESSION', 'ubuntu'), ('GIO_LAUNCHED_DESKTOP_FILE', '/usr/share/applications/terminator.desktop'), ('ROS_PYTHON_VERSION', '3'), ('GNOME_SHELL_SESSION_MODE', 'ubuntu'), ('GTK_MODULES', 'gail:atk-bridge'), ('MANAGERPID', '1508'), ('SYSTEMD_EXEC_PID', '1748'), ('DBUS_SESSION_BUS_ADDRESS', 'unix:path=/run/user/1000/bus'), ('COLORTERM', 'truecolor'), ('TERMINATOR_DBUS_NAME', 'net.tenshu.Terminator23558193cd9818af7fe4d2c2f5bd9d00f'), ('GIO_LAUNCHED_DESKTOP_FILE_PID', '3331'), ('ROS_DISTRO', 'humble'), ('GTK_IM_MODULE', 'ibus'), ('LOGNAME', 'prithiv'), ('JOURNAL_STREAM', '8:10944'), ('_', '/usr/bin/colcon'), ('ROS_VERSION', '2'), ('XDG_SESSION_CLASS', 'user'), ('USERNAME', 'prithiv'), ('TERM', 'xterm-256color'), ('GNOME_DESKTOP_SESSION_ID', 'this-is-deprecated'), ('ROS_LOCALHOST_ONLY', '0'), ('WINDOWPATH', '2'), ('PATH', '/opt/ros/humble/bin:/home/prithiv/.local/bin:/usr/local/sbin:/usr/local/bin:/usr/sbin:/usr/bin:/sbin:/bin:/usr/games:/usr/local/games:/snap/bin:/snap/bin'), ('SESSION_MANAGER', 'local/ros:@/tmp/.ICE-unix/1721,unix/ros:/tmp/.ICE-unix/1721'), ('INVOCATION_ID', '6e8b87d95b5c47d0bc1a97101124a42e'), ('XDG_MENU_PREFIX', 'gnome-'), ('XDG_RUNTIME_DIR', '/run/user/1000'), ('DISPLAY', ':1'), ('TERMINATOR_DBUS_PATH', '/net/tenshu/Terminator2'), ('LANG', 'en_US.UTF-8'), ('XDG_CURRENT_DESKTOP', 'ubuntu:GNOME'), ('IBUS_DISABLE_SNOOPER', '1'), ('XMODIFIERS', '@im=ibus'), ('XDG_SESSION_DESKTOP', 'ubuntu'), ('XAUTHORITY', '/run/user/1000/gdm/Xauthority'), ('LS_COLORS', 'rs=0:di=01;34:ln=01;36:mh=00:pi=40;33:so=01;35:do=01;35:bd=40;33;01:cd=40;33;01:or=40;31;01:mi=00:su=37;41:sg=30;43:ca=30;41:tw=30;42:ow=34;42:st=37;44:ex=01;32:*.tar=01;31:*.tgz=01;31:*.arc=01;31:*.arj=01;31:*.taz=01;31:*.lha=01;31:*.lz4=01;31:*.lzh=01;31:*.lzma=01;31:*.tlz=01;31:*.txz=01;31:*.tzo=01;31:*.t7z=01;31:*.zip=01;31:*.z=01;31:*.dz=01;31:*.gz=01;31:*.lrz=01;31:*.lz=01;31:*.lzo=01;31:*.xz=01;31:*.zst=01;31:*.tzst=01;31:*.bz2=01;31:*.bz=01;31:*.tbz=01;31:*.tbz2=01;31:*.tz=01;31:*.deb=01;31:*.rpm=01;31:*.jar=01;31:*.war=01;31:*.ear=01;31:*.sar=01;31:*.rar=01;31:*.alz=01;31:*.ace=01;31:*.zoo=01;31:*.cpio=01;31:*.7z=01;31:*.rz=01;31:*.cab=01;31:*.wim=01;31:*.swm=01;31:*.dwm=01;31:*.esd=01;31:*.jpg=01;35:*.jpeg=01;35:*.mjpg=01;35:*.mjpeg=01;35:*.gif=01;35:*.bmp=01;35:*.pbm=01;35:*.pgm=01;35:*.ppm=01;35:*.tga=01;35:*.xbm=01;35:*.xpm=01;35:*.tif=01;35:*.tiff=01;35:*.png=01;35:*.svg=01;35:*.svgz=01;35:*.mng=01;35:*.pcx=01;35:*.mov=01;35:*.mpg=01;35:*.mpeg=01;35:*.m2v=01;35:*.mkv=01;35:*.webm=01;35:*.webp=01;35:*.ogm=01;35:*.mp4=01;35:*.m4v=01;35:*.mp4v=01;35:*.vob=01;35:*.qt=01;35:*.nuv=01;35:*.wmv=01;35:*.asf=01;35:*.rm=01;35:*.rmvb=01;35:*.flc=01;35:*.avi=01;35:*.fli=01;35:*.flv=01;35:*.gl=01;35:*.dl=01;35:*.xcf=01;35:*.xwd=01;35:*.yuv=01;35:*.cgm=01;35:*.emf=01;35:*.ogv=01;35:*.ogx=01;35:*.aac=00;36:*.au=00;36:*.flac=00;36:*.m4a=00;36:*.mid=00;36:*.midi=00;36:*.mka=00;36:*.mp3=00;36:*.mpc=00;36:*.ogg=00;36:*.ra=00;36:*.wav=00;36:*.oga=00;36:*.opus=00;36:*.spx=00;36:*.xspf=00;36:'), ('SSH_AGENT_LAUNCHER', 'gnome-keyring'), ('SSH_AUTH_SOCK', '/run/user/1000/keyring/ssh'), ('AMENT_PREFIX_PATH', '/opt/ros/humble'), ('SHELL', '/bin/bash'), ('TERMINATOR_UUID', 'urn:uuid:04e28e5c-750b-4283-9f61-28f8f93b58a2'), ('QT_ACCESSIBILITY', '1'), ('GDMSESSION', 'ubuntu'), ('LESSCLOSE', '/usr/bin/lesspipe %s %s'), ('GPG_AGENT_INFO', '/run/user/1000/gnupg/S.gpg-agent:0:1'), ('GJS_DEBUG_OUTPUT', 'stderr'), ('QT_IM_MODULE', 'ibus'), ('PWD', '/home/prithiv/tentacle2/build/ros_gz_interfaces'), ('LC_ALL', 'en_US.UTF-8'), ('XDG_CONFIG_DIRS', '/etc/xdg/xdg-ubuntu:/etc/xdg'), ('XDG_DATA_DIRS', '/usr/share/ubuntu:/usr/share/gnome:/usr/local/share/:/usr/share/:/var/lib/snapd/desktop'), ('PYTHONPATH', '/opt/ros/humble/lib/python3.10/site-packages:/opt/ros/humble/local/lib/python3.10/dist-packages'), ('COLCON', '1'), ('VTE_VERSION', '6800'), ('CMAKE_PREFIX_PATH', '/opt/ros/humble')]), 'shell': False}
[0.099906] (-) TimerEvent: {}
[0.189103] (ros_gz_interfaces) StdoutLine: {'line': b'\x1b[35m\x1b[1mConsolidate compiler generated dependencies of target ros_gz_interfaces__rosidl_generator_c\x1b[0m\n'}
[0.189435] (ros_gz_interfaces) StdoutLine: {'line': b'[  0%] Built target ros_gz_interfaces__cpp\n'}
[0.200036] (-) TimerEvent: {}
[0.228401] (ros_gz_interfaces) StdoutLine: {'line': b'\x1b[35m\x1b[1mConsolidate compiler generated dependencies of target ros_gz_interfaces__rosidl_typesupport_cpp\x1b[0m\n'}
[0.230504] (ros_gz_interfaces) StdoutLine: {'line': b'\x1b[35m\x1b[1mConsolidate compiler generated dependencies of target ros_gz_interfaces__rosidl_typesupport_introspection_cpp\x1b[0m\n'}
[0.234063] (ros_gz_interfaces) StdoutLine: {'line': b'\x1b[35m\x1b[1mConsolidate compiler generated dependencies of target ros_gz_interfaces__rosidl_typesupport_fastrtps_cpp\x1b[0m\n'}
[0.234596] (ros_gz_interfaces) StdoutLine: {'line': b'[ 13%] Built target ros_gz_interfaces__rosidl_generator_c\n'}
[0.248021] (ros_gz_interfaces) StdoutLine: {'line': b'[ 13%] Built target ament_cmake_python_copy_ros_gz_interfaces\n'}
[0.300125] (-) TimerEvent: {}
[0.310604] (ros_gz_interfaces) StdoutLine: {'line': b'[ 25%] Built target ros_gz_interfaces__rosidl_typesupport_cpp\n'}
[0.312986] (ros_gz_interfaces) StdoutLine: {'line': b'[ 38%] Built target ros_gz_interfaces__rosidl_typesupport_introspection_cpp\n'}
[0.313530] (ros_gz_interfaces) StdoutLine: {'line': b'[ 50%] Built target ros_gz_interfaces__rosidl_typesupport_fastrtps_cpp\n'}
[0.320468] (ros_gz_interfaces) StdoutLine: {'line': b'\x1b[35m\x1b[1mConsolidate compiler generated dependencies of target ros_gz_interfaces__rosidl_typesupport_c\x1b[0m\n'}
[0.323788] (ros_gz_interfaces) StdoutLine: {'line': b'\x1b[35m\x1b[1mConsolidate compiler generated dependencies of target ros_gz_interfaces__rosidl_typesupport_introspection_c\x1b[0m\n'}
[0.325270] (ros_gz_interfaces) StdoutLine: {'line': b'\x1b[35m\x1b[1mConsolidate compiler generated dependencies of target ros_gz_interfaces__rosidl_typesupport_fastrtps_c\x1b[0m\n'}
[0.328526] (ros_gz_interfaces) StdoutLine: {'line': b'[ 62%] Built target ros_gz_interfaces__rosidl_typesupport_c\n'}
[0.333625] (ros_gz_interfaces) StdoutLine: {'line': b'[ 74%] Built target ros_gz_interfaces__rosidl_typesupport_introspection_c\n'}
[0.343098] (ros_gz_interfaces) StdoutLine: {'line': b'[ 86%] Built target ros_gz_interfaces__rosidl_typesupport_fastrtps_c\n'}
[0.357407] (ros_gz_interfaces) StdoutLine: {'line': b'[ 86%] Built target ros_gz_interfaces\n'}
[0.377736] (ros_gz_interfaces) StdoutLine: {'line': b'[ 86%] Built target ros_gz_interfaces__py\n'}
[0.396958] (ros_gz_interfaces) StdoutLine: {'line': b'\x1b[35m\x1b[1mConsolidate compiler generated dependencies of target ros_gz_interfaces__rosidl_generator_py\x1b[0m\n'}
[0.400180] (-) TimerEvent: {}
[0.426662] (ros_gz_interfaces) StdoutLine: {'line': b'[ 97%] Built target ros_gz_interfaces__rosidl_generator_py\n'}
[0.429304] (ros_gz_interfaces) StdoutLine: {'line': b'running egg_info\n'}
[0.429790] (ros_gz_interfaces) StdoutLine: {'line': b'writing ros_gz_interfaces.egg-info/PKG-INFO\n'}
[0.429912] (ros_gz_interfaces) StdoutLine: {'line': b'writing dependency_links to ros_gz_interfaces.egg-info/dependency_links.txt\n'}
[0.430006] (ros_gz_interfaces) StdoutLine: {'line': b'writing top-level names to ros_gz_interfaces.egg-info/top_level.txt\n'}
[0.442370] (ros_gz_interfaces) StdoutLine: {'line': b"reading manifest file 'ros_gz_interfaces.egg-info/SOURCES.txt'\n"}
[0.443117] (ros_gz_interfaces) StdoutLine: {'line': b"writing manifest file 'ros_gz_interfaces.egg-info/SOURCES.txt'\n"}
[0.450663] (ros_gz_interfaces) StdoutLine: {'line': b'\x1b[35m\x1b[1mConsolidate compiler generated dependencies of target ros_gz_interfaces__rosidl_typesupport_c__pyext\x1b[0m\n'}
[0.454496] (ros_gz_interfaces) StdoutLine: {'line': b'\x1b[35m\x1b[1mConsolidate compiler generated dependencies of target ros_gz_interfaces__rosidl_typesupport_introspection_c__pyext\x1b[0m\n'}
[0.454603] (ros_gz_interfaces) StdoutLine: {'line': b'\x1b[35m\x1b[1mConsolidate compiler generated dependencies of target ros_gz_interfaces__rosidl_typesupport_fastrtps_c__pyext\x1b[0m\n'}
[0.459668] (ros_gz_interfaces) StdoutLine: {'line': b'[ 98%] Built target ros_gz_interfaces__rosidl_typesupport_c__pyext\n'}
[0.460906] (ros_gz_interfaces) StdoutLine: {'line': b'[ 98%] Built target ament_cmake_python_build_ros_gz_interfaces_egg\n'}
[0.463444] (ros_gz_interfaces) StdoutLine: {'line': b'[ 99%] Built target ros_gz_interfaces__rosidl_typesupport_fastrtps_c__pyext\n'}
[0.463601] (ros_gz_interfaces) StdoutLine: {'line': b'[100%] Built target ros_gz_interfaces__rosidl_typesupport_introspection_c__pyext\n'}
[0.470569] (ros_gz_interfaces) CommandEnded: {'returncode': 0}
[0.477635] (ros_gz_interfaces) JobProgress: {'identifier': 'ros_gz_interfaces', 'progress': 'install'}
[0.489712] (ros_gz_interfaces) Command: {'cmd': ['/usr/bin/cmake', '--install', '/home/prithiv/tentacle2/build/ros_gz_interfaces'], 'cwd': '/home/prithiv/tentacle2/build/ros_gz_interfaces', 'env': OrderedDict([('GJS_DEBUG_TOPICS', 'JS ERROR;JS LOG'), ('LESSOPEN', '| /usr/bin/lesspipe %s'), ('LANGUAGE', 'en_IN:en'), ('GURUMDDS_HOME', '/usr/share/gurumdds/cmake/../../..'), ('USER', 'prithiv'), ('XDG_SESSION_TYPE', 'x11'), ('SHLVL', '1'), ('LD_LIBRARY_PATH', '/usr/lib/x86_64-linux-gnu/gazebo-11/plugins:/opt/ros/humble/opt/rviz_ogre_vendor/lib:/opt/ros/humble/lib/x86_64-linux-gnu:/usr/share/gurumdds/cmake/../../../lib:/opt/ros/humble/lib'), ('HOME', '/home/prithiv'), ('OLDPWD', '/home/prithiv'), ('DESKTOP_SESSION', 'ubuntu'), ('GIO_LAUNCHED_DESKTOP_FILE', '/usr/share/applications/terminator.desktop'), ('ROS_PYTHON_VERSION', '3'), ('GNOME_SHELL_SESSION_MODE', 'ubuntu'), ('GTK_MODULES', 'gail:atk-bridge'), ('MANAGERPID', '1508'), ('SYSTEMD_EXEC_PID', '1748'), ('DBUS_SESSION_BUS_ADDRESS', 'unix:path=/run/user/1000/bus'), ('COLORTERM', 'truecolor'), ('TERMINATOR_DBUS_NAME', 'net.tenshu.Terminator23558193cd9818af7fe4d2c2f5bd9d00f'), ('GIO_LAUNCHED_DESKTOP_FILE_PID', '3331'), ('ROS_DISTRO', 'humble'), ('GTK_IM_MODULE', 'ibus'), ('LOGNAME', 'prithiv'), ('JOURNAL_STREAM', '8:10944'), ('_', '/usr/bin/colcon'), ('ROS_VERSION', '2'), ('XDG_SESSION_CLASS', 'user'), ('USERNAME', 'prithiv'), ('TERM', 'xterm-256color'), ('GNOME_DESKTOP_SESSION_ID', 'this-is-deprecated'), ('ROS_LOCALHOST_ONLY', '0'), ('WINDOWPATH', '2'), ('PATH', '/opt/ros/humble/bin:/home/prithiv/.local/bin:/usr/local/sbin:/usr/local/bin:/usr/sbin:/usr/bin:/sbin:/bin:/usr/games:/usr/local/games:/snap/bin:/snap/bin'), ('SESSION_MANAGER', 'local/ros:@/tmp/.ICE-unix/1721,unix/ros:/tmp/.ICE-unix/1721'), ('INVOCATION_ID', '6e8b87d95b5c47d0bc1a97101124a42e'), ('XDG_MENU_PREFIX', 'gnome-'), ('XDG_RUNTIME_DIR', '/run/user/1000'), ('DISPLAY', ':1'), ('TERMINATOR_DBUS_PATH', '/net/tenshu/Terminator2'), ('LANG', 'en_US.UTF-8'), ('XDG_CURRENT_DESKTOP', 'ubuntu:GNOME'), ('IBUS_DISABLE_SNOOPER', '1'), ('XMODIFIERS', '@im=ibus'), ('XDG_SESSION_DESKTOP', 'ubuntu'), ('XAUTHORITY', '/run/user/1000/gdm/Xauthority'), ('LS_COLORS', 'rs=0:di=01;34:ln=01;36:mh=00:pi=40;33:so=01;35:do=01;35:bd=40;33;01:cd=40;33;01:or=40;31;01:mi=00:su=37;41:sg=30;43:ca=30;41:tw=30;42:ow=34;42:st=37;44:ex=01;32:*.tar=01;31:*.tgz=01;31:*.arc=01;31:*.arj=01;31:*.taz=01;31:*.lha=01;31:*.lz4=01;31:*.lzh=01;31:*.lzma=01;31:*.tlz=01;31:*.txz=01;31:*.tzo=01;31:*.t7z=01;31:*.zip=01;31:*.z=01;31:*.dz=01;31:*.gz=01;31:*.lrz=01;31:*.lz=01;31:*.lzo=01;31:*.xz=01;31:*.zst=01;31:*.tzst=01;31:*.bz2=01;31:*.bz=01;31:*.tbz=01;31:*.tbz2=01;31:*.tz=01;31:*.deb=01;31:*.rpm=01;31:*.jar=01;31:*.war=01;31:*.ear=01;31:*.sar=01;31:*.rar=01;31:*.alz=01;31:*.ace=01;31:*.zoo=01;31:*.cpio=01;31:*.7z=01;31:*.rz=01;31:*.cab=01;31:*.wim=01;31:*.swm=01;31:*.dwm=01;31:*.esd=01;31:*.jpg=01;35:*.jpeg=01;35:*.mjpg=01;35:*.mjpeg=01;35:*.gif=01;35:*.bmp=01;35:*.pbm=01;35:*.pgm=01;35:*.ppm=01;35:*.tga=01;35:*.xbm=01;35:*.xpm=01;35:*.tif=01;35:*.tiff=01;35:*.png=01;35:*.svg=01;35:*.svgz=01;35:*.mng=01;35:*.pcx=01;35:*.mov=01;35:*.mpg=01;35:*.mpeg=01;35:*.m2v=01;35:*.mkv=01;35:*.webm=01;35:*.webp=01;35:*.ogm=01;35:*.mp4=01;35:*.m4v=01;35:*.mp4v=01;35:*.vob=01;35:*.qt=01;35:*.nuv=01;35:*.wmv=01;35:*.asf=01;35:*.rm=01;35:*.rmvb=01;35:*.flc=01;35:*.avi=01;35:*.fli=01;35:*.flv=01;35:*.gl=01;35:*.dl=01;35:*.xcf=01;35:*.xwd=01;35:*.yuv=01;35:*.cgm=01;35:*.emf=01;35:*.ogv=01;35:*.ogx=01;35:*.aac=00;36:*.au=00;36:*.flac=00;36:*.m4a=00;36:*.mid=00;36:*.midi=00;36:*.mka=00;36:*.mp3=00;36:*.mpc=00;36:*.ogg=00;36:*.ra=00;36:*.wav=00;36:*.oga=00;36:*.opus=00;36:*.spx=00;36:*.xspf=00;36:'), ('SSH_AGENT_LAUNCHER', 'gnome-keyring'), ('SSH_AUTH_SOCK', '/run/user/1000/keyring/ssh'), ('AMENT_PREFIX_PATH', '/opt/ros/humble'), ('SHELL', '/bin/bash'), ('TERMINATOR_UUID', 'urn:uuid:04e28e5c-750b-4283-9f61-28f8f93b58a2'), ('QT_ACCESSIBILITY', '1'), ('GDMSESSION', 'ubuntu'), ('LESSCLOSE', '/usr/bin/lesspipe %s %s'), ('GPG_AGENT_INFO', '/run/user/1000/gnupg/S.gpg-agent:0:1'), ('GJS_DEBUG_OUTPUT', 'stderr'), ('QT_IM_MODULE', 'ibus'), ('PWD', '/home/prithiv/tentacle2/build/ros_gz_interfaces'), ('LC_ALL', 'en_US.UTF-8'), ('XDG_CONFIG_DIRS', '/etc/xdg/xdg-ubuntu:/etc/xdg'), ('XDG_DATA_DIRS', '/usr/share/ubuntu:/usr/share/gnome:/usr/local/share/:/usr/share/:/var/lib/snapd/desktop'), ('PYTHONPATH', '/opt/ros/humble/lib/python3.10/site-packages:/opt/ros/humble/local/lib/python3.10/dist-packages'), ('COLCON', '1'), ('VTE_VERSION', '6800'), ('CMAKE_PREFIX_PATH', '/opt/ros/humble')]), 'shell': False}
[0.500263] (-) TimerEvent: {}
[0.504404] (ros_gz_interfaces) StdoutLine: {'line': b'-- Install configuration: ""\n'}
[0.506114] (ros_gz_interfaces) StdoutLine: {'line': b'-- Up-to-date: /home/prithiv/tentacle2/install/ros_gz_interfaces/share/ament_index/resource_index/rosidl_interfaces/ros_gz_interfaces\n'}
[0.506428] (ros_gz_interfaces) StdoutLine: {'line': b'-- Up-to-date: /home/prithiv/tentacle2/install/ros_gz_interfaces/include/ros_gz_interfaces/ros_gz_interfaces\n'}
[0.506649] (ros_gz_interfaces) StdoutLine: {'line': b'-- Up-to-date: /home/prithiv/tentacle2/install/ros_gz_interfaces/include/ros_gz_interfaces/ros_gz_interfaces/msg\n'}
[0.506890] (ros_gz_interfaces) StdoutLine: {'line': b'-- Up-to-date: /home/prithiv/tentacle2/install/ros_gz_interfaces/include/ros_gz_interfaces/ros_gz_interfaces/msg/material_color.h\n'}
[0.506968] (ros_gz_interfaces) StdoutLine: {'line': b'-- Up-to-date: /home/prithiv/tentacle2/install/ros_gz_interfaces/include/ros_gz_interfaces/ros_gz_interfaces/msg/rosidl_generator_c__visibility_control.h\n'}
[0.507086] (ros_gz_interfaces) StdoutLine: {'line': b'-- Up-to-date: /home/prithiv/tentacle2/install/ros_gz_interfaces/include/ros_gz_interfaces/ros_gz_interfaces/msg/entity_factory.h\n'}
[0.507154] (ros_gz_interfaces) StdoutLine: {'line': b'-- Up-to-date: /home/prithiv/tentacle2/install/ros_gz_interfaces/include/ros_gz_interfaces/ros_gz_interfaces/msg/entity_wrench.h\n'}
[0.507220] (ros_gz_interfaces) StdoutLine: {'line': b'-- Up-to-date: /home/prithiv/tentacle2/install/ros_gz_interfaces/include/ros_gz_interfaces/ros_gz_interfaces/msg/contacts.h\n'}
[0.507285] (ros_gz_interfaces) StdoutLine: {'line': b'-- Up-to-date: /home/prithiv/tentacle2/install/ros_gz_interfaces/include/ros_gz_interfaces/ros_gz_interfaces/msg/string_vec.h\n'}
[0.507349] (ros_gz_interfaces) StdoutLine: {'line': b'-- Up-to-date: /home/prithiv/tentacle2/install/ros_gz_interfaces/include/ros_gz_interfaces/ros_gz_interfaces/msg/world_control.h\n'}
[0.507445] (ros_gz_interfaces) StdoutLine: {'line': b'-- Up-to-date: /home/prithiv/tentacle2/install/ros_gz_interfaces/include/ros_gz_interfaces/ros_gz_interfaces/msg/dataframe.h\n'}
[0.507512] (ros_gz_interfaces) StdoutLine: {'line': b'-- Up-to-date: /home/prithiv/tentacle2/install/ros_gz_interfaces/include/ros_gz_interfaces/ros_gz_interfaces/msg/joint_wrench.h\n'}
[0.507639] (ros_gz_interfaces) StdoutLine: {'line': b'-- Up-to-date: /home/prithiv/tentacle2/install/ros_gz_interfaces/include/ros_gz_interfaces/ros_gz_interfaces/msg/sensor_noise.h\n'}
[0.507700] (ros_gz_interfaces) StdoutLine: {'line': b'-- Up-to-date: /home/prithiv/tentacle2/install/ros_gz_interfaces/include/ros_gz_interfaces/ros_gz_interfaces/msg/detail\n'}
[0.507763] (ros_gz_interfaces) StdoutLine: {'line': b'-- Up-to-date: /home/prithiv/tentacle2/install/ros_gz_interfaces/include/ros_gz_interfaces/ros_gz_interfaces/msg/detail/light__struct.h\n'}
[0.507829] (ros_gz_interfaces) StdoutLine: {'line': b'-- Up-to-date: /home/prithiv/tentacle2/install/ros_gz_interfaces/include/ros_gz_interfaces/ros_gz_interfaces/msg/detail/entity_wrench__struct.h\n'}
[0.507890] (ros_gz_interfaces) StdoutLine: {'line': b'-- Up-to-date: /home/prithiv/tentacle2/install/ros_gz_interfaces/include/ros_gz_interfaces/ros_gz_interfaces/msg/detail/sensor_noise__type_support.h\n'}
[0.507953] (ros_gz_interfaces) StdoutLine: {'line': b'-- Up-to-date: /home/prithiv/tentacle2/install/ros_gz_interfaces/include/ros_gz_interfaces/ros_gz_interfaces/msg/detail/video_record__functions.h\n'}
[0.508014] (ros_gz_interfaces) StdoutLine: {'line': b'-- Up-to-date: /home/prithiv/tentacle2/install/ros_gz_interfaces/include/ros_gz_interfaces/ros_gz_interfaces/msg/detail/entity_wrench__functions.h\n'}
[0.508075] (ros_gz_interfaces) StdoutLine: {'line': b'-- Up-to-date: /home/prithiv/tentacle2/install/ros_gz_interfaces/include/ros_gz_interfaces/ros_gz_interfaces/msg/detail/entity__functions.c\n'}
[0.508134] (ros_gz_interfaces) StdoutLine: {'line': b'-- Up-to-date: /home/prithiv/tentacle2/install/ros_gz_interfaces/include/ros_gz_interfaces/ros_gz_interfaces/msg/detail/contact__struct.h\n'}
[0.508195] (ros_gz_interfaces) StdoutLine: {'line': b'-- Up-to-date: /home/prithiv/tentacle2/install/ros_gz_interfaces/include/ros_gz_interfaces/ros_gz_interfaces/msg/detail/entity_wrench__functions.c\n'}
[0.508254] (ros_gz_interfaces) StdoutLine: {'line': b'-- Up-to-date: /home/prithiv/tentacle2/install/ros_gz_interfaces/include/ros_gz_interfaces/ros_gz_interfaces/msg/detail/track_visual__struct.h\n'}
[0.508313] (ros_gz_interfaces) StdoutLine: {'line': b'-- Up-to-date: /home/prithiv/tentacle2/install/ros_gz_interfaces/include/ros_gz_interfaces/ros_gz_interfaces/msg/detail/entity__type_support.h\n'}
[0.508373] (ros_gz_interfaces) StdoutLine: {'line': b'-- Up-to-date: /home/prithiv/tentacle2/install/ros_gz_interfaces/include/ros_gz_interfaces/ros_gz_interfaces/msg/detail/dataframe__functions.h\n'}
[0.508438] (ros_gz_interfaces) StdoutLine: {'line': b'-- Up-to-date: /home/prithiv/tentacle2/install/ros_gz_interfaces/include/ros_gz_interfaces/ros_gz_interfaces/msg/detail/entity_wrench__type_support.h\n'}
[0.508505] (ros_gz_interfaces) StdoutLine: {'line': b'-- Up-to-date: /home/prithiv/tentacle2/install/ros_gz_interfaces/include/ros_gz_interfaces/ros_gz_interfaces/msg/detail/entity__functions.h\n'}
[0.508627] (ros_gz_interfaces) StdoutLine: {'line': b'-- Up-to-date: /home/prithiv/tentacle2/install/ros_gz_interfaces/include/ros_gz_interfaces/ros_gz_interfaces/msg/detail/sensor_noise__functions.c\n'}
[0.508696] (ros_gz_interfaces) StdoutLine: {'line': b'-- Up-to-date: /home/prithiv/tentacle2/install/ros_gz_interfaces/include/ros_gz_interfaces/ros_gz_interfaces/msg/detail/contacts__struct.h\n'}
[0.508758] (ros_gz_interfaces) StdoutLine: {'line': b'-- Up-to-date: /home/prithiv/tentacle2/install/ros_gz_interfaces/include/ros_gz_interfaces/ros_gz_interfaces/msg/detail/contacts__type_support.h\n'}
[0.508821] (ros_gz_interfaces) StdoutLine: {'line': b'-- Up-to-date: /home/prithiv/tentacle2/install/ros_gz_interfaces/include/ros_gz_interfaces/ros_gz_interfaces/msg/detail/sensor_noise__functions.h\n'}
[0.509009] (ros_gz_interfaces) StdoutLine: {'line': b'-- Up-to-date: /home/prithiv/tentacle2/install/ros_gz_interfaces/include/ros_gz_interfaces/ros_gz_interfaces/msg/detail/light__functions.c\n'}
[0.509073] (ros_gz_interfaces) StdoutLine: {'line': b'-- Up-to-date: /home/prithiv/tentacle2/install/ros_gz_interfaces/include/ros_gz_interfaces/ros_gz_interfaces/msg/detail/entity_factory__functions.c\n'}
[0.509232] (ros_gz_interfaces) StdoutLine: {'line': b'-- Up-to-date: /home/prithiv/tentacle2/install/ros_gz_interfaces/include/ros_gz_interfaces/ros_gz_interfaces/msg/detail/video_record__functions.c\n'}
[0.509296] (ros_gz_interfaces) StdoutLine: {'line': b'-- Up-to-date: /home/prithiv/tentacle2/install/ros_gz_interfaces/include/ros_gz_interfaces/ros_gz_interfaces/msg/detail/track_visual__functions.c\n'}
[0.509357] (ros_gz_interfaces) StdoutLine: {'line': b'-- Up-to-date: /home/prithiv/tentacle2/install/ros_gz_interfaces/include/ros_gz_interfaces/ros_gz_interfaces/msg/detail/track_visual__functions.h\n'}
[0.509407] (ros_gz_interfaces) StdoutLine: {'line': b'-- Up-to-date: /home/prithiv/tentacle2/install/ros_gz_interfaces/include/ros_gz_interfaces/ros_gz_interfaces/msg/detail/param_vec__functions.h\n'}
[0.509463] (ros_gz_interfaces) StdoutLine: {'line': b'-- Up-to-date: /home/prithiv/tentacle2/install/ros_gz_interfaces/include/ros_gz_interfaces/ros_gz_interfaces/msg/detail/video_record__struct.h\n'}
[0.509514] (ros_gz_interfaces) StdoutLine: {'line': b'-- Up-to-date: /home/prithiv/tentacle2/install/ros_gz_interfaces/include/ros_gz_interfaces/ros_gz_interfaces/msg/detail/world_reset__type_support.h\n'}
[0.509562] (ros_gz_interfaces) StdoutLine: {'line': b'-- Up-to-date: /home/prithiv/tentacle2/install/ros_gz_interfaces/include/ros_gz_interfaces/ros_gz_interfaces/msg/detail/dataframe__type_support.h\n'}
[0.509611] (ros_gz_interfaces) StdoutLine: {'line': b'-- Up-to-date: /home/prithiv/tentacle2/install/ros_gz_interfaces/include/ros_gz_interfaces/ros_gz_interfaces/msg/detail/entity_factory__struct.h\n'}
[0.509710] (ros_gz_interfaces) StdoutLine: {'line': b'-- Up-to-date: /home/prithiv/tentacle2/install/ros_gz_interfaces/include/ros_gz_interfaces/ros_gz_interfaces/msg/detail/gui_camera__functions.h\n'}
[0.509760] (ros_gz_interfaces) StdoutLine: {'line': b'-- Up-to-date: /home/prithiv/tentacle2/install/ros_gz_interfaces/include/ros_gz_interfaces/ros_gz_interfaces/msg/detail/material_color__functions.c\n'}
[0.509808] (ros_gz_interfaces) StdoutLine: {'line': b'-- Up-to-date: /home/prithiv/tentacle2/install/ros_gz_interfaces/include/ros_gz_interfaces/ros_gz_interfaces/msg/detail/track_visual__type_support.h\n'}
[0.509855] (ros_gz_interfaces) StdoutLine: {'line': b'-- Up-to-date: /home/prithiv/tentacle2/install/ros_gz_interfaces/include/ros_gz_interfaces/ros_gz_interfaces/msg/detail/world_control__functions.c\n'}
[0.509903] (ros_gz_interfaces) StdoutLine: {'line': b'-- Up-to-date: /home/prithiv/tentacle2/install/ros_gz_interfaces/include/ros_gz_interfaces/ros_gz_interfaces/msg/detail/altimeter__functions.c\n'}
[0.509952] (ros_gz_interfaces) StdoutLine: {'line': b'-- Up-to-date: /home/prithiv/tentacle2/install/ros_gz_interfaces/include/ros_gz_interfaces/ros_gz_interfaces/msg/detail/param_vec__struct.h\n'}
[0.510000] (ros_gz_interfaces) StdoutLine: {'line': b'-- Up-to-date: /home/prithiv/tentacle2/install/ros_gz_interfaces/include/ros_gz_interfaces/ros_gz_interfaces/msg/detail/float32_array__functions.h\n'}
[0.510050] (ros_gz_interfaces) StdoutLine: {'line': b'-- Up-to-date: /home/prithiv/tentacle2/install/ros_gz_interfaces/include/ros_gz_interfaces/ros_gz_interfaces/msg/detail/light__functions.h\n'}
[0.510098] (ros_gz_interfaces) StdoutLine: {'line': b'-- Up-to-date: /home/prithiv/tentacle2/install/ros_gz_interfaces/include/ros_gz_interfaces/ros_gz_interfaces/msg/detail/gui_camera__struct.h\n'}
[0.510146] (ros_gz_interfaces) StdoutLine: {'line': b'-- Up-to-date: /home/prithiv/tentacle2/install/ros_gz_interfaces/include/ros_gz_interfaces/ros_gz_interfaces/msg/detail/entity_factory__type_support.h\n'}
[0.510272] (ros_gz_interfaces) StdoutLine: {'line': b'-- Up-to-date: /home/prithiv/tentacle2/install/ros_gz_interfaces/include/ros_gz_interfaces/ros_gz_interfaces/msg/detail/joint_wrench__functions.h\n'}
[0.510318] (ros_gz_interfaces) StdoutLine: {'line': b'-- Up-to-date: /home/prithiv/tentacle2/install/ros_gz_interfaces/include/ros_gz_interfaces/ros_gz_interfaces/msg/detail/altimeter__functions.h\n'}
[0.510362] (ros_gz_interfaces) StdoutLine: {'line': b'-- Up-to-date: /home/prithiv/tentacle2/install/ros_gz_interfaces/include/ros_gz_interfaces/ros_gz_interfaces/msg/detail/param_vec__functions.c\n'}
[0.510407] (ros_gz_interfaces) StdoutLine: {'line': b'-- Up-to-date: /home/prithiv/tentacle2/install/ros_gz_interfaces/include/ros_gz_interfaces/ros_gz_interfaces/msg/detail/sensor_noise__struct.h\n'}
[0.510459] (ros_gz_interfaces) StdoutLine: {'line': b'-- Up-to-date: /home/prithiv/tentacle2/install/ros_gz_interfaces/include/ros_gz_interfaces/ros_gz_interfaces/msg/detail/material_color__type_support.h\n'}
[0.510506] (ros_gz_interfaces) StdoutLine: {'line': b'-- Up-to-date: /home/prithiv/tentacle2/install/ros_gz_interfaces/include/ros_gz_interfaces/ros_gz_interfaces/msg/detail/float32_array__struct.h\n'}
[0.510552] (ros_gz_interfaces) StdoutLine: {'line': b'-- Up-to-date: /home/prithiv/tentacle2/install/ros_gz_interfaces/include/ros_gz_interfaces/ros_gz_interfaces/msg/detail/contact__functions.h\n'}
[0.510594] (ros_gz_interfaces) StdoutLine: {'line': b'-- Up-to-date: /home/prithiv/tentacle2/install/ros_gz_interfaces/include/ros_gz_interfaces/ros_gz_interfaces/msg/detail/world_control__functions.h\n'}
[0.510639] (ros_gz_interfaces) StdoutLine: {'line': b'-- Up-to-date: /home/prithiv/tentacle2/install/ros_gz_interfaces/include/ros_gz_interfaces/ros_gz_interfaces/msg/detail/world_reset__functions.c\n'}
[0.510681] (ros_gz_interfaces) StdoutLine: {'line': b'-- Up-to-date: /home/prithiv/tentacle2/install/ros_gz_interfaces/include/ros_gz_interfaces/ros_gz_interfaces/msg/detail/contact__type_support.h\n'}
[0.510721] (ros_gz_interfaces) StdoutLine: {'line': b'-- Up-to-date: /home/prithiv/tentacle2/install/ros_gz_interfaces/include/ros_gz_interfaces/ros_gz_interfaces/msg/detail/string_vec__type_support.h\n'}
[0.510764] (ros_gz_interfaces) StdoutLine: {'line': b'-- Up-to-date: /home/prithiv/tentacle2/install/ros_gz_interfaces/include/ros_gz_interfaces/ros_gz_interfaces/msg/detail/dataframe__functions.c\n'}
[0.510807] (ros_gz_interfaces) StdoutLine: {'line': b'-- Up-to-date: /home/prithiv/tentacle2/install/ros_gz_interfaces/include/ros_gz_interfaces/ros_gz_interfaces/msg/detail/param_vec__type_support.h\n'}
[0.510849] (ros_gz_interfaces) StdoutLine: {'line': b'-- Up-to-date: /home/prithiv/tentacle2/install/ros_gz_interfaces/include/ros_gz_interfaces/ros_gz_interfaces/msg/detail/string_vec__struct.h\n'}
[0.510891] (ros_gz_interfaces) StdoutLine: {'line': b'-- Up-to-date: /home/prithiv/tentacle2/install/ros_gz_interfaces/include/ros_gz_interfaces/ros_gz_interfaces/msg/detail/float32_array__type_support.h\n'}
[0.510933] (ros_gz_interfaces) StdoutLine: {'line': b'-- Up-to-date: /home/prithiv/tentacle2/install/ros_gz_interfaces/include/ros_gz_interfaces/ros_gz_interfaces/msg/detail/altimeter__struct.h\n'}
[0.510977] (ros_gz_interfaces) StdoutLine: {'line': b'-- Up-to-date: /home/prithiv/tentacle2/install/ros_gz_interfaces/include/ros_gz_interfaces/ros_gz_interfaces/msg/detail/material_color__functions.h\n'}
[0.511021] (ros_gz_interfaces) StdoutLine: {'line': b'-- Up-to-date: /home/prithiv/tentacle2/install/ros_gz_interfaces/include/ros_gz_interfaces/ros_gz_interfaces/msg/detail/float32_array__functions.c\n'}
[0.511069] (ros_gz_interfaces) StdoutLine: {'line': b'-- Up-to-date: /home/prithiv/tentacle2/install/ros_gz_interfaces/include/ros_gz_interfaces/ros_gz_interfaces/msg/detail/entity_factory__functions.h\n'}
[0.511112] (ros_gz_interfaces) StdoutLine: {'line': b'-- Up-to-date: /home/prithiv/tentacle2/install/ros_gz_interfaces/include/ros_gz_interfaces/ros_gz_interfaces/msg/detail/world_reset__functions.h\n'}
[0.511158] (ros_gz_interfaces) StdoutLine: {'line': b'-- Up-to-date: /home/prithiv/tentacle2/install/ros_gz_interfaces/include/ros_gz_interfaces/ros_gz_interfaces/msg/detail/gui_camera__type_support.h\n'}
[0.511202] (ros_gz_interfaces) StdoutLine: {'line': b'-- Up-to-date: /home/prithiv/tentacle2/install/ros_gz_interfaces/include/ros_gz_interfaces/ros_gz_interfaces/msg/detail/gui_camera__functions.c\n'}
[0.511246] (ros_gz_interfaces) StdoutLine: {'line': b'-- Up-to-date: /home/prithiv/tentacle2/install/ros_gz_interfaces/include/ros_gz_interfaces/ros_gz_interfaces/msg/detail/joint_wrench__functions.c\n'}
[0.511291] (ros_gz_interfaces) StdoutLine: {'line': b'-- Up-to-date: /home/prithiv/tentacle2/install/ros_gz_interfaces/include/ros_gz_interfaces/ros_gz_interfaces/msg/detail/altimeter__type_support.h\n'}
[0.511335] (ros_gz_interfaces) StdoutLine: {'line': b'-- Up-to-date: /home/prithiv/tentacle2/install/ros_gz_interfaces/include/ros_gz_interfaces/ros_gz_interfaces/msg/detail/world_reset__struct.h\n'}
[0.511379] (ros_gz_interfaces) StdoutLine: {'line': b'-- Up-to-date: /home/prithiv/tentacle2/install/ros_gz_interfaces/include/ros_gz_interfaces/ros_gz_interfaces/msg/detail/string_vec__functions.c\n'}
[0.511429] (ros_gz_interfaces) StdoutLine: {'line': b'-- Up-to-date: /home/prithiv/tentacle2/install/ros_gz_interfaces/include/ros_gz_interfaces/ros_gz_interfaces/msg/detail/video_record__type_support.h\n'}
[0.511482] (ros_gz_interfaces) StdoutLine: {'line': b'-- Up-to-date: /home/prithiv/tentacle2/install/ros_gz_interfaces/include/ros_gz_interfaces/ros_gz_interfaces/msg/detail/string_vec__functions.h\n'}
[0.511531] (ros_gz_interfaces) StdoutLine: {'line': b'-- Up-to-date: /home/prithiv/tentacle2/install/ros_gz_interfaces/include/ros_gz_interfaces/ros_gz_interfaces/msg/detail/joint_wrench__type_support.h\n'}
[0.511579] (ros_gz_interfaces) StdoutLine: {'line': b'-- Up-to-date: /home/prithiv/tentacle2/install/ros_gz_interfaces/include/ros_gz_interfaces/ros_gz_interfaces/msg/detail/contacts__functions.c\n'}
[0.511633] (ros_gz_interfaces) StdoutLine: {'line': b'-- Up-to-date: /home/prithiv/tentacle2/install/ros_gz_interfaces/include/ros_gz_interfaces/ros_gz_interfaces/msg/detail/light__type_support.h\n'}
[0.511685] (ros_gz_interfaces) StdoutLine: {'line': b'-- Up-to-date: /home/prithiv/tentacle2/install/ros_gz_interfaces/include/ros_gz_interfaces/ros_gz_interfaces/msg/detail/dataframe__struct.h\n'}
[0.511735] (ros_gz_interfaces) StdoutLine: {'line': b'-- Up-to-date: /home/prithiv/tentacle2/install/ros_gz_interfaces/include/ros_gz_interfaces/ros_gz_interfaces/msg/detail/world_control__type_support.h\n'}
[0.511786] (ros_gz_interfaces) StdoutLine: {'line': b'-- Up-to-date: /home/prithiv/tentacle2/install/ros_gz_interfaces/include/ros_gz_interfaces/ros_gz_interfaces/msg/detail/contact__functions.c\n'}
[0.511837] (ros_gz_interfaces) StdoutLine: {'line': b'-- Up-to-date: /home/prithiv/tentacle2/install/ros_gz_interfaces/include/ros_gz_interfaces/ros_gz_interfaces/msg/detail/world_control__struct.h\n'}
[0.511889] (ros_gz_interfaces) StdoutLine: {'line': b'-- Up-to-date: /home/prithiv/tentacle2/install/ros_gz_interfaces/include/ros_gz_interfaces/ros_gz_interfaces/msg/detail/entity__struct.h\n'}
[0.511939] (ros_gz_interfaces) StdoutLine: {'line': b'-- Up-to-date: /home/prithiv/tentacle2/install/ros_gz_interfaces/include/ros_gz_interfaces/ros_gz_interfaces/msg/detail/contacts__functions.h\n'}
[0.511989] (ros_gz_interfaces) StdoutLine: {'line': b'-- Up-to-date: /home/prithiv/tentacle2/install/ros_gz_interfaces/include/ros_gz_interfaces/ros_gz_interfaces/msg/detail/joint_wrench__struct.h\n'}
[0.512038] (ros_gz_interfaces) StdoutLine: {'line': b'-- Up-to-date: /home/prithiv/tentacle2/install/ros_gz_interfaces/include/ros_gz_interfaces/ros_gz_interfaces/msg/detail/material_color__struct.h\n'}
[0.512086] (ros_gz_interfaces) StdoutLine: {'line': b'-- Up-to-date: /home/prithiv/tentacle2/install/ros_gz_interfaces/include/ros_gz_interfaces/ros_gz_interfaces/msg/track_visual.h\n'}
[0.512137] (ros_gz_interfaces) StdoutLine: {'line': b'-- Up-to-date: /home/prithiv/tentacle2/install/ros_gz_interfaces/include/ros_gz_interfaces/ros_gz_interfaces/msg/video_record.h\n'}
[0.512186] (ros_gz_interfaces) StdoutLine: {'line': b'-- Up-to-date: /home/prithiv/tentacle2/install/ros_gz_interfaces/include/ros_gz_interfaces/ros_gz_interfaces/msg/gui_camera.h\n'}
[0.512233] (ros_gz_interfaces) StdoutLine: {'line': b'-- Up-to-date: /home/prithiv/tentacle2/install/ros_gz_interfaces/include/ros_gz_interfaces/ros_gz_interfaces/msg/entity.h\n'}
[0.512281] (ros_gz_interfaces) StdoutLine: {'line': b'-- Up-to-date: /home/prithiv/tentacle2/install/ros_gz_interfaces/include/ros_gz_interfaces/ros_gz_interfaces/msg/world_reset.h\n'}
[0.512328] (ros_gz_interfaces) StdoutLine: {'line': b'-- Up-to-date: /home/prithiv/tentacle2/install/ros_gz_interfaces/include/ros_gz_interfaces/ros_gz_interfaces/msg/contact.h\n'}
[0.512376] (ros_gz_interfaces) StdoutLine: {'line': b'-- Up-to-date: /home/prithiv/tentacle2/install/ros_gz_interfaces/include/ros_gz_interfaces/ros_gz_interfaces/msg/light.h\n'}
[0.512427] (ros_gz_interfaces) StdoutLine: {'line': b'-- Up-to-date: /home/prithiv/tentacle2/install/ros_gz_interfaces/include/ros_gz_interfaces/ros_gz_interfaces/msg/param_vec.h\n'}
[0.512498] (ros_gz_interfaces) StdoutLine: {'line': b'-- Up-to-date: /home/prithiv/tentacle2/install/ros_gz_interfaces/include/ros_gz_interfaces/ros_gz_interfaces/msg/float32_array.h\n'}
[0.512544] (ros_gz_interfaces) StdoutLine: {'line': b'-- Up-to-date: /home/prithiv/tentacle2/install/ros_gz_interfaces/include/ros_gz_interfaces/ros_gz_interfaces/msg/altimeter.h\n'}
[0.512590] (ros_gz_interfaces) StdoutLine: {'line': b'-- Up-to-date: /home/prithiv/tentacle2/install/ros_gz_interfaces/include/ros_gz_interfaces/ros_gz_interfaces/srv\n'}
[0.512637] (ros_gz_interfaces) StdoutLine: {'line': b'-- Up-to-date: /home/prithiv/tentacle2/install/ros_gz_interfaces/include/ros_gz_interfaces/ros_gz_interfaces/srv/control_world.h\n'}
[0.512682] (ros_gz_interfaces) StdoutLine: {'line': b'-- Up-to-date: /home/prithiv/tentacle2/install/ros_gz_interfaces/include/ros_gz_interfaces/ros_gz_interfaces/srv/delete_entity.h\n'}
[0.512729] (ros_gz_interfaces) StdoutLine: {'line': b'-- Up-to-date: /home/prithiv/tentacle2/install/ros_gz_interfaces/include/ros_gz_interfaces/ros_gz_interfaces/srv/detail\n'}
[0.512775] (ros_gz_interfaces) StdoutLine: {'line': b'-- Up-to-date: /home/prithiv/tentacle2/install/ros_gz_interfaces/include/ros_gz_interfaces/ros_gz_interfaces/srv/detail/control_world__struct.h\n'}
[0.512823] (ros_gz_interfaces) StdoutLine: {'line': b'-- Up-to-date: /home/prithiv/tentacle2/install/ros_gz_interfaces/include/ros_gz_interfaces/ros_gz_interfaces/srv/detail/control_world__functions.c\n'}
[0.512870] (ros_gz_interfaces) StdoutLine: {'line': b'-- Up-to-date: /home/prithiv/tentacle2/install/ros_gz_interfaces/include/ros_gz_interfaces/ros_gz_interfaces/srv/detail/control_world__type_support.h\n'}
[0.512916] (ros_gz_interfaces) StdoutLine: {'line': b'-- Up-to-date: /home/prithiv/tentacle2/install/ros_gz_interfaces/include/ros_gz_interfaces/ros_gz_interfaces/srv/detail/spawn_entity__struct.h\n'}
[0.512962] (ros_gz_interfaces) StdoutLine: {'line': b'-- Up-to-date: /home/prithiv/tentacle2/install/ros_gz_interfaces/include/ros_gz_interfaces/ros_gz_interfaces/srv/detail/set_entity_pose__type_support.h\n'}
[0.513009] (ros_gz_interfaces) StdoutLine: {'line': b'-- Up-to-date: /home/prithiv/tentacle2/install/ros_gz_interfaces/include/ros_gz_interfaces/ros_gz_interfaces/srv/detail/set_entity_pose__struct.h\n'}
[0.513054] (ros_gz_interfaces) StdoutLine: {'line': b'-- Up-to-date: /home/prithiv/tentacle2/install/ros_gz_interfaces/include/ros_gz_interfaces/ros_gz_interfaces/srv/detail/delete_entity__type_support.h\n'}
[0.513099] (ros_gz_interfaces) StdoutLine: {'line': b'-- Up-to-date: /home/prithiv/tentacle2/install/ros_gz_interfaces/include/ros_gz_interfaces/ros_gz_interfaces/srv/detail/delete_entity__functions.c\n'}
[0.513145] (ros_gz_interfaces) StdoutLine: {'line': b'-- Up-to-date: /home/prithiv/tentacle2/install/ros_gz_interfaces/include/ros_gz_interfaces/ros_gz_interfaces/srv/detail/set_entity_pose__functions.h\n'}
[0.513193] (ros_gz_interfaces) StdoutLine: {'line': b'-- Up-to-date: /home/prithiv/tentacle2/install/ros_gz_interfaces/include/ros_gz_interfaces/ros_gz_interfaces/srv/detail/delete_entity__struct.h\n'}
[0.513241] (ros_gz_interfaces) StdoutLine: {'line': b'-- Up-to-date: /home/prithiv/tentacle2/install/ros_gz_interfaces/include/ros_gz_interfaces/ros_gz_interfaces/srv/detail/delete_entity__functions.h\n'}
[0.513286] (ros_gz_interfaces) StdoutLine: {'line': b'-- Up-to-date: /home/prithiv/tentacle2/install/ros_gz_interfaces/include/ros_gz_interfaces/ros_gz_interfaces/srv/detail/spawn_entity__type_support.h\n'}
[0.513332] (ros_gz_interfaces) StdoutLine: {'line': b'-- Up-to-date: /home/prithiv/tentacle2/install/ros_gz_interfaces/include/ros_gz_interfaces/ros_gz_interfaces/srv/detail/control_world__functions.h\n'}
[0.513377] (ros_gz_interfaces) StdoutLine: {'line': b'-- Up-to-date: /home/prithiv/tentacle2/install/ros_gz_interfaces/include/ros_gz_interfaces/ros_gz_interfaces/srv/detail/set_entity_pose__functions.c\n'}
[0.513427] (ros_gz_interfaces) StdoutLine: {'line': b'-- Up-to-date: /home/prithiv/tentacle2/install/ros_gz_interfaces/include/ros_gz_interfaces/ros_gz_interfaces/srv/detail/spawn_entity__functions.h\n'}
[0.513476] (ros_gz_interfaces) StdoutLine: {'line': b'-- Up-to-date: /home/prithiv/tentacle2/install/ros_gz_interfaces/include/ros_gz_interfaces/ros_gz_interfaces/srv/detail/spawn_entity__functions.c\n'}
[0.513522] (ros_gz_interfaces) StdoutLine: {'line': b'-- Up-to-date: /home/prithiv/tentacle2/install/ros_gz_interfaces/include/ros_gz_interfaces/ros_gz_interfaces/srv/spawn_entity.h\n'}
[0.513567] (ros_gz_interfaces) StdoutLine: {'line': b'-- Up-to-date: /home/prithiv/tentacle2/install/ros_gz_interfaces/include/ros_gz_interfaces/ros_gz_interfaces/srv/set_entity_pose.h\n'}
[0.513613] (ros_gz_interfaces) StdoutLine: {'line': b'-- Up-to-date: /home/prithiv/tentacle2/install/ros_gz_interfaces/share/ros_gz_interfaces/environment/library_path.sh\n'}
[0.513660] (ros_gz_interfaces) StdoutLine: {'line': b'-- Up-to-date: /home/prithiv/tentacle2/install/ros_gz_interfaces/share/ros_gz_interfaces/environment/library_path.dsv\n'}
[0.513706] (ros_gz_interfaces) StdoutLine: {'line': b'-- Up-to-date: /home/prithiv/tentacle2/install/ros_gz_interfaces/lib/libros_gz_interfaces__rosidl_generator_c.so\n'}
[0.513843] (ros_gz_interfaces) StdoutLine: {'line': b'-- Up-to-date: /home/prithiv/tentacle2/install/ros_gz_interfaces/include/ros_gz_interfaces/ros_gz_interfaces\n'}
[0.513900] (ros_gz_interfaces) StdoutLine: {'line': b'-- Up-to-date: /home/prithiv/tentacle2/install/ros_gz_interfaces/include/ros_gz_interfaces/ros_gz_interfaces/msg\n'}
[0.513951] (ros_gz_interfaces) StdoutLine: {'line': b'-- Up-to-date: /home/prithiv/tentacle2/install/ros_gz_interfaces/include/ros_gz_interfaces/ros_gz_interfaces/msg/detail\n'}
[0.513999] (ros_gz_interfaces) StdoutLine: {'line': b'-- Up-to-date: /home/prithiv/tentacle2/install/ros_gz_interfaces/include/ros_gz_interfaces/ros_gz_interfaces/msg/detail/float32_array__rosidl_typesupport_fastrtps_c.h\n'}
[0.514053] (ros_gz_interfaces) StdoutLine: {'line': b'-- Up-to-date: /home/prithiv/tentacle2/install/ros_gz_interfaces/include/ros_gz_interfaces/ros_gz_interfaces/msg/detail/entity__rosidl_typesupport_fastrtps_c.h\n'}
[0.514102] (ros_gz_interfaces) StdoutLine: {'line': b'-- Up-to-date: /home/prithiv/tentacle2/install/ros_gz_interfaces/include/ros_gz_interfaces/ros_gz_interfaces/msg/detail/string_vec__rosidl_typesupport_fastrtps_c.h\n'}
[0.514151] (ros_gz_interfaces) StdoutLine: {'line': b'-- Up-to-date: /home/prithiv/tentacle2/install/ros_gz_interfaces/include/ros_gz_interfaces/ros_gz_interfaces/msg/detail/track_visual__rosidl_typesupport_fastrtps_c.h\n'}
[0.514200] (ros_gz_interfaces) StdoutLine: {'line': b'-- Up-to-date: /home/prithiv/tentacle2/install/ros_gz_interfaces/include/ros_gz_interfaces/ros_gz_interfaces/msg/detail/contact__rosidl_typesupport_fastrtps_c.h\n'}
[0.514250] (ros_gz_interfaces) StdoutLine: {'line': b'-- Up-to-date: /home/prithiv/tentacle2/install/ros_gz_interfaces/include/ros_gz_interfaces/ros_gz_interfaces/msg/detail/entity_wrench__rosidl_typesupport_fastrtps_c.h\n'}
[0.514298] (ros_gz_interfaces) StdoutLine: {'line': b'-- Up-to-date: /home/prithiv/tentacle2/install/ros_gz_interfaces/include/ros_gz_interfaces/ros_gz_interfaces/msg/detail/light__rosidl_typesupport_fastrtps_c.h\n'}
[0.514346] (ros_gz_interfaces) StdoutLine: {'line': b'-- Up-to-date: /home/prithiv/tentacle2/install/ros_gz_interfaces/include/ros_gz_interfaces/ros_gz_interfaces/msg/detail/world_control__rosidl_typesupport_fastrtps_c.h\n'}
[0.514394] (ros_gz_interfaces) StdoutLine: {'line': b'-- Up-to-date: /home/prithiv/tentacle2/install/ros_gz_interfaces/include/ros_gz_interfaces/ros_gz_interfaces/msg/detail/joint_wrench__rosidl_typesupport_fastrtps_c.h\n'}
[0.514451] (ros_gz_interfaces) StdoutLine: {'line': b'-- Up-to-date: /home/prithiv/tentacle2/install/ros_gz_interfaces/include/ros_gz_interfaces/ros_gz_interfaces/msg/detail/material_color__rosidl_typesupport_fastrtps_c.h\n'}
[0.514500] (ros_gz_interfaces) StdoutLine: {'line': b'-- Up-to-date: /home/prithiv/tentacle2/install/ros_gz_interfaces/include/ros_gz_interfaces/ros_gz_interfaces/msg/detail/sensor_noise__rosidl_typesupport_fastrtps_c.h\n'}
[0.514547] (ros_gz_interfaces) StdoutLine: {'line': b'-- Up-to-date: /home/prithiv/tentacle2/install/ros_gz_interfaces/include/ros_gz_interfaces/ros_gz_interfaces/msg/detail/video_record__rosidl_typesupport_fastrtps_c.h\n'}
[0.514595] (ros_gz_interfaces) StdoutLine: {'line': b'-- Up-to-date: /home/prithiv/tentacle2/install/ros_gz_interfaces/include/ros_gz_interfaces/ros_gz_interfaces/msg/detail/entity_factory__rosidl_typesupport_fastrtps_c.h\n'}
[0.514710] (ros_gz_interfaces) StdoutLine: {'line': b'-- Up-to-date: /home/prithiv/tentacle2/install/ros_gz_interfaces/include/ros_gz_interfaces/ros_gz_interfaces/msg/detail/dataframe__rosidl_typesupport_fastrtps_c.h\n'}
[0.514761] (ros_gz_interfaces) StdoutLine: {'line': b'-- Up-to-date: /home/prithiv/tentacle2/install/ros_gz_interfaces/include/ros_gz_interfaces/ros_gz_interfaces/msg/detail/gui_camera__rosidl_typesupport_fastrtps_c.h\n'}
[0.514808] (ros_gz_interfaces) StdoutLine: {'line': b'-- Up-to-date: /home/prithiv/tentacle2/install/ros_gz_interfaces/include/ros_gz_interfaces/ros_gz_interfaces/msg/detail/param_vec__rosidl_typesupport_fastrtps_c.h\n'}
[0.514855] (ros_gz_interfaces) StdoutLine: {'line': b'-- Up-to-date: /home/prithiv/tentacle2/install/ros_gz_interfaces/include/ros_gz_interfaces/ros_gz_interfaces/msg/detail/world_reset__rosidl_typesupport_fastrtps_c.h\n'}
[0.514901] (ros_gz_interfaces) StdoutLine: {'line': b'-- Up-to-date: /home/prithiv/tentacle2/install/ros_gz_interfaces/include/ros_gz_interfaces/ros_gz_interfaces/msg/detail/contacts__rosidl_typesupport_fastrtps_c.h\n'}
[0.514947] (ros_gz_interfaces) StdoutLine: {'line': b'-- Up-to-date: /home/prithiv/tentacle2/install/ros_gz_interfaces/include/ros_gz_interfaces/ros_gz_interfaces/msg/detail/altimeter__rosidl_typesupport_fastrtps_c.h\n'}
[0.514992] (ros_gz_interfaces) StdoutLine: {'line': b'-- Up-to-date: /home/prithiv/tentacle2/install/ros_gz_interfaces/include/ros_gz_interfaces/ros_gz_interfaces/msg/rosidl_typesupport_fastrtps_c__visibility_control.h\n'}
[0.515037] (ros_gz_interfaces) StdoutLine: {'line': b'-- Up-to-date: /home/prithiv/tentacle2/install/ros_gz_interfaces/include/ros_gz_interfaces/ros_gz_interfaces/srv\n'}
[0.515082] (ros_gz_interfaces) StdoutLine: {'line': b'-- Up-to-date: /home/prithiv/tentacle2/install/ros_gz_interfaces/include/ros_gz_interfaces/ros_gz_interfaces/srv/detail\n'}
[0.515126] (ros_gz_interfaces) StdoutLine: {'line': b'-- Up-to-date: /home/prithiv/tentacle2/install/ros_gz_interfaces/include/ros_gz_interfaces/ros_gz_interfaces/srv/detail/control_world__rosidl_typesupport_fastrtps_c.h\n'}
[0.515171] (ros_gz_interfaces) StdoutLine: {'line': b'-- Up-to-date: /home/prithiv/tentacle2/install/ros_gz_interfaces/include/ros_gz_interfaces/ros_gz_interfaces/srv/detail/delete_entity__rosidl_typesupport_fastrtps_c.h\n'}
[0.515337] (ros_gz_interfaces) StdoutLine: {'line': b'-- Up-to-date: /home/prithiv/tentacle2/install/ros_gz_interfaces/include/ros_gz_interfaces/ros_gz_interfaces/srv/detail/spawn_entity__rosidl_typesupport_fastrtps_c.h\n'}
[0.515382] (ros_gz_interfaces) StdoutLine: {'line': b'-- Up-to-date: /home/prithiv/tentacle2/install/ros_gz_interfaces/include/ros_gz_interfaces/ros_gz_interfaces/srv/detail/set_entity_pose__rosidl_typesupport_fastrtps_c.h\n'}
[0.515436] (ros_gz_interfaces) StdoutLine: {'line': b'-- Up-to-date: /home/prithiv/tentacle2/install/ros_gz_interfaces/lib/libros_gz_interfaces__rosidl_typesupport_fastrtps_c.so\n'}
[0.515485] (ros_gz_interfaces) StdoutLine: {'line': b'-- Up-to-date: /home/prithiv/tentacle2/install/ros_gz_interfaces/include/ros_gz_interfaces/ros_gz_interfaces\n'}
[0.515532] (ros_gz_interfaces) StdoutLine: {'line': b'-- Up-to-date: /home/prithiv/tentacle2/install/ros_gz_interfaces/include/ros_gz_interfaces/ros_gz_interfaces/msg\n'}
[0.515578] (ros_gz_interfaces) StdoutLine: {'line': b'-- Up-to-date: /home/prithiv/tentacle2/install/ros_gz_interfaces/include/ros_gz_interfaces/ros_gz_interfaces/msg/joint_wrench.hpp\n'}
[0.515623] (ros_gz_interfaces) StdoutLine: {'line': b'-- Up-to-date: /home/prithiv/tentacle2/install/ros_gz_interfaces/include/ros_gz_interfaces/ros_gz_interfaces/msg/rosidl_generator_cpp__visibility_control.hpp\n'}
[0.515668] (ros_gz_interfaces) StdoutLine: {'line': b'-- Up-to-date: /home/prithiv/tentacle2/install/ros_gz_interfaces/include/ros_gz_interfaces/ros_gz_interfaces/msg/contact.hpp\n'}
[0.515712] (ros_gz_interfaces) StdoutLine: {'line': b'-- Up-to-date: /home/prithiv/tentacle2/install/ros_gz_interfaces/include/ros_gz_interfaces/ros_gz_interfaces/msg/param_vec.hpp\n'}
[0.515756] (ros_gz_interfaces) StdoutLine: {'line': b'-- Up-to-date: /home/prithiv/tentacle2/install/ros_gz_interfaces/include/ros_gz_interfaces/ros_gz_interfaces/msg/track_visual.hpp\n'}
[0.515800] (ros_gz_interfaces) StdoutLine: {'line': b'-- Up-to-date: /home/prithiv/tentacle2/install/ros_gz_interfaces/include/ros_gz_interfaces/ros_gz_interfaces/msg/dataframe.hpp\n'}
[0.515844] (ros_gz_interfaces) StdoutLine: {'line': b'-- Up-to-date: /home/prithiv/tentacle2/install/ros_gz_interfaces/include/ros_gz_interfaces/ros_gz_interfaces/msg/entity.hpp\n'}
[0.515887] (ros_gz_interfaces) StdoutLine: {'line': b'-- Up-to-date: /home/prithiv/tentacle2/install/ros_gz_interfaces/include/ros_gz_interfaces/ros_gz_interfaces/msg/gui_camera.hpp\n'}
[0.515930] (ros_gz_interfaces) StdoutLine: {'line': b'-- Up-to-date: /home/prithiv/tentacle2/install/ros_gz_interfaces/include/ros_gz_interfaces/ros_gz_interfaces/msg/world_reset.hpp\n'}
[0.515973] (ros_gz_interfaces) StdoutLine: {'line': b'-- Up-to-date: /home/prithiv/tentacle2/install/ros_gz_interfaces/include/ros_gz_interfaces/ros_gz_interfaces/msg/float32_array.hpp\n'}
[0.516097] (ros_gz_interfaces) StdoutLine: {'line': b'-- Up-to-date: /home/prithiv/tentacle2/install/ros_gz_interfaces/include/ros_gz_interfaces/ros_gz_interfaces/msg/string_vec.hpp\n'}
[0.516151] (ros_gz_interfaces) StdoutLine: {'line': b'-- Up-to-date: /home/prithiv/tentacle2/install/ros_gz_interfaces/include/ros_gz_interfaces/ros_gz_interfaces/msg/light.hpp\n'}
[0.516199] (ros_gz_interfaces) StdoutLine: {'line': b'-- Up-to-date: /home/prithiv/tentacle2/install/ros_gz_interfaces/include/ros_gz_interfaces/ros_gz_interfaces/msg/entity_factory.hpp\n'}
[0.516246] (ros_gz_interfaces) StdoutLine: {'line': b'-- Up-to-date: /home/prithiv/tentacle2/install/ros_gz_interfaces/include/ros_gz_interfaces/ros_gz_interfaces/msg/entity_wrench.hpp\n'}
[0.516291] (ros_gz_interfaces) StdoutLine: {'line': b'-- Up-to-date: /home/prithiv/tentacle2/install/ros_gz_interfaces/include/ros_gz_interfaces/ros_gz_interfaces/msg/detail\n'}
[0.516338] (ros_gz_interfaces) StdoutLine: {'line': b'-- Up-to-date: /home/prithiv/tentacle2/install/ros_gz_interfaces/include/ros_gz_interfaces/ros_gz_interfaces/msg/detail/float32_array__builder.hpp\n'}
[0.516383] (ros_gz_interfaces) StdoutLine: {'line': b'-- Up-to-date: /home/prithiv/tentacle2/install/ros_gz_interfaces/include/ros_gz_interfaces/ros_gz_interfaces/msg/detail/contact__builder.hpp\n'}
[0.516438] (ros_gz_interfaces) StdoutLine: {'line': b'-- Up-to-date: /home/prithiv/tentacle2/install/ros_gz_interfaces/include/ros_gz_interfaces/ros_gz_interfaces/msg/detail/string_vec__type_support.hpp\n'}
[0.516487] (ros_gz_interfaces) StdoutLine: {'line': b'-- Up-to-date: /home/prithiv/tentacle2/install/ros_gz_interfaces/include/ros_gz_interfaces/ros_gz_interfaces/msg/detail/dataframe__struct.hpp\n'}
[0.516533] (ros_gz_interfaces) StdoutLine: {'line': b'-- Up-to-date: /home/prithiv/tentacle2/install/ros_gz_interfaces/include/ros_gz_interfaces/ros_gz_interfaces/msg/detail/material_color__builder.hpp\n'}
[0.516579] (ros_gz_interfaces) StdoutLine: {'line': b'-- Up-to-date: /home/prithiv/tentacle2/install/ros_gz_interfaces/include/ros_gz_interfaces/ros_gz_interfaces/msg/detail/material_color__type_support.hpp\n'}
[0.516624] (ros_gz_interfaces) StdoutLine: {'line': b'-- Up-to-date: /home/prithiv/tentacle2/install/ros_gz_interfaces/include/ros_gz_interfaces/ros_gz_interfaces/msg/detail/light__builder.hpp\n'}
[0.516669] (ros_gz_interfaces) StdoutLine: {'line': b'-- Up-to-date: /home/prithiv/tentacle2/install/ros_gz_interfaces/include/ros_gz_interfaces/ros_gz_interfaces/msg/detail/gui_camera__builder.hpp\n'}
[0.516713] (ros_gz_interfaces) StdoutLine: {'line': b'-- Up-to-date: /home/prithiv/tentacle2/install/ros_gz_interfaces/include/ros_gz_interfaces/ros_gz_interfaces/msg/detail/entity__type_support.hpp\n'}
[0.516759] (ros_gz_interfaces) StdoutLine: {'line': b'-- Up-to-date: /home/prithiv/tentacle2/install/ros_gz_interfaces/include/ros_gz_interfaces/ros_gz_interfaces/msg/detail/sensor_noise__traits.hpp\n'}
[0.516803] (ros_gz_interfaces) StdoutLine: {'line': b'-- Up-to-date: /home/prithiv/tentacle2/install/ros_gz_interfaces/include/ros_gz_interfaces/ros_gz_interfaces/msg/detail/contact__struct.hpp\n'}
[0.516848] (ros_gz_interfaces) StdoutLine: {'line': b'-- Up-to-date: /home/prithiv/tentacle2/install/ros_gz_interfaces/include/ros_gz_interfaces/ros_gz_interfaces/msg/detail/entity__struct.hpp\n'}
[0.516890] (ros_gz_interfaces) StdoutLine: {'line': b'-- Up-to-date: /home/prithiv/tentacle2/install/ros_gz_interfaces/include/ros_gz_interfaces/ros_gz_interfaces/msg/detail/video_record__struct.hpp\n'}
[0.516938] (ros_gz_interfaces) StdoutLine: {'line': b'-- Up-to-date: /home/prithiv/tentacle2/install/ros_gz_interfaces/include/ros_gz_interfaces/ros_gz_interfaces/msg/detail/param_vec__type_support.hpp\n'}
[0.516982] (ros_gz_interfaces) StdoutLine: {'line': b'-- Up-to-date: /home/prithiv/tentacle2/install/ros_gz_interfaces/include/ros_gz_interfaces/ros_gz_interfaces/msg/detail/gui_camera__traits.hpp\n'}
[0.517027] (ros_gz_interfaces) StdoutLine: {'line': b'-- Up-to-date: /home/prithiv/tentacle2/install/ros_gz_interfaces/include/ros_gz_interfaces/ros_gz_interfaces/msg/detail/contacts__struct.hpp\n'}
[0.517072] (ros_gz_interfaces) StdoutLine: {'line': b'-- Up-to-date: /home/prithiv/tentacle2/install/ros_gz_interfaces/include/ros_gz_interfaces/ros_gz_interfaces/msg/detail/entity__traits.hpp\n'}
[0.517115] (ros_gz_interfaces) StdoutLine: {'line': b'-- Up-to-date: /home/prithiv/tentacle2/install/ros_gz_interfaces/include/ros_gz_interfaces/ros_gz_interfaces/msg/detail/video_record__type_support.hpp\n'}
[0.517160] (ros_gz_interfaces) StdoutLine: {'line': b'-- Up-to-date: /home/prithiv/tentacle2/install/ros_gz_interfaces/include/ros_gz_interfaces/ros_gz_interfaces/msg/detail/entity_factory__builder.hpp\n'}
[0.517205] (ros_gz_interfaces) StdoutLine: {'line': b'-- Up-to-date: /home/prithiv/tentacle2/install/ros_gz_interfaces/include/ros_gz_interfaces/ros_gz_interfaces/msg/detail/altimeter__traits.hpp\n'}
[0.517248] (ros_gz_interfaces) StdoutLine: {'line': b'-- Up-to-date: /home/prithiv/tentacle2/install/ros_gz_interfaces/include/ros_gz_interfaces/ros_gz_interfaces/msg/detail/world_control__type_support.hpp\n'}
[0.517287] (ros_gz_interfaces) StdoutLine: {'line': b'-- Up-to-date: /home/prithiv/tentacle2/install/ros_gz_interfaces/include/ros_gz_interfaces/ros_gz_interfaces/msg/detail/float32_array__traits.hpp\n'}
[0.517323] (ros_gz_interfaces) StdoutLine: {'line': b'-- Up-to-date: /home/prithiv/tentacle2/install/ros_gz_interfaces/include/ros_gz_interfaces/ros_gz_interfaces/msg/detail/contacts__builder.hpp\n'}
[0.517360] (ros_gz_interfaces) StdoutLine: {'line': b'-- Up-to-date: /home/prithiv/tentacle2/install/ros_gz_interfaces/include/ros_gz_interfaces/ros_gz_interfaces/msg/detail/track_visual__traits.hpp\n'}
[0.517395] (ros_gz_interfaces) StdoutLine: {'line': b'-- Up-to-date: /home/prithiv/tentacle2/install/ros_gz_interfaces/include/ros_gz_interfaces/ros_gz_interfaces/msg/detail/joint_wrench__builder.hpp\n'}
[0.517433] (ros_gz_interfaces) StdoutLine: {'line': b'-- Up-to-date: /home/prithiv/tentacle2/install/ros_gz_interfaces/include/ros_gz_interfaces/ros_gz_interfaces/msg/detail/altimeter__struct.hpp\n'}
[0.517469] (ros_gz_interfaces) StdoutLine: {'line': b'-- Up-to-date: /home/prithiv/tentacle2/install/ros_gz_interfaces/include/ros_gz_interfaces/ros_gz_interfaces/msg/detail/entity_wrench__struct.hpp\n'}
[0.517505] (ros_gz_interfaces) StdoutLine: {'line': b'-- Up-to-date: /home/prithiv/tentacle2/install/ros_gz_interfaces/include/ros_gz_interfaces/ros_gz_interfaces/msg/detail/light__traits.hpp\n'}
[0.517540] (ros_gz_interfaces) StdoutLine: {'line': b'-- Up-to-date: /home/prithiv/tentacle2/install/ros_gz_interfaces/include/ros_gz_interfaces/ros_gz_interfaces/msg/detail/world_control__traits.hpp\n'}
[0.517575] (ros_gz_interfaces) StdoutLine: {'line': b'-- Up-to-date: /home/prithiv/tentacle2/install/ros_gz_interfaces/include/ros_gz_interfaces/ros_gz_interfaces/msg/detail/world_reset__traits.hpp\n'}
[0.517610] (ros_gz_interfaces) StdoutLine: {'line': b'-- Up-to-date: /home/prithiv/tentacle2/install/ros_gz_interfaces/include/ros_gz_interfaces/ros_gz_interfaces/msg/detail/entity_factory__traits.hpp\n'}
[0.517646] (ros_gz_interfaces) StdoutLine: {'line': b'-- Up-to-date: /home/prithiv/tentacle2/install/ros_gz_interfaces/include/ros_gz_interfaces/ros_gz_interfaces/msg/detail/joint_wrench__type_support.hpp\n'}
[0.517681] (ros_gz_interfaces) StdoutLine: {'line': b'-- Up-to-date: /home/prithiv/tentacle2/install/ros_gz_interfaces/include/ros_gz_interfaces/ros_gz_interfaces/msg/detail/contact__traits.hpp\n'}
[0.517717] (ros_gz_interfaces) StdoutLine: {'line': b'-- Up-to-date: /home/prithiv/tentacle2/install/ros_gz_interfaces/include/ros_gz_interfaces/ros_gz_interfaces/msg/detail/material_color__struct.hpp\n'}
[0.517752] (ros_gz_interfaces) StdoutLine: {'line': b'-- Up-to-date: /home/prithiv/tentacle2/install/ros_gz_interfaces/include/ros_gz_interfaces/ros_gz_interfaces/msg/detail/world_reset__struct.hpp\n'}
[0.517787] (ros_gz_interfaces) StdoutLine: {'line': b'-- Up-to-date: /home/prithiv/tentacle2/install/ros_gz_interfaces/include/ros_gz_interfaces/ros_gz_interfaces/msg/detail/sensor_noise__type_support.hpp\n'}
[0.517823] (ros_gz_interfaces) StdoutLine: {'line': b'-- Up-to-date: /home/prithiv/tentacle2/install/ros_gz_interfaces/include/ros_gz_interfaces/ros_gz_interfaces/msg/detail/entity_factory__type_support.hpp\n'}
[0.517858] (ros_gz_interfaces) StdoutLine: {'line': b'-- Up-to-date: /home/prithiv/tentacle2/install/ros_gz_interfaces/include/ros_gz_interfaces/ros_gz_interfaces/msg/detail/string_vec__traits.hpp\n'}
[0.517893] (ros_gz_interfaces) StdoutLine: {'line': b'-- Up-to-date: /home/prithiv/tentacle2/install/ros_gz_interfaces/include/ros_gz_interfaces/ros_gz_interfaces/msg/detail/dataframe__type_support.hpp\n'}
[0.517927] (ros_gz_interfaces) StdoutLine: {'line': b'-- Up-to-date: /home/prithiv/tentacle2/install/ros_gz_interfaces/include/ros_gz_interfaces/ros_gz_interfaces/msg/detail/altimeter__type_support.hpp\n'}
[0.517963] (ros_gz_interfaces) StdoutLine: {'line': b'-- Up-to-date: /home/prithiv/tentacle2/install/ros_gz_interfaces/include/ros_gz_interfaces/ros_gz_interfaces/msg/detail/entity_factory__struct.hpp\n'}
[0.517999] (ros_gz_interfaces) StdoutLine: {'line': b'-- Up-to-date: /home/prithiv/tentacle2/install/ros_gz_interfaces/include/ros_gz_interfaces/ros_gz_interfaces/msg/detail/joint_wrench__struct.hpp\n'}
[0.518092] (ros_gz_interfaces) StdoutLine: {'line': b'-- Up-to-date: /home/prithiv/tentacle2/install/ros_gz_interfaces/include/ros_gz_interfaces/ros_gz_interfaces/msg/detail/world_control__builder.hpp\n'}
[0.518129] (ros_gz_interfaces) StdoutLine: {'line': b'-- Up-to-date: /home/prithiv/tentacle2/install/ros_gz_interfaces/include/ros_gz_interfaces/ros_gz_interfaces/msg/detail/sensor_noise__builder.hpp\n'}
[0.518165] (ros_gz_interfaces) StdoutLine: {'line': b'-- Up-to-date: /home/prithiv/tentacle2/install/ros_gz_interfaces/include/ros_gz_interfaces/ros_gz_interfaces/msg/detail/light__struct.hpp\n'}
[0.518201] (ros_gz_interfaces) StdoutLine: {'line': b'-- Up-to-date: /home/prithiv/tentacle2/install/ros_gz_interfaces/include/ros_gz_interfaces/ros_gz_interfaces/msg/detail/contacts__type_support.hpp\n'}
[0.518237] (ros_gz_interfaces) StdoutLine: {'line': b'-- Up-to-date: /home/prithiv/tentacle2/install/ros_gz_interfaces/include/ros_gz_interfaces/ros_gz_interfaces/msg/detail/gui_camera__struct.hpp\n'}
[0.518273] (ros_gz_interfaces) StdoutLine: {'line': b'-- Up-to-date: /home/prithiv/tentacle2/install/ros_gz_interfaces/include/ros_gz_interfaces/ros_gz_interfaces/msg/detail/contacts__traits.hpp\n'}
[0.518310] (ros_gz_interfaces) StdoutLine: {'line': b'-- Up-to-date: /home/prithiv/tentacle2/install/ros_gz_interfaces/include/ros_gz_interfaces/ros_gz_interfaces/msg/detail/track_visual__struct.hpp\n'}
[0.518398] (ros_gz_interfaces) StdoutLine: {'line': b'-- Up-to-date: /home/prithiv/tentacle2/install/ros_gz_interfaces/include/ros_gz_interfaces/ros_gz_interfaces/msg/detail/track_visual__type_support.hpp\n'}
[0.518438] (ros_gz_interfaces) StdoutLine: {'line': b'-- Up-to-date: /home/prithiv/tentacle2/install/ros_gz_interfaces/include/ros_gz_interfaces/ros_gz_interfaces/msg/detail/entity_wrench__type_support.hpp\n'}
[0.518476] (ros_gz_interfaces) StdoutLine: {'line': b'-- Up-to-date: /home/prithiv/tentacle2/install/ros_gz_interfaces/include/ros_gz_interfaces/ros_gz_interfaces/msg/detail/string_vec__builder.hpp\n'}
[0.518512] (ros_gz_interfaces) StdoutLine: {'line': b'-- Up-to-date: /home/prithiv/tentacle2/install/ros_gz_interfaces/include/ros_gz_interfaces/ros_gz_interfaces/msg/detail/entity__builder.hpp\n'}
[0.518549] (ros_gz_interfaces) StdoutLine: {'line': b'-- Up-to-date: /home/prithiv/tentacle2/install/ros_gz_interfaces/include/ros_gz_interfaces/ros_gz_interfaces/msg/detail/material_color__traits.hpp\n'}
[0.518584] (ros_gz_interfaces) StdoutLine: {'line': b'-- Up-to-date: /home/prithiv/tentacle2/install/ros_gz_interfaces/include/ros_gz_interfaces/ros_gz_interfaces/msg/detail/param_vec__traits.hpp\n'}
[0.518620] (ros_gz_interfaces) StdoutLine: {'line': b'-- Up-to-date: /home/prithiv/tentacle2/install/ros_gz_interfaces/include/ros_gz_interfaces/ros_gz_interfaces/msg/detail/param_vec__struct.hpp\n'}
[0.518655] (ros_gz_interfaces) StdoutLine: {'line': b'-- Up-to-date: /home/prithiv/tentacle2/install/ros_gz_interfaces/include/ros_gz_interfaces/ros_gz_interfaces/msg/detail/video_record__traits.hpp\n'}
[0.518691] (ros_gz_interfaces) StdoutLine: {'line': b'-- Up-to-date: /home/prithiv/tentacle2/install/ros_gz_interfaces/include/ros_gz_interfaces/ros_gz_interfaces/msg/detail/contact__type_support.hpp\n'}
[0.518726] (ros_gz_interfaces) StdoutLine: {'line': b'-- Up-to-date: /home/prithiv/tentacle2/install/ros_gz_interfaces/include/ros_gz_interfaces/ros_gz_interfaces/msg/detail/track_visual__builder.hpp\n'}
[0.518760] (ros_gz_interfaces) StdoutLine: {'line': b'-- Up-to-date: /home/prithiv/tentacle2/install/ros_gz_interfaces/include/ros_gz_interfaces/ros_gz_interfaces/msg/detail/world_reset__builder.hpp\n'}
[0.518796] (ros_gz_interfaces) StdoutLine: {'line': b'-- Up-to-date: /home/prithiv/tentacle2/install/ros_gz_interfaces/include/ros_gz_interfaces/ros_gz_interfaces/msg/detail/float32_array__struct.hpp\n'}
[0.518830] (ros_gz_interfaces) StdoutLine: {'line': b'-- Up-to-date: /home/prithiv/tentacle2/install/ros_gz_interfaces/include/ros_gz_interfaces/ros_gz_interfaces/msg/detail/world_control__struct.hpp\n'}
[0.518866] (ros_gz_interfaces) StdoutLine: {'line': b'-- Up-to-date: /home/prithiv/tentacle2/install/ros_gz_interfaces/include/ros_gz_interfaces/ros_gz_interfaces/msg/detail/entity_wrench__traits.hpp\n'}
[0.518901] (ros_gz_interfaces) StdoutLine: {'line': b'-- Up-to-date: /home/prithiv/tentacle2/install/ros_gz_interfaces/include/ros_gz_interfaces/ros_gz_interfaces/msg/detail/video_record__builder.hpp\n'}
[0.518936] (ros_gz_interfaces) StdoutLine: {'line': b'-- Up-to-date: /home/prithiv/tentacle2/install/ros_gz_interfaces/include/ros_gz_interfaces/ros_gz_interfaces/msg/detail/dataframe__builder.hpp\n'}
[0.518970] (ros_gz_interfaces) StdoutLine: {'line': b'-- Up-to-date: /home/prithiv/tentacle2/install/ros_gz_interfaces/include/ros_gz_interfaces/ros_gz_interfaces/msg/detail/sensor_noise__struct.hpp\n'}
[0.519005] (ros_gz_interfaces) StdoutLine: {'line': b'-- Up-to-date: /home/prithiv/tentacle2/install/ros_gz_interfaces/include/ros_gz_interfaces/ros_gz_interfaces/msg/detail/gui_camera__type_support.hpp\n'}
[0.519040] (ros_gz_interfaces) StdoutLine: {'line': b'-- Up-to-date: /home/prithiv/tentacle2/install/ros_gz_interfaces/include/ros_gz_interfaces/ros_gz_interfaces/msg/detail/altimeter__builder.hpp\n'}
[0.519074] (ros_gz_interfaces) StdoutLine: {'line': b'-- Up-to-date: /home/prithiv/tentacle2/install/ros_gz_interfaces/include/ros_gz_interfaces/ros_gz_interfaces/msg/detail/joint_wrench__traits.hpp\n'}
[0.519215] (ros_gz_interfaces) StdoutLine: {'line': b'-- Up-to-date: /home/prithiv/tentacle2/install/ros_gz_interfaces/include/ros_gz_interfaces/ros_gz_interfaces/msg/detail/dataframe__traits.hpp\n'}
[0.519255] (ros_gz_interfaces) StdoutLine: {'line': b'-- Up-to-date: /home/prithiv/tentacle2/install/ros_gz_interfaces/include/ros_gz_interfaces/ros_gz_interfaces/msg/detail/world_reset__type_support.hpp\n'}
[0.519291] (ros_gz_interfaces) StdoutLine: {'line': b'-- Up-to-date: /home/prithiv/tentacle2/install/ros_gz_interfaces/include/ros_gz_interfaces/ros_gz_interfaces/msg/detail/light__type_support.hpp\n'}
[0.519328] (ros_gz_interfaces) StdoutLine: {'line': b'-- Up-to-date: /home/prithiv/tentacle2/install/ros_gz_interfaces/include/ros_gz_interfaces/ros_gz_interfaces/msg/detail/string_vec__struct.hpp\n'}
[0.519363] (ros_gz_interfaces) StdoutLine: {'line': b'-- Up-to-date: /home/prithiv/tentacle2/install/ros_gz_interfaces/include/ros_gz_interfaces/ros_gz_interfaces/msg/detail/float32_array__type_support.hpp\n'}
[0.519400] (ros_gz_interfaces) StdoutLine: {'line': b'-- Up-to-date: /home/prithiv/tentacle2/install/ros_gz_interfaces/include/ros_gz_interfaces/ros_gz_interfaces/msg/detail/entity_wrench__builder.hpp\n'}
[0.519442] (ros_gz_interfaces) StdoutLine: {'line': b'-- Up-to-date: /home/prithiv/tentacle2/install/ros_gz_interfaces/include/ros_gz_interfaces/ros_gz_interfaces/msg/detail/param_vec__builder.hpp\n'}
[0.519509] (ros_gz_interfaces) StdoutLine: {'line': b'-- Up-to-date: /home/prithiv/tentacle2/install/ros_gz_interfaces/include/ros_gz_interfaces/ros_gz_interfaces/msg/world_control.hpp\n'}
[0.519544] (ros_gz_interfaces) StdoutLine: {'line': b'-- Up-to-date: /home/prithiv/tentacle2/install/ros_gz_interfaces/include/ros_gz_interfaces/ros_gz_interfaces/msg/sensor_noise.hpp\n'}
[0.519578] (ros_gz_interfaces) StdoutLine: {'line': b'-- Up-to-date: /home/prithiv/tentacle2/install/ros_gz_interfaces/include/ros_gz_interfaces/ros_gz_interfaces/msg/material_color.hpp\n'}
[0.519611] (ros_gz_interfaces) StdoutLine: {'line': b'-- Up-to-date: /home/prithiv/tentacle2/install/ros_gz_interfaces/include/ros_gz_interfaces/ros_gz_interfaces/msg/contacts.hpp\n'}
[0.519644] (ros_gz_interfaces) StdoutLine: {'line': b'-- Up-to-date: /home/prithiv/tentacle2/install/ros_gz_interfaces/include/ros_gz_interfaces/ros_gz_interfaces/msg/video_record.hpp\n'}
[0.519675] (ros_gz_interfaces) StdoutLine: {'line': b'-- Up-to-date: /home/prithiv/tentacle2/install/ros_gz_interfaces/include/ros_gz_interfaces/ros_gz_interfaces/msg/altimeter.hpp\n'}
[0.519708] (ros_gz_interfaces) StdoutLine: {'line': b'-- Up-to-date: /home/prithiv/tentacle2/install/ros_gz_interfaces/include/ros_gz_interfaces/ros_gz_interfaces/srv\n'}
[0.519744] (ros_gz_interfaces) StdoutLine: {'line': b'-- Up-to-date: /home/prithiv/tentacle2/install/ros_gz_interfaces/include/ros_gz_interfaces/ros_gz_interfaces/srv/set_entity_pose.hpp\n'}
[0.519777] (ros_gz_interfaces) StdoutLine: {'line': b'-- Up-to-date: /home/prithiv/tentacle2/install/ros_gz_interfaces/include/ros_gz_interfaces/ros_gz_interfaces/srv/delete_entity.hpp\n'}
[0.519809] (ros_gz_interfaces) StdoutLine: {'line': b'-- Up-to-date: /home/prithiv/tentacle2/install/ros_gz_interfaces/include/ros_gz_interfaces/ros_gz_interfaces/srv/detail\n'}
[0.519842] (ros_gz_interfaces) StdoutLine: {'line': b'-- Up-to-date: /home/prithiv/tentacle2/install/ros_gz_interfaces/include/ros_gz_interfaces/ros_gz_interfaces/srv/detail/set_entity_pose__builder.hpp\n'}
[0.519874] (ros_gz_interfaces) StdoutLine: {'line': b'-- Up-to-date: /home/prithiv/tentacle2/install/ros_gz_interfaces/include/ros_gz_interfaces/ros_gz_interfaces/srv/detail/set_entity_pose__type_support.hpp\n'}
[0.519906] (ros_gz_interfaces) StdoutLine: {'line': b'-- Up-to-date: /home/prithiv/tentacle2/install/ros_gz_interfaces/include/ros_gz_interfaces/ros_gz_interfaces/srv/detail/control_world__builder.hpp\n'}
[0.519939] (ros_gz_interfaces) StdoutLine: {'line': b'-- Up-to-date: /home/prithiv/tentacle2/install/ros_gz_interfaces/include/ros_gz_interfaces/ros_gz_interfaces/srv/detail/set_entity_pose__struct.hpp\n'}
[0.519976] (ros_gz_interfaces) StdoutLine: {'line': b'-- Up-to-date: /home/prithiv/tentacle2/install/ros_gz_interfaces/include/ros_gz_interfaces/ros_gz_interfaces/srv/detail/control_world__struct.hpp\n'}
[0.520009] (ros_gz_interfaces) StdoutLine: {'line': b'-- Up-to-date: /home/prithiv/tentacle2/install/ros_gz_interfaces/include/ros_gz_interfaces/ros_gz_interfaces/srv/detail/spawn_entity__struct.hpp\n'}
[0.520042] (ros_gz_interfaces) StdoutLine: {'line': b'-- Up-to-date: /home/prithiv/tentacle2/install/ros_gz_interfaces/include/ros_gz_interfaces/ros_gz_interfaces/srv/detail/delete_entity__type_support.hpp\n'}
[0.520075] (ros_gz_interfaces) StdoutLine: {'line': b'-- Up-to-date: /home/prithiv/tentacle2/install/ros_gz_interfaces/include/ros_gz_interfaces/ros_gz_interfaces/srv/detail/set_entity_pose__traits.hpp\n'}
[0.520108] (ros_gz_interfaces) StdoutLine: {'line': b'-- Up-to-date: /home/prithiv/tentacle2/install/ros_gz_interfaces/include/ros_gz_interfaces/ros_gz_interfaces/srv/detail/spawn_entity__traits.hpp\n'}
[0.520142] (ros_gz_interfaces) StdoutLine: {'line': b'-- Up-to-date: /home/prithiv/tentacle2/install/ros_gz_interfaces/include/ros_gz_interfaces/ros_gz_interfaces/srv/detail/delete_entity__traits.hpp\n'}
[0.520176] (ros_gz_interfaces) StdoutLine: {'line': b'-- Up-to-date: /home/prithiv/tentacle2/install/ros_gz_interfaces/include/ros_gz_interfaces/ros_gz_interfaces/srv/detail/spawn_entity__type_support.hpp\n'}
[0.520210] (ros_gz_interfaces) StdoutLine: {'line': b'-- Up-to-date: /home/prithiv/tentacle2/install/ros_gz_interfaces/include/ros_gz_interfaces/ros_gz_interfaces/srv/detail/control_world__type_support.hpp\n'}
[0.520247] (ros_gz_interfaces) StdoutLine: {'line': b'-- Up-to-date: /home/prithiv/tentacle2/install/ros_gz_interfaces/include/ros_gz_interfaces/ros_gz_interfaces/srv/detail/delete_entity__builder.hpp\n'}
[0.520280] (ros_gz_interfaces) StdoutLine: {'line': b'-- Up-to-date: /home/prithiv/tentacle2/install/ros_gz_interfaces/include/ros_gz_interfaces/ros_gz_interfaces/srv/detail/delete_entity__struct.hpp\n'}
[0.520314] (ros_gz_interfaces) StdoutLine: {'line': b'-- Up-to-date: /home/prithiv/tentacle2/install/ros_gz_interfaces/include/ros_gz_interfaces/ros_gz_interfaces/srv/detail/control_world__traits.hpp\n'}
[0.520346] (ros_gz_interfaces) StdoutLine: {'line': b'-- Up-to-date: /home/prithiv/tentacle2/install/ros_gz_interfaces/include/ros_gz_interfaces/ros_gz_interfaces/srv/detail/spawn_entity__builder.hpp\n'}
[0.520380] (ros_gz_interfaces) StdoutLine: {'line': b'-- Up-to-date: /home/prithiv/tentacle2/install/ros_gz_interfaces/include/ros_gz_interfaces/ros_gz_interfaces/srv/control_world.hpp\n'}
[0.520417] (ros_gz_interfaces) StdoutLine: {'line': b'-- Up-to-date: /home/prithiv/tentacle2/install/ros_gz_interfaces/include/ros_gz_interfaces/ros_gz_interfaces/srv/spawn_entity.hpp\n'}
[0.520455] (ros_gz_interfaces) StdoutLine: {'line': b'-- Up-to-date: /home/prithiv/tentacle2/install/ros_gz_interfaces/include/ros_gz_interfaces/ros_gz_interfaces\n'}
[0.520489] (ros_gz_interfaces) StdoutLine: {'line': b'-- Up-to-date: /home/prithiv/tentacle2/install/ros_gz_interfaces/include/ros_gz_interfaces/ros_gz_interfaces/msg\n'}
[0.520523] (ros_gz_interfaces) StdoutLine: {'line': b'-- Up-to-date: /home/prithiv/tentacle2/install/ros_gz_interfaces/include/ros_gz_interfaces/ros_gz_interfaces/msg/detail\n'}
[0.520556] (ros_gz_interfaces) StdoutLine: {'line': b'-- Up-to-date: /home/prithiv/tentacle2/install/ros_gz_interfaces/include/ros_gz_interfaces/ros_gz_interfaces/msg/detail/param_vec__rosidl_typesupport_fastrtps_cpp.hpp\n'}
[0.520592] (ros_gz_interfaces) StdoutLine: {'line': b'-- Up-to-date: /home/prithiv/tentacle2/install/ros_gz_interfaces/include/ros_gz_interfaces/ros_gz_interfaces/msg/detail/gui_camera__rosidl_typesupport_fastrtps_cpp.hpp\n'}
[0.520629] (ros_gz_interfaces) StdoutLine: {'line': b'-- Up-to-date: /home/prithiv/tentacle2/install/ros_gz_interfaces/include/ros_gz_interfaces/ros_gz_interfaces/msg/detail/string_vec__rosidl_typesupport_fastrtps_cpp.hpp\n'}
[0.520665] (ros_gz_interfaces) StdoutLine: {'line': b'-- Up-to-date: /home/prithiv/tentacle2/install/ros_gz_interfaces/include/ros_gz_interfaces/ros_gz_interfaces/msg/detail/material_color__rosidl_typesupport_fastrtps_cpp.hpp\n'}
[0.520701] (ros_gz_interfaces) StdoutLine: {'line': b'-- Up-to-date: /home/prithiv/tentacle2/install/ros_gz_interfaces/include/ros_gz_interfaces/ros_gz_interfaces/msg/detail/track_visual__rosidl_typesupport_fastrtps_cpp.hpp\n'}
[0.520738] (ros_gz_interfaces) StdoutLine: {'line': b'-- Up-to-date: /home/prithiv/tentacle2/install/ros_gz_interfaces/include/ros_gz_interfaces/ros_gz_interfaces/msg/detail/entity_factory__rosidl_typesupport_fastrtps_cpp.hpp\n'}
[0.520775] (ros_gz_interfaces) StdoutLine: {'line': b'-- Up-to-date: /home/prithiv/tentacle2/install/ros_gz_interfaces/include/ros_gz_interfaces/ros_gz_interfaces/msg/detail/light__rosidl_typesupport_fastrtps_cpp.hpp\n'}
[0.520811] (ros_gz_interfaces) StdoutLine: {'line': b'-- Up-to-date: /home/prithiv/tentacle2/install/ros_gz_interfaces/include/ros_gz_interfaces/ros_gz_interfaces/msg/detail/altimeter__rosidl_typesupport_fastrtps_cpp.hpp\n'}
[0.520849] (ros_gz_interfaces) StdoutLine: {'line': b'-- Up-to-date: /home/prithiv/tentacle2/install/ros_gz_interfaces/include/ros_gz_interfaces/ros_gz_interfaces/msg/detail/entity_wrench__rosidl_typesupport_fastrtps_cpp.hpp\n'}
[0.520885] (ros_gz_interfaces) StdoutLine: {'line': b'-- Up-to-date: /home/prithiv/tentacle2/install/ros_gz_interfaces/include/ros_gz_interfaces/ros_gz_interfaces/msg/detail/world_reset__rosidl_typesupport_fastrtps_cpp.hpp\n'}
[0.520922] (ros_gz_interfaces) StdoutLine: {'line': b'-- Up-to-date: /home/prithiv/tentacle2/install/ros_gz_interfaces/include/ros_gz_interfaces/ros_gz_interfaces/msg/detail/contact__rosidl_typesupport_fastrtps_cpp.hpp\n'}
[0.520958] (ros_gz_interfaces) StdoutLine: {'line': b'-- Up-to-date: /home/prithiv/tentacle2/install/ros_gz_interfaces/include/ros_gz_interfaces/ros_gz_interfaces/msg/detail/joint_wrench__rosidl_typesupport_fastrtps_cpp.hpp\n'}
[0.520993] (ros_gz_interfaces) StdoutLine: {'line': b'-- Up-to-date: /home/prithiv/tentacle2/install/ros_gz_interfaces/include/ros_gz_interfaces/ros_gz_interfaces/msg/detail/float32_array__rosidl_typesupport_fastrtps_cpp.hpp\n'}
[0.521030] (ros_gz_interfaces) StdoutLine: {'line': b'-- Up-to-date: /home/prithiv/tentacle2/install/ros_gz_interfaces/include/ros_gz_interfaces/ros_gz_interfaces/msg/detail/sensor_noise__rosidl_typesupport_fastrtps_cpp.hpp\n'}
[0.521068] (ros_gz_interfaces) StdoutLine: {'line': b'-- Up-to-date: /home/prithiv/tentacle2/install/ros_gz_interfaces/include/ros_gz_interfaces/ros_gz_interfaces/msg/detail/dataframe__rosidl_typesupport_fastrtps_cpp.hpp\n'}
[0.521119] (ros_gz_interfaces) StdoutLine: {'line': b'-- Up-to-date: /home/prithiv/tentacle2/install/ros_gz_interfaces/include/ros_gz_interfaces/ros_gz_interfaces/msg/detail/entity__rosidl_typesupport_fastrtps_cpp.hpp\n'}
[0.521156] (ros_gz_interfaces) StdoutLine: {'line': b'-- Up-to-date: /home/prithiv/tentacle2/install/ros_gz_interfaces/include/ros_gz_interfaces/ros_gz_interfaces/msg/detail/contacts__rosidl_typesupport_fastrtps_cpp.hpp\n'}
[0.521196] (ros_gz_interfaces) StdoutLine: {'line': b'-- Up-to-date: /home/prithiv/tentacle2/install/ros_gz_interfaces/include/ros_gz_interfaces/ros_gz_interfaces/msg/detail/world_control__rosidl_typesupport_fastrtps_cpp.hpp\n'}
[0.521231] (ros_gz_interfaces) StdoutLine: {'line': b'-- Up-to-date: /home/prithiv/tentacle2/install/ros_gz_interfaces/include/ros_gz_interfaces/ros_gz_interfaces/msg/detail/dds_fastrtps\n'}
[0.521267] (ros_gz_interfaces) StdoutLine: {'line': b'-- Up-to-date: /home/prithiv/tentacle2/install/ros_gz_interfaces/include/ros_gz_interfaces/ros_gz_interfaces/msg/detail/video_record__rosidl_typesupport_fastrtps_cpp.hpp\n'}
[0.521304] (ros_gz_interfaces) StdoutLine: {'line': b'-- Up-to-date: /home/prithiv/tentacle2/install/ros_gz_interfaces/include/ros_gz_interfaces/ros_gz_interfaces/msg/rosidl_typesupport_fastrtps_cpp__visibility_control.h\n'}
[0.521342] (ros_gz_interfaces) StdoutLine: {'line': b'-- Up-to-date: /home/prithiv/tentacle2/install/ros_gz_interfaces/include/ros_gz_interfaces/ros_gz_interfaces/srv\n'}
[0.521377] (ros_gz_interfaces) StdoutLine: {'line': b'-- Up-to-date: /home/prithiv/tentacle2/install/ros_gz_interfaces/include/ros_gz_interfaces/ros_gz_interfaces/srv/detail\n'}
[0.521413] (ros_gz_interfaces) StdoutLine: {'line': b'-- Up-to-date: /home/prithiv/tentacle2/install/ros_gz_interfaces/include/ros_gz_interfaces/ros_gz_interfaces/srv/detail/set_entity_pose__rosidl_typesupport_fastrtps_cpp.hpp\n'}
[0.521453] (ros_gz_interfaces) StdoutLine: {'line': b'-- Up-to-date: /home/prithiv/tentacle2/install/ros_gz_interfaces/include/ros_gz_interfaces/ros_gz_interfaces/srv/detail/spawn_entity__rosidl_typesupport_fastrtps_cpp.hpp\n'}
[0.521493] (ros_gz_interfaces) StdoutLine: {'line': b'-- Up-to-date: /home/prithiv/tentacle2/install/ros_gz_interfaces/include/ros_gz_interfaces/ros_gz_interfaces/srv/detail/delete_entity__rosidl_typesupport_fastrtps_cpp.hpp\n'}
[0.521531] (ros_gz_interfaces) StdoutLine: {'line': b'-- Up-to-date: /home/prithiv/tentacle2/install/ros_gz_interfaces/include/ros_gz_interfaces/ros_gz_interfaces/srv/detail/control_world__rosidl_typesupport_fastrtps_cpp.hpp\n'}
[0.521567] (ros_gz_interfaces) StdoutLine: {'line': b'-- Up-to-date: /home/prithiv/tentacle2/install/ros_gz_interfaces/include/ros_gz_interfaces/ros_gz_interfaces/srv/detail/dds_fastrtps\n'}
[0.521603] (ros_gz_interfaces) StdoutLine: {'line': b'-- Up-to-date: /home/prithiv/tentacle2/install/ros_gz_interfaces/lib/libros_gz_interfaces__rosidl_typesupport_fastrtps_cpp.so\n'}
[0.521638] (ros_gz_interfaces) StdoutLine: {'line': b'-- Up-to-date: /home/prithiv/tentacle2/install/ros_gz_interfaces/include/ros_gz_interfaces/ros_gz_interfaces\n'}
[0.521675] (ros_gz_interfaces) StdoutLine: {'line': b'-- Up-to-date: /home/prithiv/tentacle2/install/ros_gz_interfaces/include/ros_gz_interfaces/ros_gz_interfaces/msg\n'}
[0.521711] (ros_gz_interfaces) StdoutLine: {'line': b'-- Up-to-date: /home/prithiv/tentacle2/install/ros_gz_interfaces/include/ros_gz_interfaces/ros_gz_interfaces/msg/rosidl_typesupport_introspection_c__visibility_control.h\n'}
[0.521747] (ros_gz_interfaces) StdoutLine: {'line': b'-- Up-to-date: /home/prithiv/tentacle2/install/ros_gz_interfaces/include/ros_gz_interfaces/ros_gz_interfaces/msg/detail\n'}
[0.521783] (ros_gz_interfaces) StdoutLine: {'line': b'-- Up-to-date: /home/prithiv/tentacle2/install/ros_gz_interfaces/include/ros_gz_interfaces/ros_gz_interfaces/msg/detail/float32_array__rosidl_typesupport_introspection_c.h\n'}
[0.521819] (ros_gz_interfaces) StdoutLine: {'line': b'-- Up-to-date: /home/prithiv/tentacle2/install/ros_gz_interfaces/include/ros_gz_interfaces/ros_gz_interfaces/msg/detail/param_vec__rosidl_typesupport_introspection_c.h\n'}
[0.521856] (ros_gz_interfaces) StdoutLine: {'line': b'-- Up-to-date: /home/prithiv/tentacle2/install/ros_gz_interfaces/include/ros_gz_interfaces/ros_gz_interfaces/msg/detail/video_record__type_support.c\n'}
[0.521888] (ros_gz_interfaces) StdoutLine: {'line': b'-- Up-to-date: /home/prithiv/tentacle2/install/ros_gz_interfaces/include/ros_gz_interfaces/ros_gz_interfaces/msg/detail/material_color__rosidl_typesupport_introspection_c.h\n'}
[0.521921] (ros_gz_interfaces) StdoutLine: {'line': b'-- Up-to-date: /home/prithiv/tentacle2/install/ros_gz_interfaces/include/ros_gz_interfaces/ros_gz_interfaces/msg/detail/joint_wrench__rosidl_typesupport_introspection_c.h\n'}
[0.521952] (ros_gz_interfaces) StdoutLine: {'line': b'-- Up-to-date: /home/prithiv/tentacle2/install/ros_gz_interfaces/include/ros_gz_interfaces/ros_gz_interfaces/msg/detail/world_reset__rosidl_typesupport_introspection_c.h\n'}
[0.521987] (ros_gz_interfaces) StdoutLine: {'line': b'-- Up-to-date: /home/prithiv/tentacle2/install/ros_gz_interfaces/include/ros_gz_interfaces/ros_gz_interfaces/msg/detail/world_control__type_support.c\n'}
[0.522020] (ros_gz_interfaces) StdoutLine: {'line': b'-- Up-to-date: /home/prithiv/tentacle2/install/ros_gz_interfaces/include/ros_gz_interfaces/ros_gz_interfaces/msg/detail/string_vec__rosidl_typesupport_introspection_c.h\n'}
[0.522052] (ros_gz_interfaces) StdoutLine: {'line': b'-- Up-to-date: /home/prithiv/tentacle2/install/ros_gz_interfaces/include/ros_gz_interfaces/ros_gz_interfaces/msg/detail/light__type_support.c\n'}
[0.522085] (ros_gz_interfaces) StdoutLine: {'line': b'-- Up-to-date: /home/prithiv/tentacle2/install/ros_gz_interfaces/include/ros_gz_interfaces/ros_gz_interfaces/msg/detail/entity_factory__rosidl_typesupport_introspection_c.h\n'}
[0.522118] (ros_gz_interfaces) StdoutLine: {'line': b'-- Up-to-date: /home/prithiv/tentacle2/install/ros_gz_interfaces/include/ros_gz_interfaces/ros_gz_interfaces/msg/detail/altimeter__type_support.c\n'}
[0.522154] (ros_gz_interfaces) StdoutLine: {'line': b'-- Up-to-date: /home/prithiv/tentacle2/install/ros_gz_interfaces/include/ros_gz_interfaces/ros_gz_interfaces/msg/detail/entity__rosidl_typesupport_introspection_c.h\n'}
[0.522187] (ros_gz_interfaces) StdoutLine: {'line': b'-- Up-to-date: /home/prithiv/tentacle2/install/ros_gz_interfaces/include/ros_gz_interfaces/ros_gz_interfaces/msg/detail/video_record__rosidl_typesupport_introspection_c.h\n'}
[0.522221] (ros_gz_interfaces) StdoutLine: {'line': b'-- Up-to-date: /home/prithiv/tentacle2/install/ros_gz_interfaces/include/ros_gz_interfaces/ros_gz_interfaces/msg/detail/material_color__type_support.c\n'}
[0.522253] (ros_gz_interfaces) StdoutLine: {'line': b'-- Up-to-date: /home/prithiv/tentacle2/install/ros_gz_interfaces/include/ros_gz_interfaces/ros_gz_interfaces/msg/detail/contacts__rosidl_typesupport_introspection_c.h\n'}
[0.522286] (ros_gz_interfaces) StdoutLine: {'line': b'-- Up-to-date: /home/prithiv/tentacle2/install/ros_gz_interfaces/include/ros_gz_interfaces/ros_gz_interfaces/msg/detail/world_reset__type_support.c\n'}
[0.522319] (ros_gz_interfaces) StdoutLine: {'line': b'-- Up-to-date: /home/prithiv/tentacle2/install/ros_gz_interfaces/include/ros_gz_interfaces/ros_gz_interfaces/msg/detail/entity__type_support.c\n'}
[0.522352] (ros_gz_interfaces) StdoutLine: {'line': b'-- Up-to-date: /home/prithiv/tentacle2/install/ros_gz_interfaces/include/ros_gz_interfaces/ros_gz_interfaces/msg/detail/contact__rosidl_typesupport_introspection_c.h\n'}
[0.522385] (ros_gz_interfaces) StdoutLine: {'line': b'-- Up-to-date: /home/prithiv/tentacle2/install/ros_gz_interfaces/include/ros_gz_interfaces/ros_gz_interfaces/msg/detail/entity_wrench__rosidl_typesupport_introspection_c.h\n'}
[0.522417] (ros_gz_interfaces) StdoutLine: {'line': b'-- Up-to-date: /home/prithiv/tentacle2/install/ros_gz_interfaces/include/ros_gz_interfaces/ros_gz_interfaces/msg/detail/track_visual__rosidl_typesupport_introspection_c.h\n'}
[0.522454] (ros_gz_interfaces) StdoutLine: {'line': b'-- Up-to-date: /home/prithiv/tentacle2/install/ros_gz_interfaces/include/ros_gz_interfaces/ros_gz_interfaces/msg/detail/gui_camera__type_support.c\n'}
[0.522533] (ros_gz_interfaces) StdoutLine: {'line': b'-- Up-to-date: /home/prithiv/tentacle2/install/ros_gz_interfaces/include/ros_gz_interfaces/ros_gz_interfaces/msg/detail/light__rosidl_typesupport_introspection_c.h\n'}
[0.522566] (ros_gz_interfaces) StdoutLine: {'line': b'-- Up-to-date: /home/prithiv/tentacle2/install/ros_gz_interfaces/include/ros_gz_interfaces/ros_gz_interfaces/msg/detail/sensor_noise__type_support.c\n'}
[0.522599] (ros_gz_interfaces) StdoutLine: {'line': b'-- Up-to-date: /home/prithiv/tentacle2/install/ros_gz_interfaces/include/ros_gz_interfaces/ros_gz_interfaces/msg/detail/contact__type_support.c\n'}
[0.522632] (ros_gz_interfaces) StdoutLine: {'line': b'-- Up-to-date: /home/prithiv/tentacle2/install/ros_gz_interfaces/include/ros_gz_interfaces/ros_gz_interfaces/msg/detail/sensor_noise__rosidl_typesupport_introspection_c.h\n'}
[0.522664] (ros_gz_interfaces) StdoutLine: {'line': b'-- Up-to-date: /home/prithiv/tentacle2/install/ros_gz_interfaces/include/ros_gz_interfaces/ros_gz_interfaces/msg/detail/entity_factory__type_support.c\n'}
[0.522697] (ros_gz_interfaces) StdoutLine: {'line': b'-- Up-to-date: /home/prithiv/tentacle2/install/ros_gz_interfaces/include/ros_gz_interfaces/ros_gz_interfaces/msg/detail/track_visual__type_support.c\n'}
[0.522729] (ros_gz_interfaces) StdoutLine: {'line': b'-- Up-to-date: /home/prithiv/tentacle2/install/ros_gz_interfaces/include/ros_gz_interfaces/ros_gz_interfaces/msg/detail/param_vec__type_support.c\n'}
[0.522762] (ros_gz_interfaces) StdoutLine: {'line': b'-- Up-to-date: /home/prithiv/tentacle2/install/ros_gz_interfaces/include/ros_gz_interfaces/ros_gz_interfaces/msg/detail/string_vec__type_support.c\n'}
[0.522795] (ros_gz_interfaces) StdoutLine: {'line': b'-- Up-to-date: /home/prithiv/tentacle2/install/ros_gz_interfaces/include/ros_gz_interfaces/ros_gz_interfaces/msg/detail/dataframe__type_support.c\n'}
[0.522828] (ros_gz_interfaces) StdoutLine: {'line': b'-- Up-to-date: /home/prithiv/tentacle2/install/ros_gz_interfaces/include/ros_gz_interfaces/ros_gz_interfaces/msg/detail/gui_camera__rosidl_typesupport_introspection_c.h\n'}
[0.522860] (ros_gz_interfaces) StdoutLine: {'line': b'-- Up-to-date: /home/prithiv/tentacle2/install/ros_gz_interfaces/include/ros_gz_interfaces/ros_gz_interfaces/msg/detail/float32_array__type_support.c\n'}
[0.522892] (ros_gz_interfaces) StdoutLine: {'line': b'-- Up-to-date: /home/prithiv/tentacle2/install/ros_gz_interfaces/include/ros_gz_interfaces/ros_gz_interfaces/msg/detail/dataframe__rosidl_typesupport_introspection_c.h\n'}
[0.522925] (ros_gz_interfaces) StdoutLine: {'line': b'-- Up-to-date: /home/prithiv/tentacle2/install/ros_gz_interfaces/include/ros_gz_interfaces/ros_gz_interfaces/msg/detail/world_control__rosidl_typesupport_introspection_c.h\n'}
[0.522959] (ros_gz_interfaces) StdoutLine: {'line': b'-- Up-to-date: /home/prithiv/tentacle2/install/ros_gz_interfaces/include/ros_gz_interfaces/ros_gz_interfaces/msg/detail/contacts__type_support.c\n'}
[0.522991] (ros_gz_interfaces) StdoutLine: {'line': b'-- Up-to-date: /home/prithiv/tentacle2/install/ros_gz_interfaces/include/ros_gz_interfaces/ros_gz_interfaces/msg/detail/joint_wrench__type_support.c\n'}
[0.523024] (ros_gz_interfaces) StdoutLine: {'line': b'-- Up-to-date: /home/prithiv/tentacle2/install/ros_gz_interfaces/include/ros_gz_interfaces/ros_gz_interfaces/msg/detail/altimeter__rosidl_typesupport_introspection_c.h\n'}
[0.523059] (ros_gz_interfaces) StdoutLine: {'line': b'-- Up-to-date: /home/prithiv/tentacle2/install/ros_gz_interfaces/include/ros_gz_interfaces/ros_gz_interfaces/msg/detail/entity_wrench__type_support.c\n'}
[0.523093] (ros_gz_interfaces) StdoutLine: {'line': b'-- Up-to-date: /home/prithiv/tentacle2/install/ros_gz_interfaces/include/ros_gz_interfaces/ros_gz_interfaces/srv\n'}
[0.523126] (ros_gz_interfaces) StdoutLine: {'line': b'-- Up-to-date: /home/prithiv/tentacle2/install/ros_gz_interfaces/include/ros_gz_interfaces/ros_gz_interfaces/srv/detail\n'}
[0.523159] (ros_gz_interfaces) StdoutLine: {'line': b'-- Up-to-date: /home/prithiv/tentacle2/install/ros_gz_interfaces/include/ros_gz_interfaces/ros_gz_interfaces/srv/detail/spawn_entity__rosidl_typesupport_introspection_c.h\n'}
[0.523191] (ros_gz_interfaces) StdoutLine: {'line': b'-- Up-to-date: /home/prithiv/tentacle2/install/ros_gz_interfaces/include/ros_gz_interfaces/ros_gz_interfaces/srv/detail/spawn_entity__type_support.c\n'}
[0.523224] (ros_gz_interfaces) StdoutLine: {'line': b'-- Up-to-date: /home/prithiv/tentacle2/install/ros_gz_interfaces/include/ros_gz_interfaces/ros_gz_interfaces/srv/detail/set_entity_pose__rosidl_typesupport_introspection_c.h\n'}
[0.523256] (ros_gz_interfaces) StdoutLine: {'line': b'-- Up-to-date: /home/prithiv/tentacle2/install/ros_gz_interfaces/include/ros_gz_interfaces/ros_gz_interfaces/srv/detail/delete_entity__type_support.c\n'}
[0.523289] (ros_gz_interfaces) StdoutLine: {'line': b'-- Up-to-date: /home/prithiv/tentacle2/install/ros_gz_interfaces/include/ros_gz_interfaces/ros_gz_interfaces/srv/detail/control_world__rosidl_typesupport_introspection_c.h\n'}
[0.523321] (ros_gz_interfaces) StdoutLine: {'line': b'-- Up-to-date: /home/prithiv/tentacle2/install/ros_gz_interfaces/include/ros_gz_interfaces/ros_gz_interfaces/srv/detail/set_entity_pose__type_support.c\n'}
[0.523354] (ros_gz_interfaces) StdoutLine: {'line': b'-- Up-to-date: /home/prithiv/tentacle2/install/ros_gz_interfaces/include/ros_gz_interfaces/ros_gz_interfaces/srv/detail/delete_entity__rosidl_typesupport_introspection_c.h\n'}
[0.523387] (ros_gz_interfaces) StdoutLine: {'line': b'-- Up-to-date: /home/prithiv/tentacle2/install/ros_gz_interfaces/include/ros_gz_interfaces/ros_gz_interfaces/srv/detail/control_world__type_support.c\n'}
[0.523422] (ros_gz_interfaces) StdoutLine: {'line': b'-- Up-to-date: /home/prithiv/tentacle2/install/ros_gz_interfaces/lib/libros_gz_interfaces__rosidl_typesupport_introspection_c.so\n'}
[0.523458] (ros_gz_interfaces) StdoutLine: {'line': b'-- Up-to-date: /home/prithiv/tentacle2/install/ros_gz_interfaces/lib/libros_gz_interfaces__rosidl_typesupport_c.so\n'}
[0.523492] (ros_gz_interfaces) StdoutLine: {'line': b'-- Up-to-date: /home/prithiv/tentacle2/install/ros_gz_interfaces/include/ros_gz_interfaces/ros_gz_interfaces\n'}
[0.523525] (ros_gz_interfaces) StdoutLine: {'line': b'-- Up-to-date: /home/prithiv/tentacle2/install/ros_gz_interfaces/include/ros_gz_interfaces/ros_gz_interfaces/msg\n'}
[0.523557] (ros_gz_interfaces) StdoutLine: {'line': b'-- Up-to-date: /home/prithiv/tentacle2/install/ros_gz_interfaces/include/ros_gz_interfaces/ros_gz_interfaces/msg/detail\n'}
[0.523589] (ros_gz_interfaces) StdoutLine: {'line': b'-- Up-to-date: /home/prithiv/tentacle2/install/ros_gz_interfaces/include/ros_gz_interfaces/ros_gz_interfaces/msg/detail/string_vec__rosidl_typesupport_introspection_cpp.hpp\n'}
[0.523621] (ros_gz_interfaces) StdoutLine: {'line': b'-- Up-to-date: /home/prithiv/tentacle2/install/ros_gz_interfaces/include/ros_gz_interfaces/ros_gz_interfaces/msg/detail/track_visual__rosidl_typesupport_introspection_cpp.hpp\n'}
[0.523654] (ros_gz_interfaces) StdoutLine: {'line': b'-- Up-to-date: /home/prithiv/tentacle2/install/ros_gz_interfaces/include/ros_gz_interfaces/ros_gz_interfaces/msg/detail/light__rosidl_typesupport_introspection_cpp.hpp\n'}
[0.523686] (ros_gz_interfaces) StdoutLine: {'line': b'-- Up-to-date: /home/prithiv/tentacle2/install/ros_gz_interfaces/include/ros_gz_interfaces/ros_gz_interfaces/msg/detail/entity_factory__type_support.cpp\n'}
[0.523719] (ros_gz_interfaces) StdoutLine: {'line': b'-- Up-to-date: /home/prithiv/tentacle2/install/ros_gz_interfaces/include/ros_gz_interfaces/ros_gz_interfaces/msg/detail/gui_camera__type_support.cpp\n'}
[0.523751] (ros_gz_interfaces) StdoutLine: {'line': b'-- Up-to-date: /home/prithiv/tentacle2/install/ros_gz_interfaces/include/ros_gz_interfaces/ros_gz_interfaces/msg/detail/world_reset__rosidl_typesupport_introspection_cpp.hpp\n'}
[0.523783] (ros_gz_interfaces) StdoutLine: {'line': b'-- Up-to-date: /home/prithiv/tentacle2/install/ros_gz_interfaces/include/ros_gz_interfaces/ros_gz_interfaces/msg/detail/material_color__type_support.cpp\n'}
[0.523818] (ros_gz_interfaces) StdoutLine: {'line': b'-- Up-to-date: /home/prithiv/tentacle2/install/ros_gz_interfaces/include/ros_gz_interfaces/ros_gz_interfaces/msg/detail/contact__type_support.cpp\n'}
[0.523850] (ros_gz_interfaces) StdoutLine: {'line': b'-- Up-to-date: /home/prithiv/tentacle2/install/ros_gz_interfaces/include/ros_gz_interfaces/ros_gz_interfaces/msg/detail/light__type_support.cpp\n'}
[0.523883] (ros_gz_interfaces) StdoutLine: {'line': b'-- Up-to-date: /home/prithiv/tentacle2/install/ros_gz_interfaces/include/ros_gz_interfaces/ros_gz_interfaces/msg/detail/entity_wrench__rosidl_typesupport_introspection_cpp.hpp\n'}
[0.523916] (ros_gz_interfaces) StdoutLine: {'line': b'-- Up-to-date: /home/prithiv/tentacle2/install/ros_gz_interfaces/include/ros_gz_interfaces/ros_gz_interfaces/msg/detail/video_record__type_support.cpp\n'}
[0.524003] (ros_gz_interfaces) StdoutLine: {'line': b'-- Up-to-date: /home/prithiv/tentacle2/install/ros_gz_interfaces/include/ros_gz_interfaces/ros_gz_interfaces/msg/detail/entity_wrench__type_support.cpp\n'}
[0.524037] (ros_gz_interfaces) StdoutLine: {'line': b'-- Up-to-date: /home/prithiv/tentacle2/install/ros_gz_interfaces/include/ros_gz_interfaces/ros_gz_interfaces/msg/detail/dataframe__rosidl_typesupport_introspection_cpp.hpp\n'}
[0.524068] (ros_gz_interfaces) StdoutLine: {'line': b'-- Up-to-date: /home/prithiv/tentacle2/install/ros_gz_interfaces/include/ros_gz_interfaces/ros_gz_interfaces/msg/detail/contacts__type_support.cpp\n'}
[0.524099] (ros_gz_interfaces) StdoutLine: {'line': b'-- Up-to-date: /home/prithiv/tentacle2/install/ros_gz_interfaces/include/ros_gz_interfaces/ros_gz_interfaces/msg/detail/sensor_noise__rosidl_typesupport_introspection_cpp.hpp\n'}
[0.524129] (ros_gz_interfaces) StdoutLine: {'line': b'-- Up-to-date: /home/prithiv/tentacle2/install/ros_gz_interfaces/include/ros_gz_interfaces/ros_gz_interfaces/msg/detail/world_control__rosidl_typesupport_introspection_cpp.hpp\n'}
[0.524162] (ros_gz_interfaces) StdoutLine: {'line': b'-- Up-to-date: /home/prithiv/tentacle2/install/ros_gz_interfaces/include/ros_gz_interfaces/ros_gz_interfaces/msg/detail/video_record__rosidl_typesupport_introspection_cpp.hpp\n'}
[0.524185] (ros_gz_interfaces) StdoutLine: {'line': b'-- Up-to-date: /home/prithiv/tentacle2/install/ros_gz_interfaces/include/ros_gz_interfaces/ros_gz_interfaces/msg/detail/altimeter__type_support.cpp\n'}
[0.524208] (ros_gz_interfaces) StdoutLine: {'line': b'-- Up-to-date: /home/prithiv/tentacle2/install/ros_gz_interfaces/include/ros_gz_interfaces/ros_gz_interfaces/msg/detail/contact__rosidl_typesupport_introspection_cpp.hpp\n'}
[0.524231] (ros_gz_interfaces) StdoutLine: {'line': b'-- Up-to-date: /home/prithiv/tentacle2/install/ros_gz_interfaces/include/ros_gz_interfaces/ros_gz_interfaces/msg/detail/gui_camera__rosidl_typesupport_introspection_cpp.hpp\n'}
[0.524255] (ros_gz_interfaces) StdoutLine: {'line': b'-- Up-to-date: /home/prithiv/tentacle2/install/ros_gz_interfaces/include/ros_gz_interfaces/ros_gz_interfaces/msg/detail/contacts__rosidl_typesupport_introspection_cpp.hpp\n'}
[0.524280] (ros_gz_interfaces) StdoutLine: {'line': b'-- Up-to-date: /home/prithiv/tentacle2/install/ros_gz_interfaces/include/ros_gz_interfaces/ros_gz_interfaces/msg/detail/track_visual__type_support.cpp\n'}
[0.524304] (ros_gz_interfaces) StdoutLine: {'line': b'-- Up-to-date: /home/prithiv/tentacle2/install/ros_gz_interfaces/include/ros_gz_interfaces/ros_gz_interfaces/msg/detail/param_vec__type_support.cpp\n'}
[0.524327] (ros_gz_interfaces) StdoutLine: {'line': b'-- Up-to-date: /home/prithiv/tentacle2/install/ros_gz_interfaces/include/ros_gz_interfaces/ros_gz_interfaces/msg/detail/joint_wrench__type_support.cpp\n'}
[0.524351] (ros_gz_interfaces) StdoutLine: {'line': b'-- Up-to-date: /home/prithiv/tentacle2/install/ros_gz_interfaces/include/ros_gz_interfaces/ros_gz_interfaces/msg/detail/param_vec__rosidl_typesupport_introspection_cpp.hpp\n'}
[0.524374] (ros_gz_interfaces) StdoutLine: {'line': b'-- Up-to-date: /home/prithiv/tentacle2/install/ros_gz_interfaces/include/ros_gz_interfaces/ros_gz_interfaces/msg/detail/altimeter__rosidl_typesupport_introspection_cpp.hpp\n'}
[0.524401] (ros_gz_interfaces) StdoutLine: {'line': b'-- Up-to-date: /home/prithiv/tentacle2/install/ros_gz_interfaces/include/ros_gz_interfaces/ros_gz_interfaces/msg/detail/world_control__type_support.cpp\n'}
[0.524429] (ros_gz_interfaces) StdoutLine: {'line': b'-- Up-to-date: /home/prithiv/tentacle2/install/ros_gz_interfaces/include/ros_gz_interfaces/ros_gz_interfaces/msg/detail/entity__rosidl_typesupport_introspection_cpp.hpp\n'}
[0.524455] (ros_gz_interfaces) StdoutLine: {'line': b'-- Up-to-date: /home/prithiv/tentacle2/install/ros_gz_interfaces/include/ros_gz_interfaces/ros_gz_interfaces/msg/detail/entity__type_support.cpp\n'}
[0.524481] (ros_gz_interfaces) StdoutLine: {'line': b'-- Up-to-date: /home/prithiv/tentacle2/install/ros_gz_interfaces/include/ros_gz_interfaces/ros_gz_interfaces/msg/detail/material_color__rosidl_typesupport_introspection_cpp.hpp\n'}
[0.524507] (ros_gz_interfaces) StdoutLine: {'line': b'-- Up-to-date: /home/prithiv/tentacle2/install/ros_gz_interfaces/include/ros_gz_interfaces/ros_gz_interfaces/msg/detail/string_vec__type_support.cpp\n'}
[0.524533] (ros_gz_interfaces) StdoutLine: {'line': b'-- Up-to-date: /home/prithiv/tentacle2/install/ros_gz_interfaces/include/ros_gz_interfaces/ros_gz_interfaces/msg/detail/sensor_noise__type_support.cpp\n'}
[0.524559] (ros_gz_interfaces) StdoutLine: {'line': b'-- Up-to-date: /home/prithiv/tentacle2/install/ros_gz_interfaces/include/ros_gz_interfaces/ros_gz_interfaces/msg/detail/joint_wrench__rosidl_typesupport_introspection_cpp.hpp\n'}
[0.524584] (ros_gz_interfaces) StdoutLine: {'line': b'-- Up-to-date: /home/prithiv/tentacle2/install/ros_gz_interfaces/include/ros_gz_interfaces/ros_gz_interfaces/msg/detail/float32_array__rosidl_typesupport_introspection_cpp.hpp\n'}
[0.524610] (ros_gz_interfaces) StdoutLine: {'line': b'-- Up-to-date: /home/prithiv/tentacle2/install/ros_gz_interfaces/include/ros_gz_interfaces/ros_gz_interfaces/msg/detail/entity_factory__rosidl_typesupport_introspection_cpp.hpp\n'}
[0.524649] (ros_gz_interfaces) StdoutLine: {'line': b'-- Up-to-date: /home/prithiv/tentacle2/install/ros_gz_interfaces/include/ros_gz_interfaces/ros_gz_interfaces/msg/detail/world_reset__type_support.cpp\n'}
[0.524674] (ros_gz_interfaces) StdoutLine: {'line': b'-- Up-to-date: /home/prithiv/tentacle2/install/ros_gz_interfaces/include/ros_gz_interfaces/ros_gz_interfaces/msg/detail/dataframe__type_support.cpp\n'}
[0.524701] (ros_gz_interfaces) StdoutLine: {'line': b'-- Up-to-date: /home/prithiv/tentacle2/install/ros_gz_interfaces/include/ros_gz_interfaces/ros_gz_interfaces/msg/detail/float32_array__type_support.cpp\n'}
[0.524725] (ros_gz_interfaces) StdoutLine: {'line': b'-- Up-to-date: /home/prithiv/tentacle2/install/ros_gz_interfaces/include/ros_gz_interfaces/ros_gz_interfaces/srv\n'}
[0.524748] (ros_gz_interfaces) StdoutLine: {'line': b'-- Up-to-date: /home/prithiv/tentacle2/install/ros_gz_interfaces/include/ros_gz_interfaces/ros_gz_interfaces/srv/detail\n'}
[0.524773] (ros_gz_interfaces) StdoutLine: {'line': b'-- Up-to-date: /home/prithiv/tentacle2/install/ros_gz_interfaces/include/ros_gz_interfaces/ros_gz_interfaces/srv/detail/set_entity_pose__type_support.cpp\n'}
[0.524799] (ros_gz_interfaces) StdoutLine: {'line': b'-- Up-to-date: /home/prithiv/tentacle2/install/ros_gz_interfaces/include/ros_gz_interfaces/ros_gz_interfaces/srv/detail/set_entity_pose__rosidl_typesupport_introspection_cpp.hpp\n'}
[0.524824] (ros_gz_interfaces) StdoutLine: {'line': b'-- Up-to-date: /home/prithiv/tentacle2/install/ros_gz_interfaces/include/ros_gz_interfaces/ros_gz_interfaces/srv/detail/spawn_entity__rosidl_typesupport_introspection_cpp.hpp\n'}
[0.524850] (ros_gz_interfaces) StdoutLine: {'line': b'-- Up-to-date: /home/prithiv/tentacle2/install/ros_gz_interfaces/include/ros_gz_interfaces/ros_gz_interfaces/srv/detail/spawn_entity__type_support.cpp\n'}
[0.524876] (ros_gz_interfaces) StdoutLine: {'line': b'-- Up-to-date: /home/prithiv/tentacle2/install/ros_gz_interfaces/include/ros_gz_interfaces/ros_gz_interfaces/srv/detail/delete_entity__rosidl_typesupport_introspection_cpp.hpp\n'}
[0.524913] (ros_gz_interfaces) StdoutLine: {'line': b'-- Up-to-date: /home/prithiv/tentacle2/install/ros_gz_interfaces/include/ros_gz_interfaces/ros_gz_interfaces/srv/detail/delete_entity__type_support.cpp\n'}
[0.524939] (ros_gz_interfaces) StdoutLine: {'line': b'-- Up-to-date: /home/prithiv/tentacle2/install/ros_gz_interfaces/include/ros_gz_interfaces/ros_gz_interfaces/srv/detail/control_world__type_support.cpp\n'}
[0.524964] (ros_gz_interfaces) StdoutLine: {'line': b'-- Up-to-date: /home/prithiv/tentacle2/install/ros_gz_interfaces/include/ros_gz_interfaces/ros_gz_interfaces/srv/detail/control_world__rosidl_typesupport_introspection_cpp.hpp\n'}
[0.524990] (ros_gz_interfaces) StdoutLine: {'line': b'-- Up-to-date: /home/prithiv/tentacle2/install/ros_gz_interfaces/lib/libros_gz_interfaces__rosidl_typesupport_introspection_cpp.so\n'}
[0.525015] (ros_gz_interfaces) StdoutLine: {'line': b'-- Up-to-date: /home/prithiv/tentacle2/install/ros_gz_interfaces/lib/libros_gz_interfaces__rosidl_typesupport_cpp.so\n'}
[0.525041] (ros_gz_interfaces) StdoutLine: {'line': b'-- Up-to-date: /home/prithiv/tentacle2/install/ros_gz_interfaces/share/ros_gz_interfaces/environment/pythonpath.sh\n'}
[0.525066] (ros_gz_interfaces) StdoutLine: {'line': b'-- Up-to-date: /home/prithiv/tentacle2/install/ros_gz_interfaces/share/ros_gz_interfaces/environment/pythonpath.dsv\n'}
[0.525091] (ros_gz_interfaces) StdoutLine: {'line': b'-- Up-to-date: /home/prithiv/tentacle2/install/ros_gz_interfaces/local/lib/python3.10/dist-packages/ros_gz_interfaces-0.244.16-py3.10.egg-info\n'}
[0.525117] (ros_gz_interfaces) StdoutLine: {'line': b'-- Installing: /home/prithiv/tentacle2/install/ros_gz_interfaces/local/lib/python3.10/dist-packages/ros_gz_interfaces-0.244.16-py3.10.egg-info/dependency_links.txt\n'}
[0.525155] (ros_gz_interfaces) StdoutLine: {'line': b'-- Installing: /home/prithiv/tentacle2/install/ros_gz_interfaces/local/lib/python3.10/dist-packages/ros_gz_interfaces-0.244.16-py3.10.egg-info/top_level.txt\n'}
[0.525215] (ros_gz_interfaces) StdoutLine: {'line': b'-- Installing: /home/prithiv/tentacle2/install/ros_gz_interfaces/local/lib/python3.10/dist-packages/ros_gz_interfaces-0.244.16-py3.10.egg-info/SOURCES.txt\n'}
[0.525243] (ros_gz_interfaces) StdoutLine: {'line': b'-- Installing: /home/prithiv/tentacle2/install/ros_gz_interfaces/local/lib/python3.10/dist-packages/ros_gz_interfaces-0.244.16-py3.10.egg-info/PKG-INFO\n'}
[0.525269] (ros_gz_interfaces) StdoutLine: {'line': b'-- Up-to-date: /home/prithiv/tentacle2/install/ros_gz_interfaces/local/lib/python3.10/dist-packages/ros_gz_interfaces\n'}
[0.525296] (ros_gz_interfaces) StdoutLine: {'line': b'-- Up-to-date: /home/prithiv/tentacle2/install/ros_gz_interfaces/local/lib/python3.10/dist-packages/ros_gz_interfaces/_ros_gz_interfaces_s.ep.rosidl_typesupport_c.c\n'}
[0.525323] (ros_gz_interfaces) StdoutLine: {'line': b'-- Up-to-date: /home/prithiv/tentacle2/install/ros_gz_interfaces/local/lib/python3.10/dist-packages/ros_gz_interfaces/ros_gz_interfaces_s__rosidl_typesupport_introspection_c.cpython-310-x86_64-linux-gnu.so\n'}
[0.525358] (ros_gz_interfaces) StdoutLine: {'line': b'-- Up-to-date: /home/prithiv/tentacle2/install/ros_gz_interfaces/local/lib/python3.10/dist-packages/ros_gz_interfaces/_ros_gz_interfaces_s.ep.rosidl_typesupport_introspection_c.c\n'}
[0.525384] (ros_gz_interfaces) StdoutLine: {'line': b'-- Up-to-date: /home/prithiv/tentacle2/install/ros_gz_interfaces/local/lib/python3.10/dist-packages/ros_gz_interfaces/ros_gz_interfaces_s__rosidl_typesupport_c.cpython-310-x86_64-linux-gnu.so\n'}
[0.525410] (ros_gz_interfaces) StdoutLine: {'line': b'-- Up-to-date: /home/prithiv/tentacle2/install/ros_gz_interfaces/local/lib/python3.10/dist-packages/ros_gz_interfaces/ros_gz_interfaces_s__rosidl_typesupport_fastrtps_c.cpython-310-x86_64-linux-gnu.so\n'}
[0.525440] (ros_gz_interfaces) StdoutLine: {'line': b'-- Up-to-date: /home/prithiv/tentacle2/install/ros_gz_interfaces/local/lib/python3.10/dist-packages/ros_gz_interfaces/libros_gz_interfaces__rosidl_generator_py.so\n'}
[0.525518] (ros_gz_interfaces) StdoutLine: {'line': b'-- Up-to-date: /home/prithiv/tentacle2/install/ros_gz_interfaces/local/lib/python3.10/dist-packages/ros_gz_interfaces/msg\n'}
[0.525543] (ros_gz_interfaces) StdoutLine: {'line': b'-- Up-to-date: /home/prithiv/tentacle2/install/ros_gz_interfaces/local/lib/python3.10/dist-packages/ros_gz_interfaces/msg/_world_reset_s.c\n'}
[0.525567] (ros_gz_interfaces) StdoutLine: {'line': b'-- Up-to-date: /home/prithiv/tentacle2/install/ros_gz_interfaces/local/lib/python3.10/dist-packages/ros_gz_interfaces/msg/_float32_array_s.c\n'}
[0.525590] (ros_gz_interfaces) StdoutLine: {'line': b'-- Up-to-date: /home/prithiv/tentacle2/install/ros_gz_interfaces/local/lib/python3.10/dist-packages/ros_gz_interfaces/msg/_string_vec_s.c\n'}
[0.525615] (ros_gz_interfaces) StdoutLine: {'line': b'-- Up-to-date: /home/prithiv/tentacle2/install/ros_gz_interfaces/local/lib/python3.10/dist-packages/ros_gz_interfaces/msg/_param_vec.py\n'}
[0.525641] (ros_gz_interfaces) StdoutLine: {'line': b'-- Up-to-date: /home/prithiv/tentacle2/install/ros_gz_interfaces/local/lib/python3.10/dist-packages/ros_gz_interfaces/msg/_float32_array.py\n'}
[0.525667] (ros_gz_interfaces) StdoutLine: {'line': b'-- Up-to-date: /home/prithiv/tentacle2/install/ros_gz_interfaces/local/lib/python3.10/dist-packages/ros_gz_interfaces/msg/_gui_camera_s.c\n'}
[0.525692] (ros_gz_interfaces) StdoutLine: {'line': b'-- Up-to-date: /home/prithiv/tentacle2/install/ros_gz_interfaces/local/lib/python3.10/dist-packages/ros_gz_interfaces/msg/_dataframe.py\n'}
[0.525717] (ros_gz_interfaces) StdoutLine: {'line': b'-- Up-to-date: /home/prithiv/tentacle2/install/ros_gz_interfaces/local/lib/python3.10/dist-packages/ros_gz_interfaces/msg/_track_visual_s.c\n'}
[0.525742] (ros_gz_interfaces) StdoutLine: {'line': b'-- Up-to-date: /home/prithiv/tentacle2/install/ros_gz_interfaces/local/lib/python3.10/dist-packages/ros_gz_interfaces/msg/_world_control_s.c\n'}
[0.525767] (ros_gz_interfaces) StdoutLine: {'line': b'-- Up-to-date: /home/prithiv/tentacle2/install/ros_gz_interfaces/local/lib/python3.10/dist-packages/ros_gz_interfaces/msg/_light.py\n'}
[0.525793] (ros_gz_interfaces) StdoutLine: {'line': b'-- Up-to-date: /home/prithiv/tentacle2/install/ros_gz_interfaces/local/lib/python3.10/dist-packages/ros_gz_interfaces/msg/_contact.py\n'}
[0.525818] (ros_gz_interfaces) StdoutLine: {'line': b'-- Up-to-date: /home/prithiv/tentacle2/install/ros_gz_interfaces/local/lib/python3.10/dist-packages/ros_gz_interfaces/msg/_sensor_noise.py\n'}
[0.525842] (ros_gz_interfaces) StdoutLine: {'line': b'-- Up-to-date: /home/prithiv/tentacle2/install/ros_gz_interfaces/local/lib/python3.10/dist-packages/ros_gz_interfaces/msg/_altimeter_s.c\n'}
[0.525867] (ros_gz_interfaces) StdoutLine: {'line': b'-- Up-to-date: /home/prithiv/tentacle2/install/ros_gz_interfaces/local/lib/python3.10/dist-packages/ros_gz_interfaces/msg/_entity_factory.py\n'}
[0.525893] (ros_gz_interfaces) StdoutLine: {'line': b'-- Up-to-date: /home/prithiv/tentacle2/install/ros_gz_interfaces/local/lib/python3.10/dist-packages/ros_gz_interfaces/msg/_material_color.py\n'}
[0.525920] (ros_gz_interfaces) StdoutLine: {'line': b'-- Up-to-date: /home/prithiv/tentacle2/install/ros_gz_interfaces/local/lib/python3.10/dist-packages/ros_gz_interfaces/msg/_entity.py\n'}
[0.525945] (ros_gz_interfaces) StdoutLine: {'line': b'-- Up-to-date: /home/prithiv/tentacle2/install/ros_gz_interfaces/local/lib/python3.10/dist-packages/ros_gz_interfaces/msg/_contact_s.c\n'}
[0.525972] (ros_gz_interfaces) StdoutLine: {'line': b'-- Up-to-date: /home/prithiv/tentacle2/install/ros_gz_interfaces/local/lib/python3.10/dist-packages/ros_gz_interfaces/msg/_contacts_s.c\n'}
[0.525999] (ros_gz_interfaces) StdoutLine: {'line': b'-- Up-to-date: /home/prithiv/tentacle2/install/ros_gz_interfaces/local/lib/python3.10/dist-packages/ros_gz_interfaces/msg/_contacts.py\n'}
[0.526027] (ros_gz_interfaces) StdoutLine: {'line': b'-- Up-to-date: /home/prithiv/tentacle2/install/ros_gz_interfaces/local/lib/python3.10/dist-packages/ros_gz_interfaces/msg/_altimeter.py\n'}
[0.526063] (ros_gz_interfaces) StdoutLine: {'line': b'-- Up-to-date: /home/prithiv/tentacle2/install/ros_gz_interfaces/local/lib/python3.10/dist-packages/ros_gz_interfaces/msg/_entity_wrench.py\n'}
[0.526090] (ros_gz_interfaces) StdoutLine: {'line': b'-- Up-to-date: /home/prithiv/tentacle2/install/ros_gz_interfaces/local/lib/python3.10/dist-packages/ros_gz_interfaces/msg/_world_control.py\n'}
[0.526148] (ros_gz_interfaces) StdoutLine: {'line': b'-- Up-to-date: /home/prithiv/tentacle2/install/ros_gz_interfaces/local/lib/python3.10/dist-packages/ros_gz_interfaces/msg/_world_reset.py\n'}
[0.526174] (ros_gz_interfaces) StdoutLine: {'line': b'-- Up-to-date: /home/prithiv/tentacle2/install/ros_gz_interfaces/local/lib/python3.10/dist-packages/ros_gz_interfaces/msg/_video_record_s.c\n'}
[0.526198] (ros_gz_interfaces) StdoutLine: {'line': b'-- Up-to-date: /home/prithiv/tentacle2/install/ros_gz_interfaces/local/lib/python3.10/dist-packages/ros_gz_interfaces/msg/_video_record.py\n'}
[0.526222] (ros_gz_interfaces) StdoutLine: {'line': b'-- Up-to-date: /home/prithiv/tentacle2/install/ros_gz_interfaces/local/lib/python3.10/dist-packages/ros_gz_interfaces/msg/_gui_camera.py\n'}
[0.526246] (ros_gz_interfaces) StdoutLine: {'line': b'-- Up-to-date: /home/prithiv/tentacle2/install/ros_gz_interfaces/local/lib/python3.10/dist-packages/ros_gz_interfaces/msg/_string_vec.py\n'}
[0.526271] (ros_gz_interfaces) StdoutLine: {'line': b'-- Up-to-date: /home/prithiv/tentacle2/install/ros_gz_interfaces/local/lib/python3.10/dist-packages/ros_gz_interfaces/msg/_light_s.c\n'}
[0.526298] (ros_gz_interfaces) StdoutLine: {'line': b'-- Up-to-date: /home/prithiv/tentacle2/install/ros_gz_interfaces/local/lib/python3.10/dist-packages/ros_gz_interfaces/msg/_param_vec_s.c\n'}
[0.526322] (ros_gz_interfaces) StdoutLine: {'line': b'-- Up-to-date: /home/prithiv/tentacle2/install/ros_gz_interfaces/local/lib/python3.10/dist-packages/ros_gz_interfaces/msg/_entity_s.c\n'}
[0.526345] (ros_gz_interfaces) StdoutLine: {'line': b'-- Up-to-date: /home/prithiv/tentacle2/install/ros_gz_interfaces/local/lib/python3.10/dist-packages/ros_gz_interfaces/msg/_entity_factory_s.c\n'}
[0.526371] (ros_gz_interfaces) StdoutLine: {'line': b'-- Up-to-date: /home/prithiv/tentacle2/install/ros_gz_interfaces/local/lib/python3.10/dist-packages/ros_gz_interfaces/msg/_dataframe_s.c\n'}
[0.526395] (ros_gz_interfaces) StdoutLine: {'line': b'-- Up-to-date: /home/prithiv/tentacle2/install/ros_gz_interfaces/local/lib/python3.10/dist-packages/ros_gz_interfaces/msg/_sensor_noise_s.c\n'}
[0.526418] (ros_gz_interfaces) StdoutLine: {'line': b'-- Up-to-date: /home/prithiv/tentacle2/install/ros_gz_interfaces/local/lib/python3.10/dist-packages/ros_gz_interfaces/msg/_track_visual.py\n'}
[0.526447] (ros_gz_interfaces) StdoutLine: {'line': b'-- Up-to-date: /home/prithiv/tentacle2/install/ros_gz_interfaces/local/lib/python3.10/dist-packages/ros_gz_interfaces/msg/_joint_wrench_s.c\n'}
[0.526470] (ros_gz_interfaces) StdoutLine: {'line': b'-- Up-to-date: /home/prithiv/tentacle2/install/ros_gz_interfaces/local/lib/python3.10/dist-packages/ros_gz_interfaces/msg/_entity_wrench_s.c\n'}
[0.526493] (ros_gz_interfaces) StdoutLine: {'line': b'-- Up-to-date: /home/prithiv/tentacle2/install/ros_gz_interfaces/local/lib/python3.10/dist-packages/ros_gz_interfaces/msg/__init__.py\n'}
[0.526517] (ros_gz_interfaces) StdoutLine: {'line': b'-- Up-to-date: /home/prithiv/tentacle2/install/ros_gz_interfaces/local/lib/python3.10/dist-packages/ros_gz_interfaces/msg/_joint_wrench.py\n'}
[0.526540] (ros_gz_interfaces) StdoutLine: {'line': b'-- Up-to-date: /home/prithiv/tentacle2/install/ros_gz_interfaces/local/lib/python3.10/dist-packages/ros_gz_interfaces/msg/_material_color_s.c\n'}
[0.526563] (ros_gz_interfaces) StdoutLine: {'line': b'-- Up-to-date: /home/prithiv/tentacle2/install/ros_gz_interfaces/local/lib/python3.10/dist-packages/ros_gz_interfaces/_ros_gz_interfaces_s.ep.rosidl_typesupport_fastrtps_c.c\n'}
[0.526589] (ros_gz_interfaces) StdoutLine: {'line': b'-- Up-to-date: /home/prithiv/tentacle2/install/ros_gz_interfaces/local/lib/python3.10/dist-packages/ros_gz_interfaces/srv\n'}
[0.526612] (ros_gz_interfaces) StdoutLine: {'line': b'-- Up-to-date: /home/prithiv/tentacle2/install/ros_gz_interfaces/local/lib/python3.10/dist-packages/ros_gz_interfaces/srv/_control_world_s.c\n'}
[0.526636] (ros_gz_interfaces) StdoutLine: {'line': b'-- Up-to-date: /home/prithiv/tentacle2/install/ros_gz_interfaces/local/lib/python3.10/dist-packages/ros_gz_interfaces/srv/_control_world.py\n'}
[0.526660] (ros_gz_interfaces) StdoutLine: {'line': b'-- Up-to-date: /home/prithiv/tentacle2/install/ros_gz_interfaces/local/lib/python3.10/dist-packages/ros_gz_interfaces/srv/_set_entity_pose_s.c\n'}
[0.526684] (ros_gz_interfaces) StdoutLine: {'line': b'-- Up-to-date: /home/prithiv/tentacle2/install/ros_gz_interfaces/local/lib/python3.10/dist-packages/ros_gz_interfaces/srv/_set_entity_pose.py\n'}
[0.526707] (ros_gz_interfaces) StdoutLine: {'line': b'-- Up-to-date: /home/prithiv/tentacle2/install/ros_gz_interfaces/local/lib/python3.10/dist-packages/ros_gz_interfaces/srv/_delete_entity_s.c\n'}
[0.526730] (ros_gz_interfaces) StdoutLine: {'line': b'-- Up-to-date: /home/prithiv/tentacle2/install/ros_gz_interfaces/local/lib/python3.10/dist-packages/ros_gz_interfaces/srv/_spawn_entity_s.c\n'}
[0.526754] (ros_gz_interfaces) StdoutLine: {'line': b'-- Up-to-date: /home/prithiv/tentacle2/install/ros_gz_interfaces/local/lib/python3.10/dist-packages/ros_gz_interfaces/srv/_spawn_entity.py\n'}
[0.526777] (ros_gz_interfaces) StdoutLine: {'line': b'-- Up-to-date: /home/prithiv/tentacle2/install/ros_gz_interfaces/local/lib/python3.10/dist-packages/ros_gz_interfaces/srv/__init__.py\n'}
[0.526801] (ros_gz_interfaces) StdoutLine: {'line': b'-- Up-to-date: /home/prithiv/tentacle2/install/ros_gz_interfaces/local/lib/python3.10/dist-packages/ros_gz_interfaces/srv/_delete_entity.py\n'}
[0.526826] (ros_gz_interfaces) StdoutLine: {'line': b'-- Up-to-date: /home/prithiv/tentacle2/install/ros_gz_interfaces/local/lib/python3.10/dist-packages/ros_gz_interfaces/__init__.py\n'}
[0.554913] (ros_gz_interfaces) StdoutLine: {'line': b"Listing '/home/prithiv/tentacle2/install/ros_gz_interfaces/local/lib/python3.10/dist-packages/ros_gz_interfaces'...\n"}
[0.554982] (ros_gz_interfaces) StdoutLine: {'line': b"Listing '/home/prithiv/tentacle2/install/ros_gz_interfaces/local/lib/python3.10/dist-packages/ros_gz_interfaces/msg'...\n"}
[0.555010] (ros_gz_interfaces) StdoutLine: {'line': b"Listing '/home/prithiv/tentacle2/install/ros_gz_interfaces/local/lib/python3.10/dist-packages/ros_gz_interfaces/srv'...\n"}
[0.558329] (ros_gz_interfaces) StdoutLine: {'line': b'-- Up-to-date: /home/prithiv/tentacle2/install/ros_gz_interfaces/local/lib/python3.10/dist-packages/ros_gz_interfaces/ros_gz_interfaces_s__rosidl_typesupport_fastrtps_c.cpython-310-x86_64-linux-gnu.so\n'}
[0.559561] (ros_gz_interfaces) StdoutLine: {'line': b'-- Up-to-date: /home/prithiv/tentacle2/install/ros_gz_interfaces/local/lib/python3.10/dist-packages/ros_gz_interfaces/ros_gz_interfaces_s__rosidl_typesupport_introspection_c.cpython-310-x86_64-linux-gnu.so\n'}
[0.560603] (ros_gz_interfaces) StdoutLine: {'line': b'-- Up-to-date: /home/prithiv/tentacle2/install/ros_gz_interfaces/local/lib/python3.10/dist-packages/ros_gz_interfaces/ros_gz_interfaces_s__rosidl_typesupport_c.cpython-310-x86_64-linux-gnu.so\n'}
[0.561792] (ros_gz_interfaces) StdoutLine: {'line': b'-- Up-to-date: /home/prithiv/tentacle2/install/ros_gz_interfaces/lib/libros_gz_interfaces__rosidl_generator_py.so\n'}
[0.561982] (ros_gz_interfaces) StdoutLine: {'line': b'-- Up-to-date: /home/prithiv/tentacle2/install/ros_gz_interfaces/share/ros_gz_interfaces/msg/Altimeter.idl\n'}
[0.562075] (ros_gz_interfaces) StdoutLine: {'line': b'-- Up-to-date: /home/prithiv/tentacle2/install/ros_gz_interfaces/share/ros_gz_interfaces/msg/Contact.idl\n'}
[0.562118] (ros_gz_interfaces) StdoutLine: {'line': b'-- Up-to-date: /home/prithiv/tentacle2/install/ros_gz_interfaces/share/ros_gz_interfaces/msg/Contacts.idl\n'}
[0.562171] (ros_gz_interfaces) StdoutLine: {'line': b'-- Up-to-date: /home/prithiv/tentacle2/install/ros_gz_interfaces/share/ros_gz_interfaces/msg/Dataframe.idl\n'}
[0.562204] (ros_gz_interfaces) StdoutLine: {'line': b'-- Up-to-date: /home/prithiv/tentacle2/install/ros_gz_interfaces/share/ros_gz_interfaces/msg/Entity.idl\n'}
[0.562237] (ros_gz_interfaces) StdoutLine: {'line': b'-- Up-to-date: /home/prithiv/tentacle2/install/ros_gz_interfaces/share/ros_gz_interfaces/msg/EntityFactory.idl\n'}
[0.562272] (ros_gz_interfaces) StdoutLine: {'line': b'-- Up-to-date: /home/prithiv/tentacle2/install/ros_gz_interfaces/share/ros_gz_interfaces/msg/EntityWrench.idl\n'}
[0.562331] (ros_gz_interfaces) StdoutLine: {'line': b'-- Up-to-date: /home/prithiv/tentacle2/install/ros_gz_interfaces/share/ros_gz_interfaces/msg/Float32Array.idl\n'}
[0.562370] (ros_gz_interfaces) StdoutLine: {'line': b'-- Up-to-date: /home/prithiv/tentacle2/install/ros_gz_interfaces/share/ros_gz_interfaces/msg/GuiCamera.idl\n'}
[0.562405] (ros_gz_interfaces) StdoutLine: {'line': b'-- Up-to-date: /home/prithiv/tentacle2/install/ros_gz_interfaces/share/ros_gz_interfaces/msg/JointWrench.idl\n'}
[0.562471] (ros_gz_interfaces) StdoutLine: {'line': b'-- Up-to-date: /home/prithiv/tentacle2/install/ros_gz_interfaces/share/ros_gz_interfaces/msg/Light.idl\n'}
[0.562504] (ros_gz_interfaces) StdoutLine: {'line': b'-- Up-to-date: /home/prithiv/tentacle2/install/ros_gz_interfaces/share/ros_gz_interfaces/msg/MaterialColor.idl\n'}
[0.562537] (ros_gz_interfaces) StdoutLine: {'line': b'-- Up-to-date: /home/prithiv/tentacle2/install/ros_gz_interfaces/share/ros_gz_interfaces/msg/ParamVec.idl\n'}
[0.562571] (ros_gz_interfaces) StdoutLine: {'line': b'-- Up-to-date: /home/prithiv/tentacle2/install/ros_gz_interfaces/share/ros_gz_interfaces/msg/SensorNoise.idl\n'}
[0.562604] (ros_gz_interfaces) StdoutLine: {'line': b'-- Up-to-date: /home/prithiv/tentacle2/install/ros_gz_interfaces/share/ros_gz_interfaces/msg/StringVec.idl\n'}
[0.562651] (ros_gz_interfaces) StdoutLine: {'line': b'-- Up-to-date: /home/prithiv/tentacle2/install/ros_gz_interfaces/share/ros_gz_interfaces/msg/TrackVisual.idl\n'}
[0.562703] (ros_gz_interfaces) StdoutLine: {'line': b'-- Up-to-date: /home/prithiv/tentacle2/install/ros_gz_interfaces/share/ros_gz_interfaces/msg/VideoRecord.idl\n'}
[0.562737] (ros_gz_interfaces) StdoutLine: {'line': b'-- Up-to-date: /home/prithiv/tentacle2/install/ros_gz_interfaces/share/ros_gz_interfaces/msg/WorldControl.idl\n'}
[0.562769] (ros_gz_interfaces) StdoutLine: {'line': b'-- Up-to-date: /home/prithiv/tentacle2/install/ros_gz_interfaces/share/ros_gz_interfaces/msg/WorldReset.idl\n'}
[0.562814] (ros_gz_interfaces) StdoutLine: {'line': b'-- Up-to-date: /home/prithiv/tentacle2/install/ros_gz_interfaces/share/ros_gz_interfaces/srv/ControlWorld.idl\n'}
[0.562868] (ros_gz_interfaces) StdoutLine: {'line': b'-- Up-to-date: /home/prithiv/tentacle2/install/ros_gz_interfaces/share/ros_gz_interfaces/srv/DeleteEntity.idl\n'}
[0.562901] (ros_gz_interfaces) StdoutLine: {'line': b'-- Up-to-date: /home/prithiv/tentacle2/install/ros_gz_interfaces/share/ros_gz_interfaces/srv/SetEntityPose.idl\n'}
[0.562935] (ros_gz_interfaces) StdoutLine: {'line': b'-- Up-to-date: /home/prithiv/tentacle2/install/ros_gz_interfaces/share/ros_gz_interfaces/srv/SpawnEntity.idl\n'}
[0.562981] (ros_gz_interfaces) StdoutLine: {'line': b'-- Up-to-date: /home/prithiv/tentacle2/install/ros_gz_interfaces/share/ros_gz_interfaces/msg/Altimeter.msg\n'}
[0.563013] (ros_gz_interfaces) StdoutLine: {'line': b'-- Up-to-date: /home/prithiv/tentacle2/install/ros_gz_interfaces/share/ros_gz_interfaces/msg/Contact.msg\n'}
[0.563044] (ros_gz_interfaces) StdoutLine: {'line': b'-- Up-to-date: /home/prithiv/tentacle2/install/ros_gz_interfaces/share/ros_gz_interfaces/msg/Contacts.msg\n'}
[0.563096] (ros_gz_interfaces) StdoutLine: {'line': b'-- Up-to-date: /home/prithiv/tentacle2/install/ros_gz_interfaces/share/ros_gz_interfaces/msg/Dataframe.msg\n'}
[0.563138] (ros_gz_interfaces) StdoutLine: {'line': b'-- Up-to-date: /home/prithiv/tentacle2/install/ros_gz_interfaces/share/ros_gz_interfaces/msg/Entity.msg\n'}
[0.563172] (ros_gz_interfaces) StdoutLine: {'line': b'-- Up-to-date: /home/prithiv/tentacle2/install/ros_gz_interfaces/share/ros_gz_interfaces/msg/EntityFactory.msg\n'}
[0.563205] (ros_gz_interfaces) StdoutLine: {'line': b'-- Up-to-date: /home/prithiv/tentacle2/install/ros_gz_interfaces/share/ros_gz_interfaces/msg/EntityWrench.msg\n'}
[0.563254] (ros_gz_interfaces) StdoutLine: {'line': b'-- Up-to-date: /home/prithiv/tentacle2/install/ros_gz_interfaces/share/ros_gz_interfaces/msg/Float32Array.msg\n'}
[0.563295] (ros_gz_interfaces) StdoutLine: {'line': b'-- Up-to-date: /home/prithiv/tentacle2/install/ros_gz_interfaces/share/ros_gz_interfaces/msg/GuiCamera.msg\n'}
[0.563328] (ros_gz_interfaces) StdoutLine: {'line': b'-- Up-to-date: /home/prithiv/tentacle2/install/ros_gz_interfaces/share/ros_gz_interfaces/msg/JointWrench.msg\n'}
[0.563361] (ros_gz_interfaces) StdoutLine: {'line': b'-- Up-to-date: /home/prithiv/tentacle2/install/ros_gz_interfaces/share/ros_gz_interfaces/msg/Light.msg\n'}
[0.563413] (ros_gz_interfaces) StdoutLine: {'line': b'-- Up-to-date: /home/prithiv/tentacle2/install/ros_gz_interfaces/share/ros_gz_interfaces/msg/MaterialColor.msg\n'}
[0.563461] (ros_gz_interfaces) StdoutLine: {'line': b'-- Up-to-date: /home/prithiv/tentacle2/install/ros_gz_interfaces/share/ros_gz_interfaces/msg/ParamVec.msg\n'}
[0.563494] (ros_gz_interfaces) StdoutLine: {'line': b'-- Up-to-date: /home/prithiv/tentacle2/install/ros_gz_interfaces/share/ros_gz_interfaces/msg/SensorNoise.msg\n'}
[0.563541] (ros_gz_interfaces) StdoutLine: {'line': b'-- Up-to-date: /home/prithiv/tentacle2/install/ros_gz_interfaces/share/ros_gz_interfaces/msg/StringVec.msg\n'}
[0.563574] (ros_gz_interfaces) StdoutLine: {'line': b'-- Up-to-date: /home/prithiv/tentacle2/install/ros_gz_interfaces/share/ros_gz_interfaces/msg/TrackVisual.msg\n'}
[0.563607] (ros_gz_interfaces) StdoutLine: {'line': b'-- Up-to-date: /home/prithiv/tentacle2/install/ros_gz_interfaces/share/ros_gz_interfaces/msg/VideoRecord.msg\n'}
[0.563659] (ros_gz_interfaces) StdoutLine: {'line': b'-- Up-to-date: /home/prithiv/tentacle2/install/ros_gz_interfaces/share/ros_gz_interfaces/msg/WorldControl.msg\n'}
[0.563694] (ros_gz_interfaces) StdoutLine: {'line': b'-- Up-to-date: /home/prithiv/tentacle2/install/ros_gz_interfaces/share/ros_gz_interfaces/msg/WorldReset.msg\n'}
[0.563729] (ros_gz_interfaces) StdoutLine: {'line': b'-- Up-to-date: /home/prithiv/tentacle2/install/ros_gz_interfaces/share/ros_gz_interfaces/srv/ControlWorld.srv\n'}
[0.563775] (ros_gz_interfaces) StdoutLine: {'line': b'-- Up-to-date: /home/prithiv/tentacle2/install/ros_gz_interfaces/share/ros_gz_interfaces/srv/ControlWorld_Request.msg\n'}
[0.563845] (ros_gz_interfaces) StdoutLine: {'line': b'-- Up-to-date: /home/prithiv/tentacle2/install/ros_gz_interfaces/share/ros_gz_interfaces/srv/ControlWorld_Response.msg\n'}
[0.563883] (ros_gz_interfaces) StdoutLine: {'line': b'-- Up-to-date: /home/prithiv/tentacle2/install/ros_gz_interfaces/share/ros_gz_interfaces/srv/DeleteEntity.srv\n'}
[0.563920] (ros_gz_interfaces) StdoutLine: {'line': b'-- Up-to-date: /home/prithiv/tentacle2/install/ros_gz_interfaces/share/ros_gz_interfaces/srv/DeleteEntity_Request.msg\n'}
[0.563960] (ros_gz_interfaces) StdoutLine: {'line': b'-- Up-to-date: /home/prithiv/tentacle2/install/ros_gz_interfaces/share/ros_gz_interfaces/srv/DeleteEntity_Response.msg\n'}
[0.564022] (ros_gz_interfaces) StdoutLine: {'line': b'-- Up-to-date: /home/prithiv/tentacle2/install/ros_gz_interfaces/share/ros_gz_interfaces/srv/SetEntityPose.srv\n'}
[0.564062] (ros_gz_interfaces) StdoutLine: {'line': b'-- Up-to-date: /home/prithiv/tentacle2/install/ros_gz_interfaces/share/ros_gz_interfaces/srv/SetEntityPose_Request.msg\n'}
[0.564101] (ros_gz_interfaces) StdoutLine: {'line': b'-- Up-to-date: /home/prithiv/tentacle2/install/ros_gz_interfaces/share/ros_gz_interfaces/srv/SetEntityPose_Response.msg\n'}
[0.564161] (ros_gz_interfaces) StdoutLine: {'line': b'-- Up-to-date: /home/prithiv/tentacle2/install/ros_gz_interfaces/share/ros_gz_interfaces/srv/SpawnEntity.srv\n'}
[0.564198] (ros_gz_interfaces) StdoutLine: {'line': b'-- Up-to-date: /home/prithiv/tentacle2/install/ros_gz_interfaces/share/ros_gz_interfaces/srv/SpawnEntity_Request.msg\n'}
[0.564236] (ros_gz_interfaces) StdoutLine: {'line': b'-- Up-to-date: /home/prithiv/tentacle2/install/ros_gz_interfaces/share/ros_gz_interfaces/srv/SpawnEntity_Response.msg\n'}
[0.564288] (ros_gz_interfaces) StdoutLine: {'line': b'-- Up-to-date: /home/prithiv/tentacle2/install/ros_gz_interfaces/share/ament_index/resource_index/package_run_dependencies/ros_gz_interfaces\n'}
[0.564353] (ros_gz_interfaces) StdoutLine: {'line': b'-- Up-to-date: /home/prithiv/tentacle2/install/ros_gz_interfaces/share/ament_index/resource_index/parent_prefix_path/ros_gz_interfaces\n'}
[0.564406] (ros_gz_interfaces) StdoutLine: {'line': b'-- Up-to-date: /home/prithiv/tentacle2/install/ros_gz_interfaces/share/ros_gz_interfaces/environment/ament_prefix_path.sh\n'}
[0.564466] (ros_gz_interfaces) StdoutLine: {'line': b'-- Up-to-date: /home/prithiv/tentacle2/install/ros_gz_interfaces/share/ros_gz_interfaces/environment/ament_prefix_path.dsv\n'}
[0.564516] (ros_gz_interfaces) StdoutLine: {'line': b'-- Up-to-date: /home/prithiv/tentacle2/install/ros_gz_interfaces/share/ros_gz_interfaces/environment/path.sh\n'}
[0.564568] (ros_gz_interfaces) StdoutLine: {'line': b'-- Up-to-date: /home/prithiv/tentacle2/install/ros_gz_interfaces/share/ros_gz_interfaces/environment/path.dsv\n'}
[0.564638] (ros_gz_interfaces) StdoutLine: {'line': b'-- Up-to-date: /home/prithiv/tentacle2/install/ros_gz_interfaces/share/ros_gz_interfaces/local_setup.bash\n'}
[0.564692] (ros_gz_interfaces) StdoutLine: {'line': b'-- Up-to-date: /home/prithiv/tentacle2/install/ros_gz_interfaces/share/ros_gz_interfaces/local_setup.sh\n'}
[0.564746] (ros_gz_interfaces) StdoutLine: {'line': b'-- Up-to-date: /home/prithiv/tentacle2/install/ros_gz_interfaces/share/ros_gz_interfaces/local_setup.zsh\n'}
[0.564800] (ros_gz_interfaces) StdoutLine: {'line': b'-- Up-to-date: /home/prithiv/tentacle2/install/ros_gz_interfaces/share/ros_gz_interfaces/local_setup.dsv\n'}
[0.564854] (ros_gz_interfaces) StdoutLine: {'line': b'-- Installing: /home/prithiv/tentacle2/install/ros_gz_interfaces/share/ros_gz_interfaces/package.dsv\n'}
[0.565168] (ros_gz_interfaces) StdoutLine: {'line': b'-- Up-to-date: /home/prithiv/tentacle2/install/ros_gz_interfaces/share/ament_index/resource_index/packages/ros_gz_interfaces\n'}
[0.565915] (ros_gz_interfaces) StdoutLine: {'line': b'-- Up-to-date: /home/prithiv/tentacle2/install/ros_gz_interfaces/share/ros_gz_interfaces/cmake/export_ros_gz_interfaces__rosidl_generator_cExport.cmake\n'}
[0.565997] (ros_gz_interfaces) StdoutLine: {'line': b'-- Up-to-date: /home/prithiv/tentacle2/install/ros_gz_interfaces/share/ros_gz_interfaces/cmake/export_ros_gz_interfaces__rosidl_generator_cExport-noconfig.cmake\n'}
[0.566664] (ros_gz_interfaces) StdoutLine: {'line': b'-- Up-to-date: /home/prithiv/tentacle2/install/ros_gz_interfaces/share/ros_gz_interfaces/cmake/export_ros_gz_interfaces__rosidl_typesupport_fastrtps_cExport.cmake\n'}
[0.566745] (ros_gz_interfaces) StdoutLine: {'line': b'-- Up-to-date: /home/prithiv/tentacle2/install/ros_gz_interfaces/share/ros_gz_interfaces/cmake/export_ros_gz_interfaces__rosidl_typesupport_fastrtps_cExport-noconfig.cmake\n'}
[0.567104] (ros_gz_interfaces) StdoutLine: {'line': b'-- Up-to-date: /home/prithiv/tentacle2/install/ros_gz_interfaces/share/ros_gz_interfaces/cmake/export_ros_gz_interfaces__rosidl_generator_cppExport.cmake\n'}
[0.567675] (ros_gz_interfaces) StdoutLine: {'line': b'-- Up-to-date: /home/prithiv/tentacle2/install/ros_gz_interfaces/share/ros_gz_interfaces/cmake/export_ros_gz_interfaces__rosidl_typesupport_fastrtps_cppExport.cmake\n'}
[0.567757] (ros_gz_interfaces) StdoutLine: {'line': b'-- Up-to-date: /home/prithiv/tentacle2/install/ros_gz_interfaces/share/ros_gz_interfaces/cmake/export_ros_gz_interfaces__rosidl_typesupport_fastrtps_cppExport-noconfig.cmake\n'}
[0.568335] (ros_gz_interfaces) StdoutLine: {'line': b'-- Up-to-date: /home/prithiv/tentacle2/install/ros_gz_interfaces/share/ros_gz_interfaces/cmake/ros_gz_interfaces__rosidl_typesupport_introspection_cExport.cmake\n'}
[0.568415] (ros_gz_interfaces) StdoutLine: {'line': b'-- Up-to-date: /home/prithiv/tentacle2/install/ros_gz_interfaces/share/ros_gz_interfaces/cmake/ros_gz_interfaces__rosidl_typesupport_introspection_cExport-noconfig.cmake\n'}
[0.569063] (ros_gz_interfaces) StdoutLine: {'line': b'-- Up-to-date: /home/prithiv/tentacle2/install/ros_gz_interfaces/share/ros_gz_interfaces/cmake/ros_gz_interfaces__rosidl_typesupport_cExport.cmake\n'}
[0.569148] (ros_gz_interfaces) StdoutLine: {'line': b'-- Up-to-date: /home/prithiv/tentacle2/install/ros_gz_interfaces/share/ros_gz_interfaces/cmake/ros_gz_interfaces__rosidl_typesupport_cExport-noconfig.cmake\n'}
[0.569821] (ros_gz_interfaces) StdoutLine: {'line': b'-- Up-to-date: /home/prithiv/tentacle2/install/ros_gz_interfaces/share/ros_gz_interfaces/cmake/ros_gz_interfaces__rosidl_typesupport_introspection_cppExport.cmake\n'}
[0.569915] (ros_gz_interfaces) StdoutLine: {'line': b'-- Up-to-date: /home/prithiv/tentacle2/install/ros_gz_interfaces/share/ros_gz_interfaces/cmake/ros_gz_interfaces__rosidl_typesupport_introspection_cppExport-noconfig.cmake\n'}
[0.570525] (ros_gz_interfaces) StdoutLine: {'line': b'-- Up-to-date: /home/prithiv/tentacle2/install/ros_gz_interfaces/share/ros_gz_interfaces/cmake/ros_gz_interfaces__rosidl_typesupport_cppExport.cmake\n'}
[0.570652] (ros_gz_interfaces) StdoutLine: {'line': b'-- Up-to-date: /home/prithiv/tentacle2/install/ros_gz_interfaces/share/ros_gz_interfaces/cmake/ros_gz_interfaces__rosidl_typesupport_cppExport-noconfig.cmake\n'}
[0.571227] (ros_gz_interfaces) StdoutLine: {'line': b'-- Up-to-date: /home/prithiv/tentacle2/install/ros_gz_interfaces/share/ros_gz_interfaces/cmake/export_ros_gz_interfaces__rosidl_generator_pyExport.cmake\n'}
[0.571368] (ros_gz_interfaces) StdoutLine: {'line': b'-- Up-to-date: /home/prithiv/tentacle2/install/ros_gz_interfaces/share/ros_gz_interfaces/cmake/export_ros_gz_interfaces__rosidl_generator_pyExport-noconfig.cmake\n'}
[0.571512] (ros_gz_interfaces) StdoutLine: {'line': b'-- Up-to-date: /home/prithiv/tentacle2/install/ros_gz_interfaces/share/ros_gz_interfaces/cmake/rosidl_cmake-extras.cmake\n'}
[0.571613] (ros_gz_interfaces) StdoutLine: {'line': b'-- Up-to-date: /home/prithiv/tentacle2/install/ros_gz_interfaces/share/ros_gz_interfaces/cmake/ament_cmake_export_dependencies-extras.cmake\n'}
[0.571706] (ros_gz_interfaces) StdoutLine: {'line': b'-- Up-to-date: /home/prithiv/tentacle2/install/ros_gz_interfaces/share/ros_gz_interfaces/cmake/ament_cmake_export_include_directories-extras.cmake\n'}
[0.571802] (ros_gz_interfaces) StdoutLine: {'line': b'-- Up-to-date: /home/prithiv/tentacle2/install/ros_gz_interfaces/share/ros_gz_interfaces/cmake/ament_cmake_export_libraries-extras.cmake\n'}
[0.571890] (ros_gz_interfaces) StdoutLine: {'line': b'-- Up-to-date: /home/prithiv/tentacle2/install/ros_gz_interfaces/share/ros_gz_interfaces/cmake/ament_cmake_export_targets-extras.cmake\n'}
[0.571986] (ros_gz_interfaces) StdoutLine: {'line': b'-- Up-to-date: /home/prithiv/tentacle2/install/ros_gz_interfaces/share/ros_gz_interfaces/cmake/rosidl_cmake_export_typesupport_targets-extras.cmake\n'}
[0.572081] (ros_gz_interfaces) StdoutLine: {'line': b'-- Up-to-date: /home/prithiv/tentacle2/install/ros_gz_interfaces/share/ros_gz_interfaces/cmake/rosidl_cmake_export_typesupport_libraries-extras.cmake\n'}
[0.572180] (ros_gz_interfaces) StdoutLine: {'line': b'-- Up-to-date: /home/prithiv/tentacle2/install/ros_gz_interfaces/share/ros_gz_interfaces/cmake/ros_gz_interfacesConfig.cmake\n'}
[0.572292] (ros_gz_interfaces) StdoutLine: {'line': b'-- Up-to-date: /home/prithiv/tentacle2/install/ros_gz_interfaces/share/ros_gz_interfaces/cmake/ros_gz_interfacesConfig-version.cmake\n'}
[0.572357] (ros_gz_interfaces) StdoutLine: {'line': b'-- Up-to-date: /home/prithiv/tentacle2/install/ros_gz_interfaces/share/ros_gz_interfaces/package.xml\n'}
[0.576296] (ros_gz_interfaces) CommandEnded: {'returncode': 0}
[0.600696] (-) TimerEvent: {}
[0.645231] (ros_gz_interfaces) JobEnded: {'identifier': 'ros_gz_interfaces', 'rc': 0}
[0.645504] (ros_gz_sim) JobStarted: {'identifier': 'ros_gz_sim'}
[0.647910] (ros_gz_sim) JobProgress: {'identifier': 'ros_gz_sim', 'progress': 'cmake'}
[0.655629] (ros_gz_sim) JobProgress: {'identifier': 'ros_gz_sim', 'progress': 'build'}
[0.655987] (ros_gz_sim) Command: {'cmd': ['/usr/bin/cmake', '--build', '/home/prithiv/tentacle2/build/ros_gz_sim', '--', '-j12', '-l12'], 'cwd': '/home/prithiv/tentacle2/build/ros_gz_sim', 'env': OrderedDict([('GJS_DEBUG_TOPICS', 'JS ERROR;JS LOG'), ('LESSOPEN', '| /usr/bin/lesspipe %s'), ('LANGUAGE', 'en_IN:en'), ('GURUMDDS_HOME', '/usr/share/gurumdds/cmake/../../..'), ('USER', 'prithiv'), ('XDG_SESSION_TYPE', 'x11'), ('SHLVL', '1'), ('LD_LIBRARY_PATH', '/usr/lib/x86_64-linux-gnu/gazebo-11/plugins:/opt/ros/humble/opt/rviz_ogre_vendor/lib:/opt/ros/humble/lib/x86_64-linux-gnu:/usr/share/gurumdds/cmake/../../../lib:/opt/ros/humble/lib'), ('HOME', '/home/prithiv'), ('OLDPWD', '/home/prithiv'), ('DESKTOP_SESSION', 'ubuntu'), ('GIO_LAUNCHED_DESKTOP_FILE', '/usr/share/applications/terminator.desktop'), ('ROS_PYTHON_VERSION', '3'), ('GNOME_SHELL_SESSION_MODE', 'ubuntu'), ('GTK_MODULES', 'gail:atk-bridge'), ('MANAGERPID', '1508'), ('SYSTEMD_EXEC_PID', '1748'), ('DBUS_SESSION_BUS_ADDRESS', 'unix:path=/run/user/1000/bus'), ('COLORTERM', 'truecolor'), ('TERMINATOR_DBUS_NAME', 'net.tenshu.Terminator23558193cd9818af7fe4d2c2f5bd9d00f'), ('GIO_LAUNCHED_DESKTOP_FILE_PID', '3331'), ('ROS_DISTRO', 'humble'), ('GTK_IM_MODULE', 'ibus'), ('LOGNAME', 'prithiv'), ('JOURNAL_STREAM', '8:10944'), ('_', '/usr/bin/colcon'), ('ROS_VERSION', '2'), ('XDG_SESSION_CLASS', 'user'), ('USERNAME', 'prithiv'), ('TERM', 'xterm-256color'), ('GNOME_DESKTOP_SESSION_ID', 'this-is-deprecated'), ('ROS_LOCALHOST_ONLY', '0'), ('WINDOWPATH', '2'), ('PATH', '/opt/ros/humble/bin:/home/prithiv/.local/bin:/usr/local/sbin:/usr/local/bin:/usr/sbin:/usr/bin:/sbin:/bin:/usr/games:/usr/local/games:/snap/bin:/snap/bin'), ('SESSION_MANAGER', 'local/ros:@/tmp/.ICE-unix/1721,unix/ros:/tmp/.ICE-unix/1721'), ('INVOCATION_ID', '6e8b87d95b5c47d0bc1a97101124a42e'), ('XDG_MENU_PREFIX', 'gnome-'), ('XDG_RUNTIME_DIR', '/run/user/1000'), ('DISPLAY', ':1'), ('TERMINATOR_DBUS_PATH', '/net/tenshu/Terminator2'), ('LANG', 'en_US.UTF-8'), ('XDG_CURRENT_DESKTOP', 'ubuntu:GNOME'), ('IBUS_DISABLE_SNOOPER', '1'), ('XMODIFIERS', '@im=ibus'), ('XDG_SESSION_DESKTOP', 'ubuntu'), ('XAUTHORITY', '/run/user/1000/gdm/Xauthority'), ('LS_COLORS', 'rs=0:di=01;34:ln=01;36:mh=00:pi=40;33:so=01;35:do=01;35:bd=40;33;01:cd=40;33;01:or=40;31;01:mi=00:su=37;41:sg=30;43:ca=30;41:tw=30;42:ow=34;42:st=37;44:ex=01;32:*.tar=01;31:*.tgz=01;31:*.arc=01;31:*.arj=01;31:*.taz=01;31:*.lha=01;31:*.lz4=01;31:*.lzh=01;31:*.lzma=01;31:*.tlz=01;31:*.txz=01;31:*.tzo=01;31:*.t7z=01;31:*.zip=01;31:*.z=01;31:*.dz=01;31:*.gz=01;31:*.lrz=01;31:*.lz=01;31:*.lzo=01;31:*.xz=01;31:*.zst=01;31:*.tzst=01;31:*.bz2=01;31:*.bz=01;31:*.tbz=01;31:*.tbz2=01;31:*.tz=01;31:*.deb=01;31:*.rpm=01;31:*.jar=01;31:*.war=01;31:*.ear=01;31:*.sar=01;31:*.rar=01;31:*.alz=01;31:*.ace=01;31:*.zoo=01;31:*.cpio=01;31:*.7z=01;31:*.rz=01;31:*.cab=01;31:*.wim=01;31:*.swm=01;31:*.dwm=01;31:*.esd=01;31:*.jpg=01;35:*.jpeg=01;35:*.mjpg=01;35:*.mjpeg=01;35:*.gif=01;35:*.bmp=01;35:*.pbm=01;35:*.pgm=01;35:*.ppm=01;35:*.tga=01;35:*.xbm=01;35:*.xpm=01;35:*.tif=01;35:*.tiff=01;35:*.png=01;35:*.svg=01;35:*.svgz=01;35:*.mng=01;35:*.pcx=01;35:*.mov=01;35:*.mpg=01;35:*.mpeg=01;35:*.m2v=01;35:*.mkv=01;35:*.webm=01;35:*.webp=01;35:*.ogm=01;35:*.mp4=01;35:*.m4v=01;35:*.mp4v=01;35:*.vob=01;35:*.qt=01;35:*.nuv=01;35:*.wmv=01;35:*.asf=01;35:*.rm=01;35:*.rmvb=01;35:*.flc=01;35:*.avi=01;35:*.fli=01;35:*.flv=01;35:*.gl=01;35:*.dl=01;35:*.xcf=01;35:*.xwd=01;35:*.yuv=01;35:*.cgm=01;35:*.emf=01;35:*.ogv=01;35:*.ogx=01;35:*.aac=00;36:*.au=00;36:*.flac=00;36:*.m4a=00;36:*.mid=00;36:*.midi=00;36:*.mka=00;36:*.mp3=00;36:*.mpc=00;36:*.ogg=00;36:*.ra=00;36:*.wav=00;36:*.oga=00;36:*.opus=00;36:*.spx=00;36:*.xspf=00;36:'), ('SSH_AGENT_LAUNCHER', 'gnome-keyring'), ('SSH_AUTH_SOCK', '/run/user/1000/keyring/ssh'), ('AMENT_PREFIX_PATH', '/opt/ros/humble'), ('SHELL', '/bin/bash'), ('TERMINATOR_UUID', 'urn:uuid:04e28e5c-750b-4283-9f61-28f8f93b58a2'), ('QT_ACCESSIBILITY', '1'), ('GDMSESSION', 'ubuntu'), ('LESSCLOSE', '/usr/bin/lesspipe %s %s'), ('GPG_AGENT_INFO', '/run/user/1000/gnupg/S.gpg-agent:0:1'), ('GJS_DEBUG_OUTPUT', 'stderr'), ('QT_IM_MODULE', 'ibus'), ('PWD', '/home/prithiv/tentacle2/build/ros_gz_sim'), ('LC_ALL', 'en_US.UTF-8'), ('XDG_CONFIG_DIRS', '/etc/xdg/xdg-ubuntu:/etc/xdg'), ('XDG_DATA_DIRS', '/usr/share/ubuntu:/usr/share/gnome:/usr/local/share/:/usr/share/:/var/lib/snapd/desktop'), ('PYTHONPATH', '/opt/ros/humble/lib/python3.10/site-packages:/opt/ros/humble/local/lib/python3.10/dist-packages'), ('COLCON', '1'), ('VTE_VERSION', '6800'), ('CMAKE_PREFIX_PATH', '/opt/ros/humble')]), 'shell': False}
[0.700856] (-) TimerEvent: {}
[0.765653] (ros_gz_sim) StdoutLine: {'line': b'\x1b[35m\x1b[1mConsolidate compiler generated dependencies of target gtest_main\x1b[0m\n'}
[0.766204] (ros_gz_sim) StdoutLine: {'line': b'\x1b[35m\x1b[1mConsolidate compiler generated dependencies of target gtest\x1b[0m\n'}
[0.766580] (ros_gz_sim) StdoutLine: {'line': b'\x1b[35m\x1b[1mConsolidate compiler generated dependencies of target ros_gz_sim\x1b[0m\n'}
[0.768251] (ros_gz_sim) StdoutLine: {'line': b'\x1b[35m\x1b[1mConsolidate compiler generated dependencies of target create\x1b[0m\n'}
[0.786192] (ros_gz_sim) StdoutLine: {'line': b'[ 20%] Built target gtest_main\n'}
[0.791919] (ros_gz_sim) StdoutLine: {'line': b'[ 40%] Built target gtest\n'}
[0.797101] (ros_gz_sim) StdoutLine: {'line': b'[ 60%] Built target ros_gz_sim\n'}
[0.800902] (-) TimerEvent: {}
[0.805520] (ros_gz_sim) StdoutLine: {'line': b'\x1b[35m\x1b[1mConsolidate compiler generated dependencies of target test_stopwatch\x1b[0m\n'}
[0.812904] (ros_gz_sim) StdoutLine: {'line': b'[ 80%] Built target create\n'}
[0.843407] (ros_gz_sim) StdoutLine: {'line': b'[100%] Built target test_stopwatch\n'}
[0.851378] (ros_gz_sim) CommandEnded: {'returncode': 0}
[0.853612] (ros_gz_sim) JobProgress: {'identifier': 'ros_gz_sim', 'progress': 'install'}
[0.853968] (ros_gz_sim) Command: {'cmd': ['/usr/bin/cmake', '--install', '/home/prithiv/tentacle2/build/ros_gz_sim'], 'cwd': '/home/prithiv/tentacle2/build/ros_gz_sim', 'env': OrderedDict([('GJS_DEBUG_TOPICS', 'JS ERROR;JS LOG'), ('LESSOPEN', '| /usr/bin/lesspipe %s'), ('LANGUAGE', 'en_IN:en'), ('GURUMDDS_HOME', '/usr/share/gurumdds/cmake/../../..'), ('USER', 'prithiv'), ('XDG_SESSION_TYPE', 'x11'), ('SHLVL', '1'), ('LD_LIBRARY_PATH', '/usr/lib/x86_64-linux-gnu/gazebo-11/plugins:/opt/ros/humble/opt/rviz_ogre_vendor/lib:/opt/ros/humble/lib/x86_64-linux-gnu:/usr/share/gurumdds/cmake/../../../lib:/opt/ros/humble/lib'), ('HOME', '/home/prithiv'), ('OLDPWD', '/home/prithiv'), ('DESKTOP_SESSION', 'ubuntu'), ('GIO_LAUNCHED_DESKTOP_FILE', '/usr/share/applications/terminator.desktop'), ('ROS_PYTHON_VERSION', '3'), ('GNOME_SHELL_SESSION_MODE', 'ubuntu'), ('GTK_MODULES', 'gail:atk-bridge'), ('MANAGERPID', '1508'), ('SYSTEMD_EXEC_PID', '1748'), ('DBUS_SESSION_BUS_ADDRESS', 'unix:path=/run/user/1000/bus'), ('COLORTERM', 'truecolor'), ('TERMINATOR_DBUS_NAME', 'net.tenshu.Terminator23558193cd9818af7fe4d2c2f5bd9d00f'), ('GIO_LAUNCHED_DESKTOP_FILE_PID', '3331'), ('ROS_DISTRO', 'humble'), ('GTK_IM_MODULE', 'ibus'), ('LOGNAME', 'prithiv'), ('JOURNAL_STREAM', '8:10944'), ('_', '/usr/bin/colcon'), ('ROS_VERSION', '2'), ('XDG_SESSION_CLASS', 'user'), ('USERNAME', 'prithiv'), ('TERM', 'xterm-256color'), ('GNOME_DESKTOP_SESSION_ID', 'this-is-deprecated'), ('ROS_LOCALHOST_ONLY', '0'), ('WINDOWPATH', '2'), ('PATH', '/opt/ros/humble/bin:/home/prithiv/.local/bin:/usr/local/sbin:/usr/local/bin:/usr/sbin:/usr/bin:/sbin:/bin:/usr/games:/usr/local/games:/snap/bin:/snap/bin'), ('SESSION_MANAGER', 'local/ros:@/tmp/.ICE-unix/1721,unix/ros:/tmp/.ICE-unix/1721'), ('INVOCATION_ID', '6e8b87d95b5c47d0bc1a97101124a42e'), ('XDG_MENU_PREFIX', 'gnome-'), ('XDG_RUNTIME_DIR', '/run/user/1000'), ('DISPLAY', ':1'), ('TERMINATOR_DBUS_PATH', '/net/tenshu/Terminator2'), ('LANG', 'en_US.UTF-8'), ('XDG_CURRENT_DESKTOP', 'ubuntu:GNOME'), ('IBUS_DISABLE_SNOOPER', '1'), ('XMODIFIERS', '@im=ibus'), ('XDG_SESSION_DESKTOP', 'ubuntu'), ('XAUTHORITY', '/run/user/1000/gdm/Xauthority'), ('LS_COLORS', 'rs=0:di=01;34:ln=01;36:mh=00:pi=40;33:so=01;35:do=01;35:bd=40;33;01:cd=40;33;01:or=40;31;01:mi=00:su=37;41:sg=30;43:ca=30;41:tw=30;42:ow=34;42:st=37;44:ex=01;32:*.tar=01;31:*.tgz=01;31:*.arc=01;31:*.arj=01;31:*.taz=01;31:*.lha=01;31:*.lz4=01;31:*.lzh=01;31:*.lzma=01;31:*.tlz=01;31:*.txz=01;31:*.tzo=01;31:*.t7z=01;31:*.zip=01;31:*.z=01;31:*.dz=01;31:*.gz=01;31:*.lrz=01;31:*.lz=01;31:*.lzo=01;31:*.xz=01;31:*.zst=01;31:*.tzst=01;31:*.bz2=01;31:*.bz=01;31:*.tbz=01;31:*.tbz2=01;31:*.tz=01;31:*.deb=01;31:*.rpm=01;31:*.jar=01;31:*.war=01;31:*.ear=01;31:*.sar=01;31:*.rar=01;31:*.alz=01;31:*.ace=01;31:*.zoo=01;31:*.cpio=01;31:*.7z=01;31:*.rz=01;31:*.cab=01;31:*.wim=01;31:*.swm=01;31:*.dwm=01;31:*.esd=01;31:*.jpg=01;35:*.jpeg=01;35:*.mjpg=01;35:*.mjpeg=01;35:*.gif=01;35:*.bmp=01;35:*.pbm=01;35:*.pgm=01;35:*.ppm=01;35:*.tga=01;35:*.xbm=01;35:*.xpm=01;35:*.tif=01;35:*.tiff=01;35:*.png=01;35:*.svg=01;35:*.svgz=01;35:*.mng=01;35:*.pcx=01;35:*.mov=01;35:*.mpg=01;35:*.mpeg=01;35:*.m2v=01;35:*.mkv=01;35:*.webm=01;35:*.webp=01;35:*.ogm=01;35:*.mp4=01;35:*.m4v=01;35:*.mp4v=01;35:*.vob=01;35:*.qt=01;35:*.nuv=01;35:*.wmv=01;35:*.asf=01;35:*.rm=01;35:*.rmvb=01;35:*.flc=01;35:*.avi=01;35:*.fli=01;35:*.flv=01;35:*.gl=01;35:*.dl=01;35:*.xcf=01;35:*.xwd=01;35:*.yuv=01;35:*.cgm=01;35:*.emf=01;35:*.ogv=01;35:*.ogx=01;35:*.aac=00;36:*.au=00;36:*.flac=00;36:*.m4a=00;36:*.mid=00;36:*.midi=00;36:*.mka=00;36:*.mp3=00;36:*.mpc=00;36:*.ogg=00;36:*.ra=00;36:*.wav=00;36:*.oga=00;36:*.opus=00;36:*.spx=00;36:*.xspf=00;36:'), ('SSH_AGENT_LAUNCHER', 'gnome-keyring'), ('SSH_AUTH_SOCK', '/run/user/1000/keyring/ssh'), ('AMENT_PREFIX_PATH', '/opt/ros/humble'), ('SHELL', '/bin/bash'), ('TERMINATOR_UUID', 'urn:uuid:04e28e5c-750b-4283-9f61-28f8f93b58a2'), ('QT_ACCESSIBILITY', '1'), ('GDMSESSION', 'ubuntu'), ('LESSCLOSE', '/usr/bin/lesspipe %s %s'), ('GPG_AGENT_INFO', '/run/user/1000/gnupg/S.gpg-agent:0:1'), ('GJS_DEBUG_OUTPUT', 'stderr'), ('QT_IM_MODULE', 'ibus'), ('PWD', '/home/prithiv/tentacle2/build/ros_gz_sim'), ('LC_ALL', 'en_US.UTF-8'), ('XDG_CONFIG_DIRS', '/etc/xdg/xdg-ubuntu:/etc/xdg'), ('XDG_DATA_DIRS', '/usr/share/ubuntu:/usr/share/gnome:/usr/local/share/:/usr/share/:/var/lib/snapd/desktop'), ('PYTHONPATH', '/opt/ros/humble/lib/python3.10/site-packages:/opt/ros/humble/local/lib/python3.10/dist-packages'), ('COLCON', '1'), ('VTE_VERSION', '6800'), ('CMAKE_PREFIX_PATH', '/opt/ros/humble')]), 'shell': False}
[0.858811] (ros_gz_sim) StdoutLine: {'line': b'-- Install configuration: ""\n'}
[0.858999] (ros_gz_sim) StdoutLine: {'line': b'-- Up-to-date: /home/prithiv/tentacle2/install/ros_gz_sim/include/ros_gz_sim\n'}
[0.859083] (ros_gz_sim) StdoutLine: {'line': b'-- Up-to-date: /home/prithiv/tentacle2/install/ros_gz_sim/include/ros_gz_sim/Stopwatch.hpp\n'}
[0.859272] (ros_gz_sim) StdoutLine: {'line': b'-- Up-to-date: /home/prithiv/tentacle2/install/ros_gz_sim/share/ros_gz_sim/launch/gz_sim.launch.py\n'}
[0.860568] (ros_gz_sim) StdoutLine: {'line': b'-- Up-to-date: /home/prithiv/tentacle2/install/ros_gz_sim/lib/ros_gz_sim/create\n'}
[0.861713] (ros_gz_sim) StdoutLine: {'line': b'-- Up-to-date: /home/prithiv/tentacle2/install/ros_gz_sim/lib/libros_gz_sim.so\n'}
[0.862886] (ros_gz_sim) StdoutLine: {'line': b'-- Up-to-date: /home/prithiv/tentacle2/install/ros_gz_sim/lib/ros_gz_sim/test_stopwatch\n'}
[0.863139] (ros_gz_sim) StdoutLine: {'line': b'-- Up-to-date: /home/prithiv/tentacle2/install/ros_gz_sim/share/ament_index/resource_index/package_run_dependencies/ros_gz_sim\n'}
[0.863220] (ros_gz_sim) StdoutLine: {'line': b'-- Up-to-date: /home/prithiv/tentacle2/install/ros_gz_sim/share/ament_index/resource_index/parent_prefix_path/ros_gz_sim\n'}
[0.863302] (ros_gz_sim) StdoutLine: {'line': b'-- Up-to-date: /home/prithiv/tentacle2/install/ros_gz_sim/share/ros_gz_sim/environment/ament_prefix_path.sh\n'}
[0.863350] (ros_gz_sim) StdoutLine: {'line': b'-- Up-to-date: /home/prithiv/tentacle2/install/ros_gz_sim/share/ros_gz_sim/environment/ament_prefix_path.dsv\n'}
[0.863390] (ros_gz_sim) StdoutLine: {'line': b'-- Up-to-date: /home/prithiv/tentacle2/install/ros_gz_sim/share/ros_gz_sim/environment/path.sh\n'}
[0.863424] (ros_gz_sim) StdoutLine: {'line': b'-- Up-to-date: /home/prithiv/tentacle2/install/ros_gz_sim/share/ros_gz_sim/environment/path.dsv\n'}
[0.863480] (ros_gz_sim) StdoutLine: {'line': b'-- Up-to-date: /home/prithiv/tentacle2/install/ros_gz_sim/share/ros_gz_sim/local_setup.bash\n'}
[0.863512] (ros_gz_sim) StdoutLine: {'line': b'-- Up-to-date: /home/prithiv/tentacle2/install/ros_gz_sim/share/ros_gz_sim/local_setup.sh\n'}
[0.863539] (ros_gz_sim) StdoutLine: {'line': b'-- Up-to-date: /home/prithiv/tentacle2/install/ros_gz_sim/share/ros_gz_sim/local_setup.zsh\n'}
[0.863565] (ros_gz_sim) StdoutLine: {'line': b'-- Up-to-date: /home/prithiv/tentacle2/install/ros_gz_sim/share/ros_gz_sim/local_setup.dsv\n'}
[0.863591] (ros_gz_sim) StdoutLine: {'line': b'-- Installing: /home/prithiv/tentacle2/install/ros_gz_sim/share/ros_gz_sim/package.dsv\n'}
[0.863701] (ros_gz_sim) StdoutLine: {'line': b'-- Up-to-date: /home/prithiv/tentacle2/install/ros_gz_sim/share/ament_index/resource_index/packages/ros_gz_sim\n'}
[0.864258] (ros_gz_sim) StdoutLine: {'line': b'-- Up-to-date: /home/prithiv/tentacle2/install/ros_gz_sim/share/ros_gz_sim/cmake/ros_gz_simExport.cmake\n'}
[0.864298] (ros_gz_sim) StdoutLine: {'line': b'-- Up-to-date: /home/prithiv/tentacle2/install/ros_gz_sim/share/ros_gz_sim/cmake/ros_gz_simExport-noconfig.cmake\n'}
[0.864348] (ros_gz_sim) StdoutLine: {'line': b'-- Up-to-date: /home/prithiv/tentacle2/install/ros_gz_sim/share/ros_gz_sim/cmake/ament_cmake_export_targets-extras.cmake\n'}
[0.864379] (ros_gz_sim) StdoutLine: {'line': b'-- Up-to-date: /home/prithiv/tentacle2/install/ros_gz_sim/share/ros_gz_sim/cmake/ament_cmake_export_dependencies-extras.cmake\n'}
[0.864408] (ros_gz_sim) StdoutLine: {'line': b'-- Up-to-date: /home/prithiv/tentacle2/install/ros_gz_sim/share/ros_gz_sim/cmake/ros_gz_simConfig.cmake\n'}
[0.864457] (ros_gz_sim) StdoutLine: {'line': b'-- Up-to-date: /home/prithiv/tentacle2/install/ros_gz_sim/share/ros_gz_sim/cmake/ros_gz_simConfig-version.cmake\n'}
[0.864485] (ros_gz_sim) StdoutLine: {'line': b'-- Up-to-date: /home/prithiv/tentacle2/install/ros_gz_sim/share/ros_gz_sim/package.xml\n'}
[0.865385] (ros_gz_sim) CommandEnded: {'returncode': 0}
[0.895044] (ros_gz_sim) JobEnded: {'identifier': 'ros_gz_sim', 'rc': 0}
[0.895257] (tentacle_description) JobStarted: {'identifier': 'tentacle_description'}
[0.901352] (-) TimerEvent: {}
[1.001538] (-) TimerEvent: {}
[1.101781] (-) TimerEvent: {}
[1.202002] (-) TimerEvent: {}
[1.302272] (-) TimerEvent: {}
[1.402766] (-) TimerEvent: {}
[1.421234] (tentacle_description) Command: {'cmd': ['/usr/bin/python3', '-W', 'ignore:setup.py install is deprecated', '-W', 'ignore:easy_install command is deprecated', 'setup.py', 'egg_info', '--egg-base', '../../build/tentacle_description', 'build', '--build-base', '/home/prithiv/tentacle2/build/tentacle_description/build', 'install', '--record', '/home/prithiv/tentacle2/build/tentacle_description/install.log', '--single-version-externally-managed', 'install_data'], 'cwd': '/home/prithiv/tentacle2/src/tentacle_description', 'env': {'GJS_DEBUG_TOPICS': 'JS ERROR;JS LOG', 'LESSOPEN': '| /usr/bin/lesspipe %s', 'LANGUAGE': 'en_IN:en', 'GURUMDDS_HOME': '/usr/share/gurumdds/cmake/../../..', 'USER': 'prithiv', 'XDG_SESSION_TYPE': 'x11', 'SHLVL': '1', 'LD_LIBRARY_PATH': '/usr/lib/x86_64-linux-gnu/gazebo-11/plugins:/opt/ros/humble/opt/rviz_ogre_vendor/lib:/opt/ros/humble/lib/x86_64-linux-gnu:/usr/share/gurumdds/cmake/../../../lib:/opt/ros/humble/lib', 'HOME': '/home/prithiv', 'OLDPWD': '/home/prithiv', 'DESKTOP_SESSION': 'ubuntu', 'GIO_LAUNCHED_DESKTOP_FILE': '/usr/share/applications/terminator.desktop', 'ROS_PYTHON_VERSION': '3', 'GNOME_SHELL_SESSION_MODE': 'ubuntu', 'GTK_MODULES': 'gail:atk-bridge', 'MANAGERPID': '1508', 'SYSTEMD_EXEC_PID': '1748', 'DBUS_SESSION_BUS_ADDRESS': 'unix:path=/run/user/1000/bus', 'COLORTERM': 'truecolor', 'TERMINATOR_DBUS_NAME': 'net.tenshu.Terminator23558193cd9818af7fe4d2c2f5bd9d00f', 'GIO_LAUNCHED_DESKTOP_FILE_PID': '3331', 'ROS_DISTRO': 'humble', 'GTK_IM_MODULE': 'ibus', 'LOGNAME': 'prithiv', 'JOURNAL_STREAM': '8:10944', '_': '/usr/bin/colcon', 'ROS_VERSION': '2', 'XDG_SESSION_CLASS': 'user', 'USERNAME': 'prithiv', 'TERM': 'xterm-256color', 'GNOME_DESKTOP_SESSION_ID': 'this-is-deprecated', 'ROS_LOCALHOST_ONLY': '0', 'WINDOWPATH': '2', 'PATH': '/opt/ros/humble/bin:/home/prithiv/.local/bin:/usr/local/sbin:/usr/local/bin:/usr/sbin:/usr/bin:/sbin:/bin:/usr/games:/usr/local/games:/snap/bin:/snap/bin', 'SESSION_MANAGER': 'local/ros:@/tmp/.ICE-unix/1721,unix/ros:/tmp/.ICE-unix/1721', 'INVOCATION_ID': '6e8b87d95b5c47d0bc1a97101124a42e', 'XDG_MENU_PREFIX': 'gnome-', 'XDG_RUNTIME_DIR': '/run/user/1000', 'DISPLAY': ':1', 'TERMINATOR_DBUS_PATH': '/net/tenshu/Terminator2', 'LANG': 'en_US.UTF-8', 'XDG_CURRENT_DESKTOP': 'ubuntu:GNOME', 'IBUS_DISABLE_SNOOPER': '1', 'XMODIFIERS': '@im=ibus', 'XDG_SESSION_DESKTOP': 'ubuntu', 'XAUTHORITY': '/run/user/1000/gdm/Xauthority', 'LS_COLORS': 'rs=0:di=01;34:ln=01;36:mh=00:pi=40;33:so=01;35:do=01;35:bd=40;33;01:cd=40;33;01:or=40;31;01:mi=00:su=37;41:sg=30;43:ca=30;41:tw=30;42:ow=34;42:st=37;44:ex=01;32:*.tar=01;31:*.tgz=01;31:*.arc=01;31:*.arj=01;31:*.taz=01;31:*.lha=01;31:*.lz4=01;31:*.lzh=01;31:*.lzma=01;31:*.tlz=01;31:*.txz=01;31:*.tzo=01;31:*.t7z=01;31:*.zip=01;31:*.z=01;31:*.dz=01;31:*.gz=01;31:*.lrz=01;31:*.lz=01;31:*.lzo=01;31:*.xz=01;31:*.zst=01;31:*.tzst=01;31:*.bz2=01;31:*.bz=01;31:*.tbz=01;31:*.tbz2=01;31:*.tz=01;31:*.deb=01;31:*.rpm=01;31:*.jar=01;31:*.war=01;31:*.ear=01;31:*.sar=01;31:*.rar=01;31:*.alz=01;31:*.ace=01;31:*.zoo=01;31:*.cpio=01;31:*.7z=01;31:*.rz=01;31:*.cab=01;31:*.wim=01;31:*.swm=01;31:*.dwm=01;31:*.esd=01;31:*.jpg=01;35:*.jpeg=01;35:*.mjpg=01;35:*.mjpeg=01;35:*.gif=01;35:*.bmp=01;35:*.pbm=01;35:*.pgm=01;35:*.ppm=01;35:*.tga=01;35:*.xbm=01;35:*.xpm=01;35:*.tif=01;35:*.tiff=01;35:*.png=01;35:*.svg=01;35:*.svgz=01;35:*.mng=01;35:*.pcx=01;35:*.mov=01;35:*.mpg=01;35:*.mpeg=01;35:*.m2v=01;35:*.mkv=01;35:*.webm=01;35:*.webp=01;35:*.ogm=01;35:*.mp4=01;35:*.m4v=01;35:*.mp4v=01;35:*.vob=01;35:*.qt=01;35:*.nuv=01;35:*.wmv=01;35:*.asf=01;35:*.rm=01;35:*.rmvb=01;35:*.flc=01;35:*.avi=01;35:*.fli=01;35:*.flv=01;35:*.gl=01;35:*.dl=01;35:*.xcf=01;35:*.xwd=01;35:*.yuv=01;35:*.cgm=01;35:*.emf=01;35:*.ogv=01;35:*.ogx=01;35:*.aac=00;36:*.au=00;36:*.flac=00;36:*.m4a=00;36:*.mid=00;36:*.midi=00;36:*.mka=00;36:*.mp3=00;36:*.mpc=00;36:*.ogg=00;36:*.ra=00;36:*.wav=00;36:*.oga=00;36:*.opus=00;36:*.spx=00;36:*.xspf=00;36:', 'SSH_AGENT_LAUNCHER': 'gnome-keyring', 'SSH_AUTH_SOCK': '/run/user/1000/keyring/ssh', 'AMENT_PREFIX_PATH': '/opt/ros/humble', 'SHELL': '/bin/bash', 'TERMINATOR_UUID': 'urn:uuid:04e28e5c-750b-4283-9f61-28f8f93b58a2', 'QT_ACCESSIBILITY': '1', 'GDMSESSION': 'ubuntu', 'LESSCLOSE': '/usr/bin/lesspipe %s %s', 'GPG_AGENT_INFO': '/run/user/1000/gnupg/S.gpg-agent:0:1', 'GJS_DEBUG_OUTPUT': 'stderr', 'QT_IM_MODULE': 'ibus', 'PWD': '/home/prithiv/tentacle2/build/tentacle_description', 'LC_ALL': 'en_US.UTF-8', 'XDG_CONFIG_DIRS': '/etc/xdg/xdg-ubuntu:/etc/xdg', 'XDG_DATA_DIRS': '/usr/share/ubuntu:/usr/share/gnome:/usr/local/share/:/usr/share/:/var/lib/snapd/desktop', 'PYTHONPATH': '/home/prithiv/tentacle2/build/tentacle_description/prefix_override:/usr/lib/python3/dist-packages/colcon_core/task/python/colcon_distutils_commands:/home/prithiv/tentacle2/install/tentacle_description/lib/python3.10/site-packages:/opt/ros/humble/lib/python3.10/site-packages:/opt/ros/humble/local/lib/python3.10/dist-packages', 'COLCON': '1', 'VTE_VERSION': '6800'}, 'shell': False}
[1.502888] (-) TimerEvent: {}
[1.547587] (tentacle_description) StdoutLine: {'line': b'running egg_info\n'}
[1.547987] (tentacle_description) StdoutLine: {'line': b'writing ../../build/tentacle_description/tentacle_description.egg-info/PKG-INFO\n'}
[1.549576] (tentacle_description) StdoutLine: {'line': b'writing dependency_links to ../../build/tentacle_description/tentacle_description.egg-info/dependency_links.txt\n'}
[1.549734] (tentacle_description) StdoutLine: {'line': b'writing entry points to ../../build/tentacle_description/tentacle_description.egg-info/entry_points.txt\n'}
[1.549767] (tentacle_description) StdoutLine: {'line': b'writing requirements to ../../build/tentacle_description/tentacle_description.egg-info/requires.txt\n'}
[1.549791] (tentacle_description) StdoutLine: {'line': b'writing top-level names to ../../build/tentacle_description/tentacle_description.egg-info/top_level.txt\n'}
[1.558374] (tentacle_description) StdoutLine: {'line': b"reading manifest file '../../build/tentacle_description/tentacle_description.egg-info/SOURCES.txt'\n"}
[1.562075] (tentacle_description) StdoutLine: {'line': b"writing manifest file '../../build/tentacle_description/tentacle_description.egg-info/SOURCES.txt'\n"}
[1.562140] (tentacle_description) StdoutLine: {'line': b'running build\n'}
[1.562171] (tentacle_description) StdoutLine: {'line': b'running build_py\n'}
[1.562697] (tentacle_description) StdoutLine: {'line': b'running install\n'}
[1.562898] (tentacle_description) StdoutLine: {'line': b'running install_lib\n'}
[1.564606] (tentacle_description) StdoutLine: {'line': b'running install_data\n'}
[1.566045] (tentacle_description) StdoutLine: {'line': b'running install_egg_info\n'}
[1.566934] (tentacle_description) StdoutLine: {'line': b"removing '/home/prithiv/tentacle2/install/tentacle_description/lib/python3.10/site-packages/tentacle_description-0.0.0-py3.10.egg-info' (and everything under it)\n"}
[1.567039] (tentacle_description) StdoutLine: {'line': b'Copying ../../build/tentacle_description/tentacle_description.egg-info to /home/prithiv/tentacle2/install/tentacle_description/lib/python3.10/site-packages/tentacle_description-0.0.0-py3.10.egg-info\n'}
[1.572271] (tentacle_description) StdoutLine: {'line': b'running install_scripts\n'}
[1.584183] (tentacle_description) StdoutLine: {'line': b"writing list of installed files to '/home/prithiv/tentacle2/build/tentacle_description/install.log'\n"}
[1.595838] (tentacle_description) CommandEnded: {'returncode': 0}
[1.601067] (tentacle_description) JobEnded: {'identifier': 'tentacle_description', 'rc': 0}
[1.601389] (ros_gz_bridge) JobStarted: {'identifier': 'ros_gz_bridge'}
[1.602940] (-) TimerEvent: {}
[1.614060] (ros_gz_bridge) JobProgress: {'identifier': 'ros_gz_bridge', 'progress': 'cmake'}
[1.619313] (ros_gz_bridge) JobProgress: {'identifier': 'ros_gz_bridge', 'progress': 'build'}
[1.619595] (ros_gz_bridge) Command: {'cmd': ['/usr/bin/cmake', '--build', '/home/prithiv/tentacle2/build/ros_gz_bridge', '--', '-j12', '-l12'], 'cwd': '/home/prithiv/tentacle2/build/ros_gz_bridge', 'env': OrderedDict([('GJS_DEBUG_TOPICS', 'JS ERROR;JS LOG'), ('LESSOPEN', '| /usr/bin/lesspipe %s'), ('LANGUAGE', 'en_IN:en'), ('GURUMDDS_HOME', '/usr/share/gurumdds/cmake/../../..'), ('USER', 'prithiv'), ('XDG_SESSION_TYPE', 'x11'), ('SHLVL', '1'), ('LD_LIBRARY_PATH', '/home/prithiv/tentacle2/install/ros_gz_interfaces/lib:/usr/lib/x86_64-linux-gnu/gazebo-11/plugins:/opt/ros/humble/opt/rviz_ogre_vendor/lib:/opt/ros/humble/lib/x86_64-linux-gnu:/usr/share/gurumdds/cmake/../../../lib:/opt/ros/humble/lib'), ('HOME', '/home/prithiv'), ('OLDPWD', '/home/prithiv'), ('DESKTOP_SESSION', 'ubuntu'), ('GIO_LAUNCHED_DESKTOP_FILE', '/usr/share/applications/terminator.desktop'), ('ROS_PYTHON_VERSION', '3'), ('GNOME_SHELL_SESSION_MODE', 'ubuntu'), ('GTK_MODULES', 'gail:atk-bridge'), ('MANAGERPID', '1508'), ('SYSTEMD_EXEC_PID', '1748'), ('DBUS_SESSION_BUS_ADDRESS', 'unix:path=/run/user/1000/bus'), ('COLORTERM', 'truecolor'), ('TERMINATOR_DBUS_NAME', 'net.tenshu.Terminator23558193cd9818af7fe4d2c2f5bd9d00f'), ('GIO_LAUNCHED_DESKTOP_FILE_PID', '3331'), ('ROS_DISTRO', 'humble'), ('GTK_IM_MODULE', 'ibus'), ('LOGNAME', 'prithiv'), ('JOURNAL_STREAM', '8:10944'), ('_', '/usr/bin/colcon'), ('ROS_VERSION', '2'), ('XDG_SESSION_CLASS', 'user'), ('USERNAME', 'prithiv'), ('TERM', 'xterm-256color'), ('GNOME_DESKTOP_SESSION_ID', 'this-is-deprecated'), ('ROS_LOCALHOST_ONLY', '0'), ('WINDOWPATH', '2'), ('PATH', '/opt/ros/humble/bin:/home/prithiv/.local/bin:/usr/local/sbin:/usr/local/bin:/usr/sbin:/usr/bin:/sbin:/bin:/usr/games:/usr/local/games:/snap/bin:/snap/bin'), ('SESSION_MANAGER', 'local/ros:@/tmp/.ICE-unix/1721,unix/ros:/tmp/.ICE-unix/1721'), ('INVOCATION_ID', '6e8b87d95b5c47d0bc1a97101124a42e'), ('XDG_MENU_PREFIX', 'gnome-'), ('XDG_RUNTIME_DIR', '/run/user/1000'), ('DISPLAY', ':1'), ('TERMINATOR_DBUS_PATH', '/net/tenshu/Terminator2'), ('LANG', 'en_US.UTF-8'), ('XDG_CURRENT_DESKTOP', 'ubuntu:GNOME'), ('IBUS_DISABLE_SNOOPER', '1'), ('XMODIFIERS', '@im=ibus'), ('XDG_SESSION_DESKTOP', 'ubuntu'), ('XAUTHORITY', '/run/user/1000/gdm/Xauthority'), ('LS_COLORS', 'rs=0:di=01;34:ln=01;36:mh=00:pi=40;33:so=01;35:do=01;35:bd=40;33;01:cd=40;33;01:or=40;31;01:mi=00:su=37;41:sg=30;43:ca=30;41:tw=30;42:ow=34;42:st=37;44:ex=01;32:*.tar=01;31:*.tgz=01;31:*.arc=01;31:*.arj=01;31:*.taz=01;31:*.lha=01;31:*.lz4=01;31:*.lzh=01;31:*.lzma=01;31:*.tlz=01;31:*.txz=01;31:*.tzo=01;31:*.t7z=01;31:*.zip=01;31:*.z=01;31:*.dz=01;31:*.gz=01;31:*.lrz=01;31:*.lz=01;31:*.lzo=01;31:*.xz=01;31:*.zst=01;31:*.tzst=01;31:*.bz2=01;31:*.bz=01;31:*.tbz=01;31:*.tbz2=01;31:*.tz=01;31:*.deb=01;31:*.rpm=01;31:*.jar=01;31:*.war=01;31:*.ear=01;31:*.sar=01;31:*.rar=01;31:*.alz=01;31:*.ace=01;31:*.zoo=01;31:*.cpio=01;31:*.7z=01;31:*.rz=01;31:*.cab=01;31:*.wim=01;31:*.swm=01;31:*.dwm=01;31:*.esd=01;31:*.jpg=01;35:*.jpeg=01;35:*.mjpg=01;35:*.mjpeg=01;35:*.gif=01;35:*.bmp=01;35:*.pbm=01;35:*.pgm=01;35:*.ppm=01;35:*.tga=01;35:*.xbm=01;35:*.xpm=01;35:*.tif=01;35:*.tiff=01;35:*.png=01;35:*.svg=01;35:*.svgz=01;35:*.mng=01;35:*.pcx=01;35:*.mov=01;35:*.mpg=01;35:*.mpeg=01;35:*.m2v=01;35:*.mkv=01;35:*.webm=01;35:*.webp=01;35:*.ogm=01;35:*.mp4=01;35:*.m4v=01;35:*.mp4v=01;35:*.vob=01;35:*.qt=01;35:*.nuv=01;35:*.wmv=01;35:*.asf=01;35:*.rm=01;35:*.rmvb=01;35:*.flc=01;35:*.avi=01;35:*.fli=01;35:*.flv=01;35:*.gl=01;35:*.dl=01;35:*.xcf=01;35:*.xwd=01;35:*.yuv=01;35:*.cgm=01;35:*.emf=01;35:*.ogv=01;35:*.ogx=01;35:*.aac=00;36:*.au=00;36:*.flac=00;36:*.m4a=00;36:*.mid=00;36:*.midi=00;36:*.mka=00;36:*.mp3=00;36:*.mpc=00;36:*.ogg=00;36:*.ra=00;36:*.wav=00;36:*.oga=00;36:*.opus=00;36:*.spx=00;36:*.xspf=00;36:'), ('SSH_AGENT_LAUNCHER', 'gnome-keyring'), ('SSH_AUTH_SOCK', '/run/user/1000/keyring/ssh'), ('AMENT_PREFIX_PATH', '/home/prithiv/tentacle2/install/ros_gz_interfaces:/opt/ros/humble'), ('SHELL', '/bin/bash'), ('TERMINATOR_UUID', 'urn:uuid:04e28e5c-750b-4283-9f61-28f8f93b58a2'), ('QT_ACCESSIBILITY', '1'), ('GDMSESSION', 'ubuntu'), ('LESSCLOSE', '/usr/bin/lesspipe %s %s'), ('GPG_AGENT_INFO', '/run/user/1000/gnupg/S.gpg-agent:0:1'), ('GJS_DEBUG_OUTPUT', 'stderr'), ('QT_IM_MODULE', 'ibus'), ('PWD', '/home/prithiv/tentacle2/build/ros_gz_bridge'), ('LC_ALL', 'en_US.UTF-8'), ('XDG_CONFIG_DIRS', '/etc/xdg/xdg-ubuntu:/etc/xdg'), ('XDG_DATA_DIRS', '/usr/share/ubuntu:/usr/share/gnome:/usr/local/share/:/usr/share/:/var/lib/snapd/desktop'), ('PYTHONPATH', '/home/prithiv/tentacle2/install/ros_gz_interfaces/local/lib/python3.10/dist-packages:/opt/ros/humble/lib/python3.10/site-packages:/opt/ros/humble/local/lib/python3.10/dist-packages'), ('COLCON', '1'), ('VTE_VERSION', '6800'), ('CMAKE_PREFIX_PATH', '/home/prithiv/tentacle2/install/ros_gz_interfaces:/opt/ros/humble')]), 'shell': False}
[1.703093] (-) TimerEvent: {}
[1.704849] (ros_gz_bridge) StdoutLine: {'line': b'\x1b[35m\x1b[1mConsolidate compiler generated dependencies of target gtest\x1b[0m\n'}
[1.705221] (ros_gz_bridge) StdoutLine: {'line': b'\x1b[35m\x1b[1mConsolidate compiler generated dependencies of target gtest_main\x1b[0m\n'}
[1.706827] (ros_gz_bridge) StdoutLine: {'line': b'\x1b[35m\x1b[1mConsolidate compiler generated dependencies of target bridge_node\x1b[0m\n'}
[1.730647] (ros_gz_bridge) StdoutLine: {'line': b'[  2%] Built target gtest_main\n'}
[1.731347] (ros_gz_bridge) StdoutLine: {'line': b'[  4%] Built target gtest\n'}
[1.742912] (ros_gz_bridge) StdoutLine: {'line': b'[  6%] Built target bridge_node\n'}
[1.753237] (ros_gz_bridge) StdoutLine: {'line': b'\x1b[35m\x1b[1mConsolidate compiler generated dependencies of target test_rcl_interfaces\x1b[0m\n'}
[1.755598] (ros_gz_bridge) StdoutLine: {'line': b'\x1b[35m\x1b[1mConsolidate compiler generated dependencies of target test_utils\x1b[0m\n'}
[1.773281] (ros_gz_bridge) StdoutLine: {'line': b'[  9%] Built target test_rcl_interfaces\n'}
[1.799042] (ros_gz_bridge) StdoutLine: {'line': b'[ 13%] Built target test_utils\n'}
[1.802525] (ros_gz_bridge) StdoutLine: {'line': b'\x1b[35m\x1b[1mConsolidate compiler generated dependencies of target ros_gz_bridge\x1b[0m\n'}
[1.803162] (-) TimerEvent: {}
[1.824682] (ros_gz_bridge) StdoutLine: {'line': b'\x1b[35m\x1b[1mConsolidate compiler generated dependencies of target test_gz_server\x1b[0m\n'}
[1.825198] (ros_gz_bridge) StdoutLine: {'line': b'\x1b[35m\x1b[1mConsolidate compiler generated dependencies of target test_ros_client\x1b[0m\n'}
[1.825493] (ros_gz_bridge) StdoutLine: {'line': b'\x1b[35m\x1b[1mConsolidate compiler generated dependencies of target test_gz_publisher\x1b[0m\n'}
[1.840544] (ros_gz_bridge) StdoutLine: {'line': b'[ 14%] \x1b[32mBuilding CXX object CMakeFiles/test_gz_subscriber.dir/generated/test/gz_subscriber.cpp.o\x1b[0m\n'}
[1.842465] (ros_gz_bridge) StdoutLine: {'line': b'[ 15%] \x1b[32mBuilding CXX object CMakeFiles/test_ros_publisher.dir/generated/test/ros_publisher.cpp.o\x1b[0m\n'}
[1.847482] (ros_gz_bridge) StdoutLine: {'line': b'[ 17%] Built target test_ros_client\n'}
[1.850999] (ros_gz_bridge) StdoutLine: {'line': b'[ 18%] \x1b[32mBuilding CXX object CMakeFiles/test_ros_subscriber.dir/test/subscribers/ros_subscriber.cpp.o\x1b[0m\n'}
[1.851650] (ros_gz_bridge) StdoutLine: {'line': b'[ 20%] Built target test_gz_server\n'}
[1.851876] (ros_gz_bridge) StdoutLine: {'line': b'[ 24%] Built target test_gz_publisher\n'}
[1.852336] (ros_gz_bridge) StdoutLine: {'line': b'[ 25%] \x1b[32mBuilding CXX object CMakeFiles/test_ros_subscriber.dir/generated/test/actuator_msgs_subscriber.cpp.o\x1b[0m\n'}
[1.852652] (ros_gz_bridge) StdoutLine: {'line': b'[ 26%] \x1b[32mBuilding CXX object CMakeFiles/test_ros_subscriber.dir/generated/test/nav_msgs_subscriber.cpp.o\x1b[0m\n'}
[1.852897] (ros_gz_bridge) StdoutLine: {'line': b'[ 27%] \x1b[32mBuilding CXX object CMakeFiles/test_ros_subscriber.dir/generated/test/builtin_interfaces_subscriber.cpp.o\x1b[0m\n'}
[1.853254] (ros_gz_bridge) StdoutLine: {'line': b'[ 28%] \x1b[32mBuilding CXX object CMakeFiles/test_ros_subscriber.dir/generated/test/geometry_msgs_subscriber.cpp.o\x1b[0m\n'}
[1.853407] (ros_gz_bridge) StdoutLine: {'line': b'[ 29%] \x1b[32mBuilding CXX object CMakeFiles/test_ros_subscriber.dir/generated/test/gps_msgs_subscriber.cpp.o\x1b[0m\n'}
[1.855356] (ros_gz_bridge) StdoutLine: {'line': b'[ 30%] \x1b[32mBuilding CXX object CMakeFiles/test_ros_subscriber.dir/generated/test/rcl_interfaces_subscriber.cpp.o\x1b[0m\n'}
[1.857560] (ros_gz_bridge) StdoutLine: {'line': b'[ 32%] \x1b[32mBuilding CXX object CMakeFiles/test_ros_subscriber.dir/generated/test/rosgraph_msgs_subscriber.cpp.o\x1b[0m\n'}
[1.857662] (ros_gz_bridge) StdoutLine: {'line': b'[ 32%] \x1b[32mBuilding CXX object CMakeFiles/test_ros_subscriber.dir/generated/test/ros_gz_interfaces_subscriber.cpp.o\x1b[0m\n'}
[1.888049] (ros_gz_bridge) StdoutLine: {'line': b'[ 34%] \x1b[32mBuilding CXX object CMakeFiles/ros_gz_bridge.dir/generated/factories/geometry_msgs.cpp.o\x1b[0m\n'}
[1.903285] (-) TimerEvent: {}
[2.004160] (-) TimerEvent: {}
[2.104687] (-) TimerEvent: {}
[2.204903] (-) TimerEvent: {}
[2.305134] (-) TimerEvent: {}
[2.405974] (-) TimerEvent: {}
[2.506765] (-) TimerEvent: {}
[2.607727] (-) TimerEvent: {}
[2.710560] (-) TimerEvent: {}
[2.811114] (-) TimerEvent: {}
[2.914582] (-) TimerEvent: {}
[3.016618] (-) TimerEvent: {}
[3.117454] (-) TimerEvent: {}
[3.218028] (-) TimerEvent: {}
[3.318281] (-) TimerEvent: {}
[3.418523] (-) TimerEvent: {}
[3.520563] (-) TimerEvent: {}
[3.621082] (-) TimerEvent: {}
[3.721656] (-) TimerEvent: {}
[3.824512] (-) TimerEvent: {}
[3.924911] (-) TimerEvent: {}
[4.025434] (-) TimerEvent: {}
[4.125962] (-) TimerEvent: {}
[4.226474] (-) TimerEvent: {}
[4.329544] (-) TimerEvent: {}
[4.430090] (-) TimerEvent: {}
[4.530718] (-) TimerEvent: {}
[4.631190] (-) TimerEvent: {}
[4.731841] (-) TimerEvent: {}
[4.834783] (-) TimerEvent: {}
[4.935289] (-) TimerEvent: {}
[5.035842] (-) TimerEvent: {}
[5.136322] (-) TimerEvent: {}
[5.236851] (-) TimerEvent: {}
[5.340772] (-) TimerEvent: {}
[5.441266] (-) TimerEvent: {}
[5.541752] (-) TimerEvent: {}
[5.642223] (-) TimerEvent: {}
[5.742695] (-) TimerEvent: {}
[5.843287] (-) TimerEvent: {}
[5.943792] (-) TimerEvent: {}
[6.046727] (-) TimerEvent: {}
[6.147186] (-) TimerEvent: {}
[6.247646] (-) TimerEvent: {}
[6.348090] (-) TimerEvent: {}
[6.448568] (-) TimerEvent: {}
[6.549073] (-) TimerEvent: {}
[6.650716] (-) TimerEvent: {}
[6.751272] (-) TimerEvent: {}
[6.854782] (-) TimerEvent: {}
[6.955333] (-) TimerEvent: {}
[7.055818] (-) TimerEvent: {}
[7.156312] (-) TimerEvent: {}
[7.256794] (-) TimerEvent: {}
[7.357287] (-) TimerEvent: {}
[7.457774] (-) TimerEvent: {}
[7.561559] (-) TimerEvent: {}
[7.662149] (-) TimerEvent: {}
[7.762650] (-) TimerEvent: {}
[7.863164] (-) TimerEvent: {}
[7.963685] (-) TimerEvent: {}
[8.064330] (-) TimerEvent: {}
[8.167550] (-) TimerEvent: {}
[8.268066] (-) TimerEvent: {}
[8.368578] (-) TimerEvent: {}
[8.469108] (-) TimerEvent: {}
[8.569665] (-) TimerEvent: {}
[8.670208] (-) TimerEvent: {}
[8.773806] (-) TimerEvent: {}
[8.874401] (-) TimerEvent: {}
[8.974900] (-) TimerEvent: {}
[9.075409] (-) TimerEvent: {}
[9.175932] (-) TimerEvent: {}
[9.276462] (-) TimerEvent: {}
[9.379561] (-) TimerEvent: {}
[9.480082] (-) TimerEvent: {}
[9.580581] (-) TimerEvent: {}
[9.681139] (-) TimerEvent: {}
[9.781669] (-) TimerEvent: {}
[9.884538] (-) TimerEvent: {}
[9.985014] (-) TimerEvent: {}
[10.085477] (-) TimerEvent: {}
[10.185978] (-) TimerEvent: {}
[10.286466] (-) TimerEvent: {}
[10.386910] (-) TimerEvent: {}
[10.490545] (-) TimerEvent: {}
[10.591064] (-) TimerEvent: {}
[10.691526] (-) TimerEvent: {}
[10.792017] (-) TimerEvent: {}
[10.892463] (-) TimerEvent: {}
[10.992888] (-) TimerEvent: {}
[11.093338] (-) TimerEvent: {}
[11.194524] (-) TimerEvent: {}
[11.294934] (-) TimerEvent: {}
[11.398530] (-) TimerEvent: {}
[11.499005] (-) TimerEvent: {}
[11.599509] (-) TimerEvent: {}
[11.700000] (-) TimerEvent: {}
[11.800476] (-) TimerEvent: {}
[11.900945] (-) TimerEvent: {}
[12.001380] (-) TimerEvent: {}
[12.101840] (-) TimerEvent: {}
[12.205532] (-) TimerEvent: {}
[12.306028] (-) TimerEvent: {}
[12.406521] (-) TimerEvent: {}
[12.506987] (-) TimerEvent: {}
[12.607447] (-) TimerEvent: {}
[12.707875] (-) TimerEvent: {}
[12.808275] (-) TimerEvent: {}
[12.908688] (-) TimerEvent: {}
[13.009520] (-) TimerEvent: {}
[13.113522] (-) TimerEvent: {}
[13.213965] (-) TimerEvent: {}
[13.314434] (-) TimerEvent: {}
[13.414935] (-) TimerEvent: {}
[13.515454] (-) TimerEvent: {}
[13.615948] (-) TimerEvent: {}
[13.715625] (ros_gz_bridge) StdoutLine: {'line': b'[ 35%] \x1b[32mBuilding CXX object CMakeFiles/test_ros_subscriber.dir/generated/test/sensor_msgs_subscriber.cpp.o\x1b[0m\n'}
[13.716007] (-) TimerEvent: {}
[13.816341] (-) TimerEvent: {}
[13.919515] (-) TimerEvent: {}
[14.019957] (-) TimerEvent: {}
[14.120449] (-) TimerEvent: {}
[14.220928] (-) TimerEvent: {}
[14.321387] (-) TimerEvent: {}
[14.421868] (-) TimerEvent: {}
[14.522324] (-) TimerEvent: {}
[14.626532] (-) TimerEvent: {}
[14.726994] (-) TimerEvent: {}
[14.827447] (-) TimerEvent: {}
[14.927894] (-) TimerEvent: {}
[15.028355] (-) TimerEvent: {}
[15.128821] (-) TimerEvent: {}
[15.229351] (-) TimerEvent: {}
[15.329862] (-) TimerEvent: {}
[15.433529] (-) TimerEvent: {}
[15.533967] (-) TimerEvent: {}
[15.634451] (-) TimerEvent: {}
[15.734883] (-) TimerEvent: {}
[15.835382] (-) TimerEvent: {}
[15.935923] (-) TimerEvent: {}
[16.036454] (-) TimerEvent: {}
[16.136970] (-) TimerEvent: {}
[16.240549] (-) TimerEvent: {}
[16.341058] (-) TimerEvent: {}
[16.441617] (-) TimerEvent: {}
[16.542080] (-) TimerEvent: {}
[16.642523] (-) TimerEvent: {}
[16.742908] (-) TimerEvent: {}
[16.843297] (-) TimerEvent: {}
[16.946496] (-) TimerEvent: {}
[17.046824] (-) TimerEvent: {}
[17.147181] (-) TimerEvent: {}
[17.247509] (-) TimerEvent: {}
[17.347864] (-) TimerEvent: {}
[17.448207] (-) TimerEvent: {}
[17.548490] (-) TimerEvent: {}
[17.648808] (-) TimerEvent: {}
[17.749157] (-) TimerEvent: {}
[17.849523] (-) TimerEvent: {}
[17.951497] (-) TimerEvent: {}
[18.051849] (-) TimerEvent: {}
[18.152178] (-) TimerEvent: {}
[18.252502] (-) TimerEvent: {}
[18.352843] (-) TimerEvent: {}
[18.453502] (-) TimerEvent: {}
[18.556510] (-) TimerEvent: {}
[18.656949] (-) TimerEvent: {}
[18.757348] (-) TimerEvent: {}
[18.857737] (-) TimerEvent: {}
[18.958114] (-) TimerEvent: {}
[19.058493] (-) TimerEvent: {}
[19.158875] (-) TimerEvent: {}
[19.259268] (-) TimerEvent: {}
[19.361505] (-) TimerEvent: {}
[19.461909] (-) TimerEvent: {}
[19.562330] (-) TimerEvent: {}
[19.662746] (-) TimerEvent: {}
[19.763137] (-) TimerEvent: {}
[19.863640] (-) TimerEvent: {}
[19.964056] (-) TimerEvent: {}
[20.064427] (-) TimerEvent: {}
[20.164778] (-) TimerEvent: {}
[20.265178] (-) TimerEvent: {}
[20.368600] (-) TimerEvent: {}
[20.469080] (-) TimerEvent: {}
[20.569756] (-) TimerEvent: {}
[20.670270] (-) TimerEvent: {}
[20.752993] (ros_gz_bridge) StdoutLine: {'line': b'[ 36%] \x1b[32mBuilding CXX object CMakeFiles/ros_gz_bridge.dir/generated/factories/ros_gz_interfaces.cpp.o\x1b[0m\n'}
[20.770460] (-) TimerEvent: {}
[20.871067] (-) TimerEvent: {}
[20.975550] (-) TimerEvent: {}
[21.076064] (-) TimerEvent: {}
[21.176573] (-) TimerEvent: {}
[21.208500] (ros_gz_bridge) StdoutLine: {'line': b'[ 37%] \x1b[32mBuilding CXX object CMakeFiles/ros_gz_bridge.dir/generated/factories/sensor_msgs.cpp.o\x1b[0m\n'}
[21.273977] (ros_gz_bridge) StdoutLine: {'line': b'[ 38%] \x1b[32mBuilding CXX object CMakeFiles/ros_gz_bridge.dir/generated/factories/std_msgs.cpp.o\x1b[0m\n'}
[21.276728] (-) TimerEvent: {}
[21.284750] (ros_gz_bridge) StdoutLine: {'line': b'[ 39%] \x1b[32mBuilding CXX object CMakeFiles/test_ros_subscriber.dir/generated/test/std_msgs_subscriber.cpp.o\x1b[0m\n'}
[21.315650] (ros_gz_bridge) StdoutLine: {'line': b'[ 40%] \x1b[32mBuilding CXX object CMakeFiles/test_ros_subscriber.dir/generated/test/tf2_msgs_subscriber.cpp.o\x1b[0m\n'}
[21.345599] (ros_gz_bridge) StdoutLine: {'line': b'[ 41%] \x1b[32mBuilding CXX object CMakeFiles/test_ros_subscriber.dir/generated/test/trajectory_msgs_subscriber.cpp.o\x1b[0m\n'}
[21.376876] (-) TimerEvent: {}
[21.477305] (-) TimerEvent: {}
[21.577921] (-) TimerEvent: {}
[21.679732] (-) TimerEvent: {}
[21.780155] (-) TimerEvent: {}
[21.880601] (-) TimerEvent: {}
[21.983546] (-) TimerEvent: {}
[22.083969] (-) TimerEvent: {}
[22.184398] (-) TimerEvent: {}
[22.284860] (-) TimerEvent: {}
[22.385239] (-) TimerEvent: {}
[22.485673] (-) TimerEvent: {}
[22.586111] (-) TimerEvent: {}
[22.690538] (-) TimerEvent: {}
[22.790949] (-) TimerEvent: {}
[22.891403] (-) TimerEvent: {}
[22.991844] (-) TimerEvent: {}
[23.092273] (-) TimerEvent: {}
[23.192708] (-) TimerEvent: {}
[23.293112] (-) TimerEvent: {}
[23.393535] (-) TimerEvent: {}
[23.493974] (-) TimerEvent: {}
[23.594410] (-) TimerEvent: {}
[23.696536] (-) TimerEvent: {}
[23.797004] (-) TimerEvent: {}
[23.897442] (-) TimerEvent: {}
[23.997915] (-) TimerEvent: {}
[24.099531] (-) TimerEvent: {}
[24.199948] (-) TimerEvent: {}
[24.302454] (-) TimerEvent: {}
[24.406540] (-) TimerEvent: {}
[24.507027] (-) TimerEvent: {}
[24.607515] (-) TimerEvent: {}
[24.707976] (-) TimerEvent: {}
[24.808492] (-) TimerEvent: {}
[24.908911] (-) TimerEvent: {}
[25.009303] (-) TimerEvent: {}
[25.109726] (-) TimerEvent: {}
[25.210130] (-) TimerEvent: {}
[25.312537] (-) TimerEvent: {}
[25.412984] (-) TimerEvent: {}
[25.513416] (-) TimerEvent: {}
[25.613831] (-) TimerEvent: {}
[25.714249] (-) TimerEvent: {}
[25.815323] (-) TimerEvent: {}
[25.915745] (-) TimerEvent: {}
[26.017690] (-) TimerEvent: {}
[26.118252] (-) TimerEvent: {}
[26.218814] (-) TimerEvent: {}
[26.319310] (-) TimerEvent: {}
[26.423540] (-) TimerEvent: {}
[26.524021] (-) TimerEvent: {}
[26.624509] (-) TimerEvent: {}
[26.724958] (-) TimerEvent: {}
[26.825459] (-) TimerEvent: {}
[26.925932] (-) TimerEvent: {}
[27.026346] (-) TimerEvent: {}
[27.126839] (-) TimerEvent: {}
[27.221956] (ros_gz_bridge) StdoutLine: {'line': b'[ 42%] \x1b[32m\x1b[1mLinking CXX executable test_gz_subscriber\x1b[0m\n'}
[27.226989] (-) TimerEvent: {}
[27.327498] (-) TimerEvent: {}
[27.427980] (-) TimerEvent: {}
[27.528434] (-) TimerEvent: {}
[27.628891] (-) TimerEvent: {}
[27.730552] (-) TimerEvent: {}
[27.833572] (-) TimerEvent: {}
[27.934187] (-) TimerEvent: {}
[28.038388] (-) TimerEvent: {}
[28.139037] (-) TimerEvent: {}
[28.240543] (-) TimerEvent: {}
[28.343827] (-) TimerEvent: {}
[28.445855] (-) TimerEvent: {}
[28.546440] (-) TimerEvent: {}
[28.647059] (-) TimerEvent: {}
[28.750658] (-) TimerEvent: {}
[28.851150] (-) TimerEvent: {}
[28.951574] (-) TimerEvent: {}
[29.052122] (-) TimerEvent: {}
[29.152596] (-) TimerEvent: {}
[29.254411] (-) TimerEvent: {}
[29.356532] (-) TimerEvent: {}
[29.457066] (-) TimerEvent: {}
[29.557746] (-) TimerEvent: {}
[29.660541] (-) TimerEvent: {}
[29.761006] (-) TimerEvent: {}
[29.861449] (-) TimerEvent: {}
[29.961909] (-) TimerEvent: {}
[30.062343] (-) TimerEvent: {}
[30.162810] (-) TimerEvent: {}
[30.264756] (-) TimerEvent: {}
[30.373011] (-) TimerEvent: {}
[30.475718] (-) TimerEvent: {}
[30.576215] (-) TimerEvent: {}
[30.679535] (-) TimerEvent: {}
[30.779981] (-) TimerEvent: {}
[30.880418] (-) TimerEvent: {}
[30.980854] (-) TimerEvent: {}
[31.029894] (ros_gz_bridge) StdoutLine: {'line': b'[ 43%] Built target test_gz_subscriber\n'}
[31.041065] (ros_gz_bridge) StdoutLine: {'line': b'[ 45%] \x1b[32mBuilding CXX object CMakeFiles/test_ros_subscriber.dir/generated/test/vision_msgs_subscriber.cpp.o\x1b[0m\n'}
[31.080999] (-) TimerEvent: {}
[31.184539] (-) TimerEvent: {}
[31.284974] (-) TimerEvent: {}
[31.385380] (-) TimerEvent: {}
[31.485790] (-) TimerEvent: {}
[31.586798] (-) TimerEvent: {}
[31.687253] (-) TimerEvent: {}
[31.787706] (-) TimerEvent: {}
[31.888149] (-) TimerEvent: {}
[31.990405] (-) TimerEvent: {}
[32.091183] (-) TimerEvent: {}
[32.192417] (-) TimerEvent: {}
[32.292814] (-) TimerEvent: {}
[32.393517] (-) TimerEvent: {}
[32.499037] (-) TimerEvent: {}
[32.599474] (-) TimerEvent: {}
[32.699902] (-) TimerEvent: {}
[32.800429] (-) TimerEvent: {}
[32.900938] (-) TimerEvent: {}
[33.001385] (-) TimerEvent: {}
[33.101809] (-) TimerEvent: {}
[33.203527] (-) TimerEvent: {}
[33.303953] (-) TimerEvent: {}
[33.419016] (-) TimerEvent: {}
[33.521529] (-) TimerEvent: {}
[33.622072] (-) TimerEvent: {}
[33.722659] (-) TimerEvent: {}
[33.823303] (-) TimerEvent: {}
[33.924000] (-) TimerEvent: {}
[34.025545] (-) TimerEvent: {}
[34.125993] (-) TimerEvent: {}
[34.226392] (-) TimerEvent: {}
[34.326781] (-) TimerEvent: {}
[34.427198] (-) TimerEvent: {}
[34.527526] (-) TimerEvent: {}
[34.627953] (-) TimerEvent: {}
[34.728366] (-) TimerEvent: {}
[34.828609] (-) TimerEvent: {}
[34.928872] (-) TimerEvent: {}
[35.029068] (-) TimerEvent: {}
[35.129315] (-) TimerEvent: {}
[35.229907] (-) TimerEvent: {}
[35.330436] (-) TimerEvent: {}
[35.432067] (-) TimerEvent: {}
[35.533289] (-) TimerEvent: {}
[35.635046] (-) TimerEvent: {}
[35.735417] (-) TimerEvent: {}
[35.835835] (-) TimerEvent: {}
[35.936178] (-) TimerEvent: {}
[36.036530] (-) TimerEvent: {}
[36.136964] (-) TimerEvent: {}
[36.237226] (-) TimerEvent: {}
[36.337513] (-) TimerEvent: {}
[36.438947] (-) TimerEvent: {}
[36.540513] (-) TimerEvent: {}
[36.640921] (-) TimerEvent: {}
[36.741472] (-) TimerEvent: {}
[36.841847] (-) TimerEvent: {}
[36.944685] (-) TimerEvent: {}
[37.044981] (-) TimerEvent: {}
[37.145361] (-) TimerEvent: {}
[37.245759] (-) TimerEvent: {}
[37.347549] (-) TimerEvent: {}
[37.447919] (-) TimerEvent: {}
[37.548326] (-) TimerEvent: {}
[37.651728] (-) TimerEvent: {}
[37.756275] (-) TimerEvent: {}
[37.858522] (-) TimerEvent: {}
[37.958899] (-) TimerEvent: {}
[38.059308] (-) TimerEvent: {}
[38.159772] (-) TimerEvent: {}
[38.260175] (-) TimerEvent: {}
[38.360514] (-) TimerEvent: {}
[38.460847] (-) TimerEvent: {}
[38.561216] (-) TimerEvent: {}
[38.661579] (-) TimerEvent: {}
[38.761895] (-) TimerEvent: {}
[38.862203] (-) TimerEvent: {}
[38.963348] (-) TimerEvent: {}
[39.063759] (-) TimerEvent: {}
[39.164106] (-) TimerEvent: {}
[39.264456] (-) TimerEvent: {}
[39.364763] (-) TimerEvent: {}
[39.465084] (-) TimerEvent: {}
[39.566105] (-) TimerEvent: {}
[39.666892] (-) TimerEvent: {}
[39.767315] (-) TimerEvent: {}
[39.869575] (-) TimerEvent: {}
[39.971077] (-) TimerEvent: {}
[40.071595] (-) TimerEvent: {}
[40.172013] (-) TimerEvent: {}
[40.272598] (-) TimerEvent: {}
[40.372975] (-) TimerEvent: {}
[40.463242] (ros_gz_bridge) StdoutLine: {'line': b'[ 46%] \x1b[32mBuilding CXX object CMakeFiles/ros_gz_bridge.dir/generated/factories/vision_msgs.cpp.o\x1b[0m\n'}
[40.476703] (-) TimerEvent: {}
[40.577208] (-) TimerEvent: {}
[40.677617] (-) TimerEvent: {}
[40.777966] (-) TimerEvent: {}
[40.878272] (-) TimerEvent: {}
[40.978607] (-) TimerEvent: {}
[41.078920] (-) TimerEvent: {}
[41.179280] (-) TimerEvent: {}
[41.279726] (-) TimerEvent: {}
[41.380174] (-) TimerEvent: {}
[41.480538] (-) TimerEvent: {}
[41.581014] (-) TimerEvent: {}
[41.681379] (-) TimerEvent: {}
[41.781697] (-) TimerEvent: {}
[41.881993] (-) TimerEvent: {}
[41.982302] (-) TimerEvent: {}
[42.082673] (-) TimerEvent: {}
[42.182978] (-) TimerEvent: {}
[42.283372] (-) TimerEvent: {}
[42.383707] (-) TimerEvent: {}
[42.484045] (-) TimerEvent: {}
[42.584450] (-) TimerEvent: {}
[42.684798] (-) TimerEvent: {}
[42.785153] (-) TimerEvent: {}
[42.885672] (-) TimerEvent: {}
[42.986099] (-) TimerEvent: {}
[43.086515] (-) TimerEvent: {}
[43.186946] (-) TimerEvent: {}
[43.366929] (-) TimerEvent: {}
[56.364809] (-) TimerEvent: {}
