[0.006s] Invoking command in '/home/prithiv/tentacle2/build/ros_ign_interfaces': AMENT_PREFIX_PATH=/home/prithiv/tentacle2/install/ros_gz_interfaces:${AMENT_PREFIX_PATH} CMAKE_PREFIX_PATH=/home/prithiv/tentacle2/install/ros_gz_interfaces:/home/prithiv/tentacle2/install/tentacle_controller:/home/prithiv/tentacle2/install/tentacle_description:/opt/ros/humble LD_LIBRARY_PATH=/home/prithiv/tentacle2/install/ros_gz_interfaces/lib:/usr/lib/x86_64-linux-gnu/gazebo-11/plugins:/opt/ros/humble/opt/rviz_ogre_vendor/lib:/opt/ros/humble/lib/x86_64-linux-gnu:/usr/share/gurumdds/cmake/../../../lib:/opt/ros/humble/lib:/usr/lib/x86_64-linux-gnu/gazebo-11/plugins PYTHONPATH=/home/prithiv/tentacle2/install/ros_gz_interfaces/local/lib/python3.10/dist-packages:${PYTHONPATH} /usr/bin/cmake /home/prithiv/tentacle2/src/ros_ign/ros_ign_interfaces -DCMAKE_INSTALL_PREFIX=/home/prithiv/tentacle2/install/ros_ign_interfaces
[0.039s] -- The C compiler identification is GNU 11.4.0
[0.074s] -- The CXX compiler identification is GNU 11.4.0
[0.079s] -- Detecting C compiler ABI info
[0.124s] -- Detecting C compiler ABI info - done
[0.131s] -- Check for working C compiler: /usr/bin/cc - skipped
[0.131s] -- Detecting C compile features
[0.132s] -- Detecting C compile features - done
[0.135s] -- Detecting CXX compiler ABI info
[0.188s] -- Detecting CXX compiler ABI info - done
[0.193s] -- Check for working CXX compiler: /usr/bin/c++ - skipped
[0.193s] -- Detecting CXX compile features
[0.194s] -- Detecting CXX compile features - done
[0.196s] -- Found ament_cmake: 1.3.11 (/opt/ros/humble/share/ament_cmake/cmake)
[0.295s] -- Found Python3: /usr/bin/python3 (found version "3.10.12") found components: Interpreter 
[0.368s] -- Found builtin_interfaces: 1.2.1 (/opt/ros/humble/share/builtin_interfaces/cmake)
[0.402s] -- Found rosidl_generator_c: 3.1.6 (/opt/ros/humble/share/rosidl_generator_c/cmake)
[0.407s] -- Found rosidl_adapter: 3.1.6 (/opt/ros/humble/share/rosidl_adapter/cmake)
[0.415s] -- Found rosidl_generator_cpp: 3.1.6 (/opt/ros/humble/share/rosidl_generator_cpp/cmake)
[0.423s] -- Using all available rosidl_typesupport_c: rosidl_typesupport_fastrtps_c;rosidl_typesupport_introspection_c
[0.434s] -- Using all available rosidl_typesupport_cpp: rosidl_typesupport_fastrtps_cpp;rosidl_typesupport_introspection_cpp
[0.445s] -- Found std_msgs: 4.8.0 (/opt/ros/humble/share/std_msgs/cmake)
[0.453s] -- Found geometry_msgs: 4.8.0 (/opt/ros/humble/share/geometry_msgs/cmake)
[0.460s] -- Found ros_gz_interfaces: 0.244.16 (/home/prithiv/tentacle2/install/ros_gz_interfaces/share/ros_gz_interfaces/cmake)
[0.481s] -- Found rosidl_default_generators: 1.2.0 (/opt/ros/humble/share/rosidl_default_generators/cmake)
[0.780s] -- Found ament_cmake_cppcheck: 0.12.12 (/opt/ros/humble/share/ament_cmake_cppcheck/cmake)
[0.782s] -- Found ament_cmake_cpplint: 0.12.12 (/opt/ros/humble/share/ament_cmake_cpplint/cmake)
[0.785s] -- Found ament_cmake_uncrustify: 0.12.12 (/opt/ros/humble/share/ament_cmake_uncrustify/cmake)
[0.788s] -- Found ament_cmake_ros: 0.10.0 (/opt/ros/humble/share/ament_cmake_ros/cmake)
[1.190s] -- Using all available rosidl_typesupport_c: rosidl_typesupport_fastrtps_c;rosidl_typesupport_introspection_c
[1.342s] -- Using all available rosidl_typesupport_cpp: rosidl_typesupport_fastrtps_cpp;rosidl_typesupport_introspection_cpp
[1.357s] -- Found PythonInterp: /usr/bin/python3 (found suitable version "3.10.12", minimum required is "3.6") 
[1.359s] -- Found python_cmake_module: 0.10.0 (/opt/ros/humble/share/python_cmake_module/cmake)
[1.376s] -- Found PythonLibs: /usr/lib/x86_64-linux-gnu/libpython3.10.so (found suitable version "3.10.12", minimum required is "3.5") 
[1.376s] -- Using PYTHON_EXECUTABLE: /usr/bin/python3
[1.376s] -- Using PYTHON_INCLUDE_DIRS: /usr/include/python3.10
[1.376s] -- Using PYTHON_LIBRARIES: /usr/lib/x86_64-linux-gnu/libpython3.10.so
[1.390s] -- Found PythonExtra: .so  
[1.440s] -- Found ament_cmake_flake8: 0.12.12 (/opt/ros/humble/share/ament_cmake_flake8/cmake)
[1.442s] -- Found ament_cmake_pep257: 0.12.12 (/opt/ros/humble/share/ament_cmake_pep257/cmake)
[1.446s] -- Configuring done
[1.490s] -- Generating done
[1.500s] -- Build files have been written to: /home/prithiv/tentacle2/build/ros_ign_interfaces
[1.506s] Invoked command in '/home/prithiv/tentacle2/build/ros_ign_interfaces' returned '0': AMENT_PREFIX_PATH=/home/prithiv/tentacle2/install/ros_gz_interfaces:${AMENT_PREFIX_PATH} CMAKE_PREFIX_PATH=/home/prithiv/tentacle2/install/ros_gz_interfaces:/home/prithiv/tentacle2/install/tentacle_controller:/home/prithiv/tentacle2/install/tentacle_description:/opt/ros/humble LD_LIBRARY_PATH=/home/prithiv/tentacle2/install/ros_gz_interfaces/lib:/usr/lib/x86_64-linux-gnu/gazebo-11/plugins:/opt/ros/humble/opt/rviz_ogre_vendor/lib:/opt/ros/humble/lib/x86_64-linux-gnu:/usr/share/gurumdds/cmake/../../../lib:/opt/ros/humble/lib:/usr/lib/x86_64-linux-gnu/gazebo-11/plugins PYTHONPATH=/home/prithiv/tentacle2/install/ros_gz_interfaces/local/lib/python3.10/dist-packages:${PYTHONPATH} /usr/bin/cmake /home/prithiv/tentacle2/src/ros_ign/ros_ign_interfaces -DCMAKE_INSTALL_PREFIX=/home/prithiv/tentacle2/install/ros_ign_interfaces
[1.507s] Invoking command in '/home/prithiv/tentacle2/build/ros_ign_interfaces': AMENT_PREFIX_PATH=/home/prithiv/tentacle2/install/ros_gz_interfaces:${AMENT_PREFIX_PATH} CMAKE_PREFIX_PATH=/home/prithiv/tentacle2/install/ros_gz_interfaces:/home/prithiv/tentacle2/install/tentacle_controller:/home/prithiv/tentacle2/install/tentacle_description:/opt/ros/humble LD_LIBRARY_PATH=/home/prithiv/tentacle2/install/ros_gz_interfaces/lib:/usr/lib/x86_64-linux-gnu/gazebo-11/plugins:/opt/ros/humble/opt/rviz_ogre_vendor/lib:/opt/ros/humble/lib/x86_64-linux-gnu:/usr/share/gurumdds/cmake/../../../lib:/opt/ros/humble/lib:/usr/lib/x86_64-linux-gnu/gazebo-11/plugins PYTHONPATH=/home/prithiv/tentacle2/install/ros_gz_interfaces/local/lib/python3.10/dist-packages:${PYTHONPATH} /usr/bin/cmake --build /home/prithiv/tentacle2/build/ros_ign_interfaces -- -j12 -l12
[1.533s] [  0%] [34m[1mGenerating C code for ROS interfaces[0m
[1.540s] [  0%] [34m[1mGenerating C++ code for ROS interfaces[0m
[1.545s] [  0%] Built target ament_cmake_python_copy_ros_ign_interfaces
[1.700s] running egg_info
[1.700s] creating ros_ign_interfaces.egg-info
[1.700s] writing ros_ign_interfaces.egg-info/PKG-INFO
[1.700s] writing dependency_links to ros_ign_interfaces.egg-info/dependency_links.txt
[1.700s] writing top-level names to ros_ign_interfaces.egg-info/top_level.txt
[1.700s] writing manifest file 'ros_ign_interfaces.egg-info/SOURCES.txt'
[1.702s] reading manifest file 'ros_ign_interfaces.egg-info/SOURCES.txt'
[1.703s] writing manifest file 'ros_ign_interfaces.egg-info/SOURCES.txt'
[1.720s] [  0%] Built target ament_cmake_python_build_ros_ign_interfaces_egg
[3.459s] [  0%] Built target ros_ign_interfaces__cpp
[3.482s] [  1%] [34m[1mGenerating C++ type support dispatch for ROS interfaces[0m
[3.485s] [  2%] [34m[1mGenerating C++ type support for eProsima Fast-RTPS[0m
[3.534s] [  2%] [34m[1mGenerating C++ introspection for ROS interfaces[0m
[4.499s] [  3%] [32mBuilding C object CMakeFiles/ros_ign_interfaces__rosidl_generator_c.dir/rosidl_generator_c/ros_ign_interfaces/msg/detail/contact__functions.c.o[0m
[4.500s] [  5%] [32mBuilding C object CMakeFiles/ros_ign_interfaces__rosidl_generator_c.dir/rosidl_generator_c/ros_ign_interfaces/msg/detail/contacts__functions.c.o[0m
[4.501s] [  5%] [32mBuilding C object CMakeFiles/ros_ign_interfaces__rosidl_generator_c.dir/rosidl_generator_c/ros_ign_interfaces/msg/detail/entity_factory__functions.c.o[0m
[4.501s] [  5%] [32mBuilding C object CMakeFiles/ros_ign_interfaces__rosidl_generator_c.dir/rosidl_generator_c/ros_ign_interfaces/msg/detail/entity__functions.c.o[0m
[4.517s] [  5%] [32mBuilding C object CMakeFiles/ros_ign_interfaces__rosidl_generator_c.dir/rosidl_generator_c/ros_ign_interfaces/msg/detail/joint_wrench__functions.c.o[0m
[4.519s] [  6%] [32mBuilding C object CMakeFiles/ros_ign_interfaces__rosidl_generator_c.dir/rosidl_generator_c/ros_ign_interfaces/msg/detail/gui_camera__functions.c.o[0m
[4.528s] [  6%] [32mBuilding C object CMakeFiles/ros_ign_interfaces__rosidl_generator_c.dir/rosidl_generator_c/ros_ign_interfaces/msg/detail/track_visual__functions.c.o[0m
[4.529s] [  8%] [32mBuilding C object CMakeFiles/ros_ign_interfaces__rosidl_generator_c.dir/rosidl_generator_c/ros_ign_interfaces/msg/detail/string_vec__functions.c.o[0m
[4.535s] [  7%] [32mBuilding C object CMakeFiles/ros_ign_interfaces__rosidl_generator_c.dir/rosidl_generator_c/ros_ign_interfaces/msg/detail/light__functions.c.o[0m
[4.584s] [  9%] [32mBuilding C object CMakeFiles/ros_ign_interfaces__rosidl_generator_c.dir/rosidl_generator_c/ros_ign_interfaces/msg/detail/video_record__functions.c.o[0m
[4.627s] [ 10%] [32mBuilding C object CMakeFiles/ros_ign_interfaces__rosidl_generator_c.dir/rosidl_generator_c/ros_ign_interfaces/msg/detail/world_control__functions.c.o[0m
[4.649s] [ 11%] [32mBuilding C object CMakeFiles/ros_ign_interfaces__rosidl_generator_c.dir/rosidl_generator_c/ros_ign_interfaces/srv/detail/control_world__functions.c.o[0m
[4.651s] [ 11%] [32mBuilding C object CMakeFiles/ros_ign_interfaces__rosidl_generator_c.dir/rosidl_generator_c/ros_ign_interfaces/msg/detail/world_reset__functions.c.o[0m
[4.658s] [ 12%] [32mBuilding C object CMakeFiles/ros_ign_interfaces__rosidl_generator_c.dir/rosidl_generator_c/ros_ign_interfaces/srv/detail/delete_entity__functions.c.o[0m
[4.675s] [ 12%] [32mBuilding C object CMakeFiles/ros_ign_interfaces__rosidl_generator_c.dir/rosidl_generator_c/ros_ign_interfaces/srv/detail/set_entity_pose__functions.c.o[0m
[4.684s] [ 13%] [32mBuilding C object CMakeFiles/ros_ign_interfaces__rosidl_generator_c.dir/rosidl_generator_c/ros_ign_interfaces/srv/detail/spawn_entity__functions.c.o[0m
[4.872s] [ 14%] [32m[1mLinking C shared library libros_ign_interfaces__rosidl_generator_c.so[0m
[4.989s] [ 14%] Built target ros_ign_interfaces__rosidl_generator_c
[5.010s] [ 15%] [34m[1mGenerating C type support for eProsima Fast-RTPS[0m
[5.019s] [ 16%] [34m[1mGenerating C introspection for ROS interfaces[0m
[5.029s] [ 17%] [34m[1mGenerating C type support dispatch for ROS interfaces[0m
[6.332s] [ 18%] [32mBuilding CXX object CMakeFiles/ros_ign_interfaces__rosidl_typesupport_cpp.dir/rosidl_typesupport_cpp/ros_ign_interfaces/msg/contact__type_support.cpp.o[0m
[6.333s] [ 18%] [32mBuilding CXX object CMakeFiles/ros_ign_interfaces__rosidl_typesupport_cpp.dir/rosidl_typesupport_cpp/ros_ign_interfaces/msg/contacts__type_support.cpp.o[0m
[6.338s] [ 19%] [32mBuilding CXX object CMakeFiles/ros_ign_interfaces__rosidl_typesupport_cpp.dir/rosidl_typesupport_cpp/ros_ign_interfaces/msg/entity__type_support.cpp.o[0m
[6.343s] [ 20%] [32mBuilding CXX object CMakeFiles/ros_ign_interfaces__rosidl_typesupport_cpp.dir/rosidl_typesupport_cpp/ros_ign_interfaces/msg/entity_factory__type_support.cpp.o[0m
[6.356s] [ 21%] [32mBuilding CXX object CMakeFiles/ros_ign_interfaces__rosidl_typesupport_cpp.dir/rosidl_typesupport_cpp/ros_ign_interfaces/msg/joint_wrench__type_support.cpp.o[0m
[6.358s] [ 21%] [32mBuilding CXX object CMakeFiles/ros_ign_interfaces__rosidl_typesupport_cpp.dir/rosidl_typesupport_cpp/ros_ign_interfaces/msg/gui_camera__type_support.cpp.o[0m
[6.393s] [ 22%] [32mBuilding CXX object CMakeFiles/ros_ign_interfaces__rosidl_typesupport_cpp.dir/rosidl_typesupport_cpp/ros_ign_interfaces/msg/light__type_support.cpp.o[0m
[6.761s] [ 23%] [32mBuilding CXX object CMakeFiles/ros_ign_interfaces__rosidl_typesupport_cpp.dir/rosidl_typesupport_cpp/ros_ign_interfaces/msg/track_visual__type_support.cpp.o[0m
[6.764s] [ 23%] [32mBuilding CXX object CMakeFiles/ros_ign_interfaces__rosidl_typesupport_cpp.dir/rosidl_typesupport_cpp/ros_ign_interfaces/msg/string_vec__type_support.cpp.o[0m
[7.079s] [ 24%] [32mBuilding CXX object CMakeFiles/ros_ign_interfaces__rosidl_typesupport_cpp.dir/rosidl_typesupport_cpp/ros_ign_interfaces/msg/video_record__type_support.cpp.o[0m
[7.109s] [ 25%] [32mBuilding CXX object CMakeFiles/ros_ign_interfaces__rosidl_typesupport_introspection_cpp.dir/rosidl_typesupport_introspection_cpp/ros_ign_interfaces/msg/detail/contact__type_support.cpp.o[0m
[7.213s] [ 25%] [32mBuilding CXX object CMakeFiles/ros_ign_interfaces__rosidl_typesupport_cpp.dir/rosidl_typesupport_cpp/ros_ign_interfaces/msg/world_control__type_support.cpp.o[0m
[7.286s] [ 26%] [32mBuilding CXX object CMakeFiles/ros_ign_interfaces__rosidl_typesupport_introspection_cpp.dir/rosidl_typesupport_introspection_cpp/ros_ign_interfaces/msg/detail/contacts__type_support.cpp.o[0m
[7.286s] [ 27%] [32mBuilding CXX object CMakeFiles/ros_ign_interfaces__rosidl_typesupport_cpp.dir/rosidl_typesupport_cpp/ros_ign_interfaces/msg/world_reset__type_support.cpp.o[0m
[7.297s] [ 27%] [32mBuilding CXX object CMakeFiles/ros_ign_interfaces__rosidl_typesupport_introspection_cpp.dir/rosidl_typesupport_introspection_cpp/ros_ign_interfaces/msg/detail/entity__type_support.cpp.o[0m
[7.377s] [ 28%] [32mBuilding CXX object CMakeFiles/ros_ign_interfaces__rosidl_typesupport_cpp.dir/rosidl_typesupport_cpp/ros_ign_interfaces/srv/control_world__type_support.cpp.o[0m
[7.399s] [ 28%] [32mBuilding CXX object CMakeFiles/ros_ign_interfaces__rosidl_typesupport_cpp.dir/rosidl_typesupport_cpp/ros_ign_interfaces/srv/delete_entity__type_support.cpp.o[0m
[7.635s] [ 29%] [32mBuilding CXX object CMakeFiles/ros_ign_interfaces__rosidl_typesupport_cpp.dir/rosidl_typesupport_cpp/ros_ign_interfaces/srv/set_entity_pose__type_support.cpp.o[0m
[7.782s] [ 30%] [32mBuilding CXX object CMakeFiles/ros_ign_interfaces__rosidl_typesupport_cpp.dir/rosidl_typesupport_cpp/ros_ign_interfaces/srv/spawn_entity__type_support.cpp.o[0m
[7.976s] [ 31%] [32mBuilding CXX object CMakeFiles/ros_ign_interfaces__rosidl_typesupport_introspection_cpp.dir/rosidl_typesupport_introspection_cpp/ros_ign_interfaces/msg/detail/entity_factory__type_support.cpp.o[0m
[8.054s] [ 32%] [32mBuilding CXX object CMakeFiles/ros_ign_interfaces__rosidl_typesupport_introspection_cpp.dir/rosidl_typesupport_introspection_cpp/ros_ign_interfaces/msg/detail/gui_camera__type_support.cpp.o[0m
[8.132s] [ 32%] [32mBuilding CXX object CMakeFiles/ros_ign_interfaces__rosidl_typesupport_introspection_cpp.dir/rosidl_typesupport_introspection_cpp/ros_ign_interfaces/msg/detail/joint_wrench__type_support.cpp.o[0m
[8.146s] [ 33%] [32mBuilding CXX object CMakeFiles/ros_ign_interfaces__rosidl_typesupport_introspection_cpp.dir/rosidl_typesupport_introspection_cpp/ros_ign_interfaces/msg/detail/light__type_support.cpp.o[0m
[8.181s] [ 33%] [32mBuilding CXX object CMakeFiles/ros_ign_interfaces__rosidl_typesupport_c.dir/rosidl_typesupport_c/ros_ign_interfaces/msg/contact__type_support.cpp.o[0m
[8.197s] [ 34%] [32mBuilding CXX object CMakeFiles/ros_ign_interfaces__rosidl_typesupport_c.dir/rosidl_typesupport_c/ros_ign_interfaces/msg/contacts__type_support.cpp.o[0m
[8.257s] [ 35%] [32mBuilding CXX object CMakeFiles/ros_ign_interfaces__rosidl_typesupport_c.dir/rosidl_typesupport_c/ros_ign_interfaces/msg/entity__type_support.cpp.o[0m
[8.268s] [ 35%] [32mBuilding CXX object CMakeFiles/ros_ign_interfaces__rosidl_typesupport_c.dir/rosidl_typesupport_c/ros_ign_interfaces/msg/entity_factory__type_support.cpp.o[0m
[8.328s] [ 36%] [32mBuilding CXX object CMakeFiles/ros_ign_interfaces__rosidl_typesupport_introspection_cpp.dir/rosidl_typesupport_introspection_cpp/ros_ign_interfaces/msg/detail/string_vec__type_support.cpp.o[0m
[8.328s] [ 37%] [32mBuilding CXX object CMakeFiles/ros_ign_interfaces__rosidl_typesupport_c.dir/rosidl_typesupport_c/ros_ign_interfaces/msg/gui_camera__type_support.cpp.o[0m
[8.379s] [ 38%] [32mBuilding CXX object CMakeFiles/ros_ign_interfaces__rosidl_typesupport_c.dir/rosidl_typesupport_c/ros_ign_interfaces/msg/joint_wrench__type_support.cpp.o[0m
[8.437s] [ 38%] [32mBuilding CXX object CMakeFiles/ros_ign_interfaces__rosidl_typesupport_c.dir/rosidl_typesupport_c/ros_ign_interfaces/msg/light__type_support.cpp.o[0m
[8.505s] [ 38%] [32mBuilding CXX object CMakeFiles/ros_ign_interfaces__rosidl_typesupport_introspection_cpp.dir/rosidl_typesupport_introspection_cpp/ros_ign_interfaces/msg/detail/track_visual__type_support.cpp.o[0m
[8.521s] [ 39%] [32mBuilding CXX object CMakeFiles/ros_ign_interfaces__rosidl_typesupport_c.dir/rosidl_typesupport_c/ros_ign_interfaces/msg/string_vec__type_support.cpp.o[0m
[8.627s] [ 40%] [32mBuilding CXX object CMakeFiles/ros_ign_interfaces__rosidl_typesupport_c.dir/rosidl_typesupport_c/ros_ign_interfaces/msg/track_visual__type_support.cpp.o[0m
[8.673s] [ 40%] [32mBuilding CXX object CMakeFiles/ros_ign_interfaces__rosidl_typesupport_c.dir/rosidl_typesupport_c/ros_ign_interfaces/msg/video_record__type_support.cpp.o[0m
[8.705s] [ 41%] [32mBuilding CXX object CMakeFiles/ros_ign_interfaces__rosidl_typesupport_introspection_cpp.dir/rosidl_typesupport_introspection_cpp/ros_ign_interfaces/msg/detail/video_record__type_support.cpp.o[0m
[8.747s] [ 42%] [32mBuilding CXX object CMakeFiles/ros_ign_interfaces__rosidl_typesupport_c.dir/rosidl_typesupport_c/ros_ign_interfaces/msg/world_control__type_support.cpp.o[0m
[8.785s] [ 42%] [32m[1mLinking CXX shared library libros_ign_interfaces__rosidl_typesupport_cpp.so[0m
[8.786s] [ 43%] [32mBuilding CXX object CMakeFiles/ros_ign_interfaces__rosidl_typesupport_c.dir/rosidl_typesupport_c/ros_ign_interfaces/msg/world_reset__type_support.cpp.o[0m
[8.859s] [ 43%] [32mBuilding CXX object CMakeFiles/ros_ign_interfaces__rosidl_typesupport_c.dir/rosidl_typesupport_c/ros_ign_interfaces/srv/control_world__type_support.cpp.o[0m
[8.876s] [ 43%] Built target ros_ign_interfaces__rosidl_typesupport_cpp
[8.877s] [ 44%] [32mBuilding CXX object CMakeFiles/ros_ign_interfaces__rosidl_typesupport_introspection_cpp.dir/rosidl_typesupport_introspection_cpp/ros_ign_interfaces/msg/detail/world_control__type_support.cpp.o[0m
[8.899s] [ 44%] [32mBuilding CXX object CMakeFiles/ros_ign_interfaces__rosidl_typesupport_introspection_cpp.dir/rosidl_typesupport_introspection_cpp/ros_ign_interfaces/msg/detail/world_reset__type_support.cpp.o[0m
[8.945s] [ 45%] [32mBuilding CXX object CMakeFiles/ros_ign_interfaces__rosidl_typesupport_c.dir/rosidl_typesupport_c/ros_ign_interfaces/srv/delete_entity__type_support.cpp.o[0m
[9.011s] [ 46%] [32mBuilding CXX object CMakeFiles/ros_ign_interfaces__rosidl_typesupport_c.dir/rosidl_typesupport_c/ros_ign_interfaces/srv/set_entity_pose__type_support.cpp.o[0m
[9.048s] [ 46%] [32mBuilding CXX object CMakeFiles/ros_ign_interfaces__rosidl_typesupport_c.dir/rosidl_typesupport_c/ros_ign_interfaces/srv/spawn_entity__type_support.cpp.o[0m
[9.096s] [ 47%] [32m[1mLinking CXX shared library libros_ign_interfaces__rosidl_typesupport_c.so[0m
[9.124s] [ 48%] [32mBuilding CXX object CMakeFiles/ros_ign_interfaces__rosidl_typesupport_introspection_cpp.dir/rosidl_typesupport_introspection_cpp/ros_ign_interfaces/srv/detail/control_world__type_support.cpp.o[0m
[9.176s] [ 49%] [32mBuilding CXX object CMakeFiles/ros_ign_interfaces__rosidl_typesupport_introspection_cpp.dir/rosidl_typesupport_introspection_cpp/ros_ign_interfaces/srv/detail/delete_entity__type_support.cpp.o[0m
[9.242s] [ 49%] [32mBuilding CXX object CMakeFiles/ros_ign_interfaces__rosidl_typesupport_introspection_cpp.dir/rosidl_typesupport_introspection_cpp/ros_ign_interfaces/srv/detail/set_entity_pose__type_support.cpp.o[0m
[9.272s] [ 49%] Built target ros_ign_interfaces__rosidl_typesupport_c
[9.363s] [ 50%] [32mBuilding CXX object CMakeFiles/ros_ign_interfaces__rosidl_typesupport_introspection_cpp.dir/rosidl_typesupport_introspection_cpp/ros_ign_interfaces/srv/detail/spawn_entity__type_support.cpp.o[0m
[9.492s] [ 51%] [32mBuilding CXX object CMakeFiles/ros_ign_interfaces__rosidl_typesupport_fastrtps_cpp.dir/rosidl_typesupport_fastrtps_cpp/ros_ign_interfaces/msg/detail/dds_fastrtps/contact__type_support.cpp.o[0m
[9.597s] [ 51%] [32mBuilding CXX object CMakeFiles/ros_ign_interfaces__rosidl_typesupport_fastrtps_cpp.dir/rosidl_typesupport_fastrtps_cpp/ros_ign_interfaces/msg/detail/dds_fastrtps/contacts__type_support.cpp.o[0m
[9.627s] [ 52%] [32mBuilding CXX object CMakeFiles/ros_ign_interfaces__rosidl_typesupport_fastrtps_cpp.dir/rosidl_typesupport_fastrtps_cpp/ros_ign_interfaces/msg/detail/dds_fastrtps/entity__type_support.cpp.o[0m
[9.700s] [ 52%] [32mBuilding CXX object CMakeFiles/ros_ign_interfaces__rosidl_typesupport_fastrtps_cpp.dir/rosidl_typesupport_fastrtps_cpp/ros_ign_interfaces/msg/detail/dds_fastrtps/gui_camera__type_support.cpp.o[0m
[9.708s] [ 53%] [32mBuilding CXX object CMakeFiles/ros_ign_interfaces__rosidl_typesupport_fastrtps_cpp.dir/rosidl_typesupport_fastrtps_cpp/ros_ign_interfaces/msg/detail/dds_fastrtps/entity_factory__type_support.cpp.o[0m
[9.765s] [ 54%] [32mBuilding CXX object CMakeFiles/ros_ign_interfaces__rosidl_typesupport_fastrtps_cpp.dir/rosidl_typesupport_fastrtps_cpp/ros_ign_interfaces/msg/detail/dds_fastrtps/joint_wrench__type_support.cpp.o[0m
[10.062s] [ 54%] [32mBuilding CXX object CMakeFiles/ros_ign_interfaces__rosidl_typesupport_fastrtps_cpp.dir/rosidl_typesupport_fastrtps_cpp/ros_ign_interfaces/msg/detail/dds_fastrtps/string_vec__type_support.cpp.o[0m
[10.064s] [ 55%] [32mBuilding CXX object CMakeFiles/ros_ign_interfaces__rosidl_typesupport_fastrtps_cpp.dir/rosidl_typesupport_fastrtps_cpp/ros_ign_interfaces/msg/detail/dds_fastrtps/light__type_support.cpp.o[0m
[10.098s] [ 56%] [32mBuilding CXX object CMakeFiles/ros_ign_interfaces__rosidl_typesupport_fastrtps_cpp.dir/rosidl_typesupport_fastrtps_cpp/ros_ign_interfaces/msg/detail/dds_fastrtps/track_visual__type_support.cpp.o[0m
[10.320s] [ 57%] [32m[1mLinking CXX shared library libros_ign_interfaces__rosidl_typesupport_introspection_cpp.so[0m
[10.343s] [ 58%] [32mBuilding CXX object CMakeFiles/ros_ign_interfaces__rosidl_typesupport_fastrtps_cpp.dir/rosidl_typesupport_fastrtps_cpp/ros_ign_interfaces/msg/detail/dds_fastrtps/video_record__type_support.cpp.o[0m
[10.367s] [ 58%] [32mBuilding CXX object CMakeFiles/ros_ign_interfaces__rosidl_typesupport_fastrtps_cpp.dir/rosidl_typesupport_fastrtps_cpp/ros_ign_interfaces/msg/detail/dds_fastrtps/world_control__type_support.cpp.o[0m
[10.506s] [ 59%] [32mBuilding CXX object CMakeFiles/ros_ign_interfaces__rosidl_typesupport_fastrtps_cpp.dir/rosidl_typesupport_fastrtps_cpp/ros_ign_interfaces/msg/detail/dds_fastrtps/world_reset__type_support.cpp.o[0m
[10.810s] [ 59%] Built target ros_ign_interfaces__rosidl_typesupport_introspection_cpp
[10.831s] [ 60%] [32mBuilding CXX object CMakeFiles/ros_ign_interfaces__rosidl_typesupport_fastrtps_cpp.dir/rosidl_typesupport_fastrtps_cpp/ros_ign_interfaces/srv/detail/dds_fastrtps/control_world__type_support.cpp.o[0m
[10.910s] [ 60%] [32mBuilding CXX object CMakeFiles/ros_ign_interfaces__rosidl_typesupport_fastrtps_cpp.dir/rosidl_typesupport_fastrtps_cpp/ros_ign_interfaces/srv/detail/dds_fastrtps/delete_entity__type_support.cpp.o[0m
[10.926s] [ 61%] [32mBuilding CXX object CMakeFiles/ros_ign_interfaces__rosidl_typesupport_fastrtps_cpp.dir/rosidl_typesupport_fastrtps_cpp/ros_ign_interfaces/srv/detail/dds_fastrtps/set_entity_pose__type_support.cpp.o[0m
[11.013s] [ 62%] [32mBuilding CXX object CMakeFiles/ros_ign_interfaces__rosidl_typesupport_fastrtps_cpp.dir/rosidl_typesupport_fastrtps_cpp/ros_ign_interfaces/srv/detail/dds_fastrtps/spawn_entity__type_support.cpp.o[0m
[11.461s] [ 62%] [32mBuilding CXX object CMakeFiles/ros_ign_interfaces__rosidl_typesupport_fastrtps_c.dir/rosidl_typesupport_fastrtps_c/ros_ign_interfaces/msg/detail/contact__type_support_c.cpp.o[0m
[11.493s] [ 62%] [32mBuilding CXX object CMakeFiles/ros_ign_interfaces__rosidl_typesupport_fastrtps_c.dir/rosidl_typesupport_fastrtps_c/ros_ign_interfaces/msg/detail/entity_factory__type_support_c.cpp.o[0m
[11.493s] [ 63%] [32mBuilding CXX object CMakeFiles/ros_ign_interfaces__rosidl_typesupport_fastrtps_c.dir/rosidl_typesupport_fastrtps_c/ros_ign_interfaces/msg/detail/contacts__type_support_c.cpp.o[0m
[11.544s] [ 64%] [32mBuilding CXX object CMakeFiles/ros_ign_interfaces__rosidl_typesupport_fastrtps_c.dir/rosidl_typesupport_fastrtps_c/ros_ign_interfaces/msg/detail/entity__type_support_c.cpp.o[0m
[11.632s] [ 65%] [32mBuilding CXX object CMakeFiles/ros_ign_interfaces__rosidl_typesupport_fastrtps_c.dir/rosidl_typesupport_fastrtps_c/ros_ign_interfaces/msg/detail/gui_camera__type_support_c.cpp.o[0m
[11.666s] [ 66%] [32mBuilding CXX object CMakeFiles/ros_ign_interfaces__rosidl_typesupport_fastrtps_c.dir/rosidl_typesupport_fastrtps_c/ros_ign_interfaces/msg/detail/joint_wrench__type_support_c.cpp.o[0m
[11.757s] [ 66%] [32mBuilding CXX object CMakeFiles/ros_ign_interfaces__rosidl_typesupport_fastrtps_c.dir/rosidl_typesupport_fastrtps_c/ros_ign_interfaces/msg/detail/light__type_support_c.cpp.o[0m
[11.925s] [ 67%] [32mBuilding CXX object CMakeFiles/ros_ign_interfaces__rosidl_typesupport_fastrtps_c.dir/rosidl_typesupport_fastrtps_c/ros_ign_interfaces/msg/detail/string_vec__type_support_c.cpp.o[0m
[12.111s] [ 68%] [32mBuilding CXX object CMakeFiles/ros_ign_interfaces__rosidl_typesupport_fastrtps_c.dir/rosidl_typesupport_fastrtps_c/ros_ign_interfaces/msg/detail/track_visual__type_support_c.cpp.o[0m
[12.166s] [ 68%] [32mBuilding CXX object CMakeFiles/ros_ign_interfaces__rosidl_typesupport_fastrtps_c.dir/rosidl_typesupport_fastrtps_c/ros_ign_interfaces/msg/detail/video_record__type_support_c.cpp.o[0m
[12.198s] [ 69%] [32mBuilding CXX object CMakeFiles/ros_ign_interfaces__rosidl_typesupport_fastrtps_c.dir/rosidl_typesupport_fastrtps_c/ros_ign_interfaces/msg/detail/world_control__type_support_c.cpp.o[0m
[12.252s] [ 70%] [32mBuilding CXX object CMakeFiles/ros_ign_interfaces__rosidl_typesupport_fastrtps_c.dir/rosidl_typesupport_fastrtps_c/ros_ign_interfaces/msg/detail/world_reset__type_support_c.cpp.o[0m
[12.266s] [ 70%] [32m[1mLinking CXX shared library libros_ign_interfaces__rosidl_typesupport_fastrtps_cpp.so[0m
[12.274s] [ 70%] [32mBuilding CXX object CMakeFiles/ros_ign_interfaces__rosidl_typesupport_fastrtps_c.dir/rosidl_typesupport_fastrtps_c/ros_ign_interfaces/srv/detail/control_world__type_support_c.cpp.o[0m
[12.365s] [ 71%] [32mBuilding CXX object CMakeFiles/ros_ign_interfaces__rosidl_typesupport_fastrtps_c.dir/rosidl_typesupport_fastrtps_c/ros_ign_interfaces/srv/detail/delete_entity__type_support_c.cpp.o[0m
[12.407s] [ 72%] [32mBuilding CXX object CMakeFiles/ros_ign_interfaces__rosidl_typesupport_fastrtps_c.dir/rosidl_typesupport_fastrtps_c/ros_ign_interfaces/srv/detail/set_entity_pose__type_support_c.cpp.o[0m
[12.490s] [ 72%] [32mBuilding CXX object CMakeFiles/ros_ign_interfaces__rosidl_typesupport_fastrtps_c.dir/rosidl_typesupport_fastrtps_c/ros_ign_interfaces/srv/detail/spawn_entity__type_support_c.cpp.o[0m
[12.538s] [ 72%] Built target ros_ign_interfaces__rosidl_typesupport_fastrtps_cpp
[12.819s] [ 73%] [32mBuilding C object CMakeFiles/ros_ign_interfaces__rosidl_typesupport_introspection_c.dir/rosidl_typesupport_introspection_c/ros_ign_interfaces/msg/detail/contact__type_support.c.o[0m
[12.835s] [ 73%] [32mBuilding C object CMakeFiles/ros_ign_interfaces__rosidl_typesupport_introspection_c.dir/rosidl_typesupport_introspection_c/ros_ign_interfaces/msg/detail/contacts__type_support.c.o[0m
[12.836s] [ 74%] [32mBuilding C object CMakeFiles/ros_ign_interfaces__rosidl_typesupport_introspection_c.dir/rosidl_typesupport_introspection_c/ros_ign_interfaces/msg/detail/entity_factory__type_support.c.o[0m
[12.839s] [ 75%] [32mBuilding C object CMakeFiles/ros_ign_interfaces__rosidl_typesupport_introspection_c.dir/rosidl_typesupport_introspection_c/ros_ign_interfaces/msg/detail/entity__type_support.c.o[0m
[12.903s] [ 75%] [32mBuilding C object CMakeFiles/ros_ign_interfaces__rosidl_typesupport_introspection_c.dir/rosidl_typesupport_introspection_c/ros_ign_interfaces/msg/detail/gui_camera__type_support.c.o[0m
[12.920s] [ 76%] [32mBuilding C object CMakeFiles/ros_ign_interfaces__rosidl_typesupport_introspection_c.dir/rosidl_typesupport_introspection_c/ros_ign_interfaces/msg/detail/joint_wrench__type_support.c.o[0m
[12.963s] [ 77%] [32mBuilding C object CMakeFiles/ros_ign_interfaces__rosidl_typesupport_introspection_c.dir/rosidl_typesupport_introspection_c/ros_ign_interfaces/msg/detail/light__type_support.c.o[0m
[12.974s] [ 77%] [32mBuilding C object CMakeFiles/ros_ign_interfaces__rosidl_typesupport_introspection_c.dir/rosidl_typesupport_introspection_c/ros_ign_interfaces/msg/detail/string_vec__type_support.c.o[0m
[12.975s] [ 78%] [32mBuilding C object CMakeFiles/ros_ign_interfaces__rosidl_typesupport_introspection_c.dir/rosidl_typesupport_introspection_c/ros_ign_interfaces/msg/detail/video_record__type_support.c.o[0m
[12.976s] [ 79%] [32mBuilding C object CMakeFiles/ros_ign_interfaces__rosidl_typesupport_introspection_c.dir/rosidl_typesupport_introspection_c/ros_ign_interfaces/msg/detail/track_visual__type_support.c.o[0m
[13.005s] [ 79%] [32mBuilding C object CMakeFiles/ros_ign_interfaces__rosidl_typesupport_introspection_c.dir/rosidl_typesupport_introspection_c/ros_ign_interfaces/msg/detail/world_control__type_support.c.o[0m
[13.006s] [ 80%] [32mBuilding C object CMakeFiles/ros_ign_interfaces__rosidl_typesupport_introspection_c.dir/rosidl_typesupport_introspection_c/ros_ign_interfaces/msg/detail/world_reset__type_support.c.o[0m
[13.025s] [ 81%] [32mBuilding C object CMakeFiles/ros_ign_interfaces__rosidl_typesupport_introspection_c.dir/rosidl_typesupport_introspection_c/ros_ign_interfaces/srv/detail/control_world__type_support.c.o[0m
[13.048s] [ 82%] [32mBuilding C object CMakeFiles/ros_ign_interfaces__rosidl_typesupport_introspection_c.dir/rosidl_typesupport_introspection_c/ros_ign_interfaces/srv/detail/set_entity_pose__type_support.c.o[0m
[13.051s] [ 82%] [32mBuilding C object CMakeFiles/ros_ign_interfaces__rosidl_typesupport_introspection_c.dir/rosidl_typesupport_introspection_c/ros_ign_interfaces/srv/detail/delete_entity__type_support.c.o[0m
[13.062s] [ 83%] [32mBuilding C object CMakeFiles/ros_ign_interfaces__rosidl_typesupport_introspection_c.dir/rosidl_typesupport_introspection_c/ros_ign_interfaces/srv/detail/spawn_entity__type_support.c.o[0m
[13.163s] [ 83%] [32m[1mLinking C shared library libros_ign_interfaces__rosidl_typesupport_introspection_c.so[0m
[13.230s] [ 83%] Built target ros_ign_interfaces__rosidl_typesupport_introspection_c
[13.272s] [ 84%] [32m[1mLinking CXX shared library libros_ign_interfaces__rosidl_typesupport_fastrtps_c.so[0m
[13.614s] [ 84%] Built target ros_ign_interfaces__rosidl_typesupport_fastrtps_c
[13.668s] [ 84%] Built target ros_ign_interfaces
[13.744s] [ 85%] [34m[1mGenerating Python code for ROS interfaces[0m
[19.597s] [ 85%] Built target ros_ign_interfaces__py
[19.632s] [ 85%] [32mBuilding C object CMakeFiles/ros_ign_interfaces__rosidl_generator_py.dir/rosidl_generator_py/ros_ign_interfaces/msg/_contact_s.c.o[0m
[19.635s] [ 86%] [32mBuilding C object CMakeFiles/ros_ign_interfaces__rosidl_generator_py.dir/rosidl_generator_py/ros_ign_interfaces/msg/_entity_s.c.o[0m
[19.636s] [ 87%] [32mBuilding C object CMakeFiles/ros_ign_interfaces__rosidl_generator_py.dir/rosidl_generator_py/ros_ign_interfaces/msg/_contacts_s.c.o[0m
[19.637s] [ 87%] [32mBuilding C object CMakeFiles/ros_ign_interfaces__rosidl_generator_py.dir/rosidl_generator_py/ros_ign_interfaces/msg/_entity_factory_s.c.o[0m
[19.637s] [ 88%] [32mBuilding C object CMakeFiles/ros_ign_interfaces__rosidl_generator_py.dir/rosidl_generator_py/ros_ign_interfaces/msg/_gui_camera_s.c.o[0m
[19.644s] [ 89%] [32mBuilding C object CMakeFiles/ros_ign_interfaces__rosidl_generator_py.dir/rosidl_generator_py/ros_ign_interfaces/msg/_string_vec_s.c.o[0m
[19.646s] [ 89%] [32mBuilding C object CMakeFiles/ros_ign_interfaces__rosidl_generator_py.dir/rosidl_generator_py/ros_ign_interfaces/msg/_light_s.c.o[0m
[19.654s] [ 90%] [32mBuilding C object CMakeFiles/ros_ign_interfaces__rosidl_generator_py.dir/rosidl_generator_py/ros_ign_interfaces/msg/_joint_wrench_s.c.o[0m
[19.685s] [ 91%] [32mBuilding C object CMakeFiles/ros_ign_interfaces__rosidl_generator_py.dir/rosidl_generator_py/ros_ign_interfaces/msg/_world_control_s.c.o[0m
[19.686s] [ 92%] [32mBuilding C object CMakeFiles/ros_ign_interfaces__rosidl_generator_py.dir/rosidl_generator_py/ros_ign_interfaces/msg/_track_visual_s.c.o[0m
[19.689s] [ 93%] [32mBuilding C object CMakeFiles/ros_ign_interfaces__rosidl_generator_py.dir/rosidl_generator_py/ros_ign_interfaces/msg/_world_reset_s.c.o[0m
[19.690s] [ 93%] [32mBuilding C object CMakeFiles/ros_ign_interfaces__rosidl_generator_py.dir/rosidl_generator_py/ros_ign_interfaces/msg/_video_record_s.c.o[0m
[19.871s] [ 93%] [32mBuilding C object CMakeFiles/ros_ign_interfaces__rosidl_generator_py.dir/rosidl_generator_py/ros_ign_interfaces/srv/_control_world_s.c.o[0m
[19.965s] [ 94%] [32mBuilding C object CMakeFiles/ros_ign_interfaces__rosidl_generator_py.dir/rosidl_generator_py/ros_ign_interfaces/srv/_delete_entity_s.c.o[0m
[19.982s] [ 95%] [32mBuilding C object CMakeFiles/ros_ign_interfaces__rosidl_generator_py.dir/rosidl_generator_py/ros_ign_interfaces/srv/_set_entity_pose_s.c.o[0m
[19.984s] [ 95%] [32mBuilding C object CMakeFiles/ros_ign_interfaces__rosidl_generator_py.dir/rosidl_generator_py/ros_ign_interfaces/srv/_spawn_entity_s.c.o[0m
[20.185s] [ 96%] [32m[1mLinking C shared library rosidl_generator_py/ros_ign_interfaces/libros_ign_interfaces__rosidl_generator_py.so[0m
[20.242s] [ 96%] Built target ros_ign_interfaces__rosidl_generator_py
[20.287s] [ 97%] [32mBuilding C object CMakeFiles/ros_ign_interfaces__rosidl_typesupport_fastrtps_c__pyext.dir/rosidl_generator_py/ros_ign_interfaces/_ros_ign_interfaces_s.ep.rosidl_typesupport_fastrtps_c.c.o[0m
[20.288s] [ 98%] [32mBuilding C object CMakeFiles/ros_ign_interfaces__rosidl_typesupport_c__pyext.dir/rosidl_generator_py/ros_ign_interfaces/_ros_ign_interfaces_s.ep.rosidl_typesupport_c.c.o[0m
[20.300s] [ 99%] [32mBuilding C object CMakeFiles/ros_ign_interfaces__rosidl_typesupport_introspection_c__pyext.dir/rosidl_generator_py/ros_ign_interfaces/_ros_ign_interfaces_s.ep.rosidl_typesupport_introspection_c.c.o[0m
[20.577s] [100%] [32m[1mLinking C shared library rosidl_generator_py/ros_ign_interfaces/ros_ign_interfaces_s__rosidl_typesupport_introspection_c.cpython-310-x86_64-linux-gnu.so[0m
[20.613s] [100%] [32m[1mLinking C shared library rosidl_generator_py/ros_ign_interfaces/ros_ign_interfaces_s__rosidl_typesupport_fastrtps_c.cpython-310-x86_64-linux-gnu.so[0m
[20.627s] [100%] [32m[1mLinking C shared library rosidl_generator_py/ros_ign_interfaces/ros_ign_interfaces_s__rosidl_typesupport_c.cpython-310-x86_64-linux-gnu.so[0m
[20.677s] [100%] Built target ros_ign_interfaces__rosidl_typesupport_introspection_c__pyext
[20.691s] [100%] Built target ros_ign_interfaces__rosidl_typesupport_fastrtps_c__pyext
[20.732s] [100%] Built target ros_ign_interfaces__rosidl_typesupport_c__pyext
[20.766s] Invoked command in '/home/prithiv/tentacle2/build/ros_ign_interfaces' returned '0': AMENT_PREFIX_PATH=/home/prithiv/tentacle2/install/ros_gz_interfaces:${AMENT_PREFIX_PATH} CMAKE_PREFIX_PATH=/home/prithiv/tentacle2/install/ros_gz_interfaces:/home/prithiv/tentacle2/install/tentacle_controller:/home/prithiv/tentacle2/install/tentacle_description:/opt/ros/humble LD_LIBRARY_PATH=/home/prithiv/tentacle2/install/ros_gz_interfaces/lib:/usr/lib/x86_64-linux-gnu/gazebo-11/plugins:/opt/ros/humble/opt/rviz_ogre_vendor/lib:/opt/ros/humble/lib/x86_64-linux-gnu:/usr/share/gurumdds/cmake/../../../lib:/opt/ros/humble/lib:/usr/lib/x86_64-linux-gnu/gazebo-11/plugins PYTHONPATH=/home/prithiv/tentacle2/install/ros_gz_interfaces/local/lib/python3.10/dist-packages:${PYTHONPATH} /usr/bin/cmake --build /home/prithiv/tentacle2/build/ros_ign_interfaces -- -j12 -l12
[20.773s] Invoking command in '/home/prithiv/tentacle2/build/ros_ign_interfaces': AMENT_PREFIX_PATH=/home/prithiv/tentacle2/install/ros_gz_interfaces:${AMENT_PREFIX_PATH} CMAKE_PREFIX_PATH=/home/prithiv/tentacle2/install/ros_gz_interfaces:/home/prithiv/tentacle2/install/tentacle_controller:/home/prithiv/tentacle2/install/tentacle_description:/opt/ros/humble LD_LIBRARY_PATH=/home/prithiv/tentacle2/install/ros_gz_interfaces/lib:/usr/lib/x86_64-linux-gnu/gazebo-11/plugins:/opt/ros/humble/opt/rviz_ogre_vendor/lib:/opt/ros/humble/lib/x86_64-linux-gnu:/usr/share/gurumdds/cmake/../../../lib:/opt/ros/humble/lib:/usr/lib/x86_64-linux-gnu/gazebo-11/plugins PYTHONPATH=/home/prithiv/tentacle2/install/ros_gz_interfaces/local/lib/python3.10/dist-packages:${PYTHONPATH} /usr/bin/cmake --install /home/prithiv/tentacle2/build/ros_ign_interfaces
[20.793s] -- Install configuration: ""
[20.794s] -- Installing: /home/prithiv/tentacle2/install/ros_ign_interfaces/share/ament_index/resource_index/rosidl_interfaces/ros_ign_interfaces
[20.794s] -- Installing: /home/prithiv/tentacle2/install/ros_ign_interfaces/include/ros_ign_interfaces/ros_ign_interfaces
[20.795s] -- Installing: /home/prithiv/tentacle2/install/ros_ign_interfaces/include/ros_ign_interfaces/ros_ign_interfaces/msg
[20.795s] -- Installing: /home/prithiv/tentacle2/install/ros_ign_interfaces/include/ros_ign_interfaces/ros_ign_interfaces/msg/rosidl_generator_c__visibility_control.h
[20.796s] -- Installing: /home/prithiv/tentacle2/install/ros_ign_interfaces/include/ros_ign_interfaces/ros_ign_interfaces/msg/entity_factory.h
[20.796s] -- Installing: /home/prithiv/tentacle2/install/ros_ign_interfaces/include/ros_ign_interfaces/ros_ign_interfaces/msg/contacts.h
[20.796s] -- Installing: /home/prithiv/tentacle2/install/ros_ign_interfaces/include/ros_ign_interfaces/ros_ign_interfaces/msg/string_vec.h
[20.797s] -- Installing: /home/prithiv/tentacle2/install/ros_ign_interfaces/include/ros_ign_interfaces/ros_ign_interfaces/msg/world_control.h
[20.797s] -- Installing: /home/prithiv/tentacle2/install/ros_ign_interfaces/include/ros_ign_interfaces/ros_ign_interfaces/msg/joint_wrench.h
[20.798s] -- Installing: /home/prithiv/tentacle2/install/ros_ign_interfaces/include/ros_ign_interfaces/ros_ign_interfaces/msg/detail
[20.798s] -- Installing: /home/prithiv/tentacle2/install/ros_ign_interfaces/include/ros_ign_interfaces/ros_ign_interfaces/msg/detail/light__struct.h
[20.801s] -- Installing: /home/prithiv/tentacle2/install/ros_ign_interfaces/include/ros_ign_interfaces/ros_ign_interfaces/msg/detail/video_record__functions.h
[20.801s] -- Installing: /home/prithiv/tentacle2/install/ros_ign_interfaces/include/ros_ign_interfaces/ros_ign_interfaces/msg/detail/entity__functions.c
[20.802s] -- Installing: /home/prithiv/tentacle2/install/ros_ign_interfaces/include/ros_ign_interfaces/ros_ign_interfaces/msg/detail/contact__struct.h
[20.802s] -- Installing: /home/prithiv/tentacle2/install/ros_ign_interfaces/include/ros_ign_interfaces/ros_ign_interfaces/msg/detail/track_visual__struct.h
[20.802s] -- Installing: /home/prithiv/tentacle2/install/ros_ign_interfaces/include/ros_ign_interfaces/ros_ign_interfaces/msg/detail/entity__type_support.h
[20.802s] -- Installing: /home/prithiv/tentacle2/install/ros_ign_interfaces/include/ros_ign_interfaces/ros_ign_interfaces/msg/detail/entity__functions.h
[20.802s] -- Installing: /home/prithiv/tentacle2/install/ros_ign_interfaces/include/ros_ign_interfaces/ros_ign_interfaces/msg/detail/contacts__struct.h
[20.802s] -- Installing: /home/prithiv/tentacle2/install/ros_ign_interfaces/include/ros_ign_interfaces/ros_ign_interfaces/msg/detail/contacts__type_support.h
[20.802s] -- Installing: /home/prithiv/tentacle2/install/ros_ign_interfaces/include/ros_ign_interfaces/ros_ign_interfaces/msg/detail/light__functions.c
[20.802s] -- Installing: /home/prithiv/tentacle2/install/ros_ign_interfaces/include/ros_ign_interfaces/ros_ign_interfaces/msg/detail/entity_factory__functions.c
[20.802s] -- Installing: /home/prithiv/tentacle2/install/ros_ign_interfaces/include/ros_ign_interfaces/ros_ign_interfaces/msg/detail/video_record__functions.c
[20.802s] -- Installing: /home/prithiv/tentacle2/install/ros_ign_interfaces/include/ros_ign_interfaces/ros_ign_interfaces/msg/detail/track_visual__functions.c
[20.802s] -- Installing: /home/prithiv/tentacle2/install/ros_ign_interfaces/include/ros_ign_interfaces/ros_ign_interfaces/msg/detail/track_visual__functions.h
[20.802s] -- Installing: /home/prithiv/tentacle2/install/ros_ign_interfaces/include/ros_ign_interfaces/ros_ign_interfaces/msg/detail/video_record__struct.h
[20.802s] -- Installing: /home/prithiv/tentacle2/install/ros_ign_interfaces/include/ros_ign_interfaces/ros_ign_interfaces/msg/detail/world_reset__type_support.h
[20.803s] -- Installing: /home/prithiv/tentacle2/install/ros_ign_interfaces/include/ros_ign_interfaces/ros_ign_interfaces/msg/detail/entity_factory__struct.h
[20.803s] -- Installing: /home/prithiv/tentacle2/install/ros_ign_interfaces/include/ros_ign_interfaces/ros_ign_interfaces/msg/detail/gui_camera__functions.h
[20.803s] -- Installing: /home/prithiv/tentacle2/install/ros_ign_interfaces/include/ros_ign_interfaces/ros_ign_interfaces/msg/detail/track_visual__type_support.h
[20.803s] -- Installing: /home/prithiv/tentacle2/install/ros_ign_interfaces/include/ros_ign_interfaces/ros_ign_interfaces/msg/detail/world_control__functions.c
[20.803s] -- Installing: /home/prithiv/tentacle2/install/ros_ign_interfaces/include/ros_ign_interfaces/ros_ign_interfaces/msg/detail/light__functions.h
[20.803s] -- Installing: /home/prithiv/tentacle2/install/ros_ign_interfaces/include/ros_ign_interfaces/ros_ign_interfaces/msg/detail/gui_camera__struct.h
[20.803s] -- Installing: /home/prithiv/tentacle2/install/ros_ign_interfaces/include/ros_ign_interfaces/ros_ign_interfaces/msg/detail/entity_factory__type_support.h
[20.803s] -- Installing: /home/prithiv/tentacle2/install/ros_ign_interfaces/include/ros_ign_interfaces/ros_ign_interfaces/msg/detail/joint_wrench__functions.h
[20.803s] -- Installing: /home/prithiv/tentacle2/install/ros_ign_interfaces/include/ros_ign_interfaces/ros_ign_interfaces/msg/detail/contact__functions.h
[20.803s] -- Installing: /home/prithiv/tentacle2/install/ros_ign_interfaces/include/ros_ign_interfaces/ros_ign_interfaces/msg/detail/world_control__functions.h
[20.803s] -- Installing: /home/prithiv/tentacle2/install/ros_ign_interfaces/include/ros_ign_interfaces/ros_ign_interfaces/msg/detail/world_reset__functions.c
[20.803s] -- Installing: /home/prithiv/tentacle2/install/ros_ign_interfaces/include/ros_ign_interfaces/ros_ign_interfaces/msg/detail/contact__type_support.h
[20.803s] -- Installing: /home/prithiv/tentacle2/install/ros_ign_interfaces/include/ros_ign_interfaces/ros_ign_interfaces/msg/detail/string_vec__type_support.h
[20.803s] -- Installing: /home/prithiv/tentacle2/install/ros_ign_interfaces/include/ros_ign_interfaces/ros_ign_interfaces/msg/detail/string_vec__struct.h
[20.803s] -- Installing: /home/prithiv/tentacle2/install/ros_ign_interfaces/include/ros_ign_interfaces/ros_ign_interfaces/msg/detail/entity_factory__functions.h
[20.803s] -- Installing: /home/prithiv/tentacle2/install/ros_ign_interfaces/include/ros_ign_interfaces/ros_ign_interfaces/msg/detail/world_reset__functions.h
[20.803s] -- Installing: /home/prithiv/tentacle2/install/ros_ign_interfaces/include/ros_ign_interfaces/ros_ign_interfaces/msg/detail/gui_camera__type_support.h
[20.803s] -- Installing: /home/prithiv/tentacle2/install/ros_ign_interfaces/include/ros_ign_interfaces/ros_ign_interfaces/msg/detail/gui_camera__functions.c
[20.803s] -- Installing: /home/prithiv/tentacle2/install/ros_ign_interfaces/include/ros_ign_interfaces/ros_ign_interfaces/msg/detail/joint_wrench__functions.c
[20.803s] -- Installing: /home/prithiv/tentacle2/install/ros_ign_interfaces/include/ros_ign_interfaces/ros_ign_interfaces/msg/detail/world_reset__struct.h
[20.803s] -- Installing: /home/prithiv/tentacle2/install/ros_ign_interfaces/include/ros_ign_interfaces/ros_ign_interfaces/msg/detail/string_vec__functions.c
[20.804s] -- Installing: /home/prithiv/tentacle2/install/ros_ign_interfaces/include/ros_ign_interfaces/ros_ign_interfaces/msg/detail/video_record__type_support.h
[20.804s] -- Installing: /home/prithiv/tentacle2/install/ros_ign_interfaces/include/ros_ign_interfaces/ros_ign_interfaces/msg/detail/string_vec__functions.h
[20.804s] -- Installing: /home/prithiv/tentacle2/install/ros_ign_interfaces/include/ros_ign_interfaces/ros_ign_interfaces/msg/detail/joint_wrench__type_support.h
[20.804s] -- Installing: /home/prithiv/tentacle2/install/ros_ign_interfaces/include/ros_ign_interfaces/ros_ign_interfaces/msg/detail/contacts__functions.c
[20.804s] -- Installing: /home/prithiv/tentacle2/install/ros_ign_interfaces/include/ros_ign_interfaces/ros_ign_interfaces/msg/detail/light__type_support.h
[20.804s] -- Installing: /home/prithiv/tentacle2/install/ros_ign_interfaces/include/ros_ign_interfaces/ros_ign_interfaces/msg/detail/world_control__type_support.h
[20.804s] -- Installing: /home/prithiv/tentacle2/install/ros_ign_interfaces/include/ros_ign_interfaces/ros_ign_interfaces/msg/detail/contact__functions.c
[20.804s] -- Installing: /home/prithiv/tentacle2/install/ros_ign_interfaces/include/ros_ign_interfaces/ros_ign_interfaces/msg/detail/world_control__struct.h
[20.804s] -- Installing: /home/prithiv/tentacle2/install/ros_ign_interfaces/include/ros_ign_interfaces/ros_ign_interfaces/msg/detail/entity__struct.h
[20.804s] -- Installing: /home/prithiv/tentacle2/install/ros_ign_interfaces/include/ros_ign_interfaces/ros_ign_interfaces/msg/detail/contacts__functions.h
[20.804s] -- Installing: /home/prithiv/tentacle2/install/ros_ign_interfaces/include/ros_ign_interfaces/ros_ign_interfaces/msg/detail/joint_wrench__struct.h
[20.804s] -- Installing: /home/prithiv/tentacle2/install/ros_ign_interfaces/include/ros_ign_interfaces/ros_ign_interfaces/msg/track_visual.h
[20.804s] -- Installing: /home/prithiv/tentacle2/install/ros_ign_interfaces/include/ros_ign_interfaces/ros_ign_interfaces/msg/video_record.h
[20.804s] -- Installing: /home/prithiv/tentacle2/install/ros_ign_interfaces/include/ros_ign_interfaces/ros_ign_interfaces/msg/gui_camera.h
[20.804s] -- Installing: /home/prithiv/tentacle2/install/ros_ign_interfaces/include/ros_ign_interfaces/ros_ign_interfaces/msg/entity.h
[20.804s] -- Installing: /home/prithiv/tentacle2/install/ros_ign_interfaces/include/ros_ign_interfaces/ros_ign_interfaces/msg/world_reset.h
[20.804s] -- Installing: /home/prithiv/tentacle2/install/ros_ign_interfaces/include/ros_ign_interfaces/ros_ign_interfaces/msg/contact.h
[20.804s] -- Installing: /home/prithiv/tentacle2/install/ros_ign_interfaces/include/ros_ign_interfaces/ros_ign_interfaces/msg/light.h
[20.804s] -- Installing: /home/prithiv/tentacle2/install/ros_ign_interfaces/include/ros_ign_interfaces/ros_ign_interfaces/srv
[20.804s] -- Installing: /home/prithiv/tentacle2/install/ros_ign_interfaces/include/ros_ign_interfaces/ros_ign_interfaces/srv/control_world.h
[20.805s] -- Installing: /home/prithiv/tentacle2/install/ros_ign_interfaces/include/ros_ign_interfaces/ros_ign_interfaces/srv/delete_entity.h
[20.805s] -- Installing: /home/prithiv/tentacle2/install/ros_ign_interfaces/include/ros_ign_interfaces/ros_ign_interfaces/srv/detail
[20.805s] -- Installing: /home/prithiv/tentacle2/install/ros_ign_interfaces/include/ros_ign_interfaces/ros_ign_interfaces/srv/detail/control_world__struct.h
[20.805s] -- Installing: /home/prithiv/tentacle2/install/ros_ign_interfaces/include/ros_ign_interfaces/ros_ign_interfaces/srv/detail/control_world__functions.c
[20.805s] -- Installing: /home/prithiv/tentacle2/install/ros_ign_interfaces/include/ros_ign_interfaces/ros_ign_interfaces/srv/detail/control_world__type_support.h
[20.805s] -- Installing: /home/prithiv/tentacle2/install/ros_ign_interfaces/include/ros_ign_interfaces/ros_ign_interfaces/srv/detail/spawn_entity__struct.h
[20.805s] -- Installing: /home/prithiv/tentacle2/install/ros_ign_interfaces/include/ros_ign_interfaces/ros_ign_interfaces/srv/detail/set_entity_pose__type_support.h
[20.805s] -- Installing: /home/prithiv/tentacle2/install/ros_ign_interfaces/include/ros_ign_interfaces/ros_ign_interfaces/srv/detail/set_entity_pose__struct.h
[20.812s] -- Installing: /home/prithiv/tentacle2/install/ros_ign_interfaces/include/ros_ign_interfaces/ros_ign_interfaces/srv/detail/delete_entity__type_support.h
[20.812s] -- Installing: /home/prithiv/tentacle2/install/ros_ign_interfaces/include/ros_ign_interfaces/ros_ign_interfaces/srv/detail/delete_entity__functions.c
[20.812s] -- Installing: /home/prithiv/tentacle2/install/ros_ign_interfaces/include/ros_ign_interfaces/ros_ign_interfaces/srv/detail/set_entity_pose__functions.h
[20.813s] -- Installing: /home/prithiv/tentacle2/install/ros_ign_interfaces/include/ros_ign_interfaces/ros_ign_interfaces/srv/detail/delete_entity__struct.h
[20.813s] -- Installing: /home/prithiv/tentacle2/install/ros_ign_interfaces/include/ros_ign_interfaces/ros_ign_interfaces/srv/detail/delete_entity__functions.h
[20.813s] -- Installing: /home/prithiv/tentacle2/install/ros_ign_interfaces/include/ros_ign_interfaces/ros_ign_interfaces/srv/detail/spawn_entity__type_support.h
[20.813s] -- Installing: /home/prithiv/tentacle2/install/ros_ign_interfaces/include/ros_ign_interfaces/ros_ign_interfaces/srv/detail/control_world__functions.h
[20.813s] -- Installing: /home/prithiv/tentacle2/install/ros_ign_interfaces/include/ros_ign_interfaces/ros_ign_interfaces/srv/detail/set_entity_pose__functions.c
[20.813s] -- Installing: /home/prithiv/tentacle2/install/ros_ign_interfaces/include/ros_ign_interfaces/ros_ign_interfaces/srv/detail/spawn_entity__functions.h
[20.813s] -- Installing: /home/prithiv/tentacle2/install/ros_ign_interfaces/include/ros_ign_interfaces/ros_ign_interfaces/srv/detail/spawn_entity__functions.c
[20.813s] -- Installing: /home/prithiv/tentacle2/install/ros_ign_interfaces/include/ros_ign_interfaces/ros_ign_interfaces/srv/spawn_entity.h
[20.813s] -- Installing: /home/prithiv/tentacle2/install/ros_ign_interfaces/include/ros_ign_interfaces/ros_ign_interfaces/srv/set_entity_pose.h
[20.813s] -- Installing: /home/prithiv/tentacle2/install/ros_ign_interfaces/share/ros_ign_interfaces/environment/library_path.sh
[20.813s] -- Installing: /home/prithiv/tentacle2/install/ros_ign_interfaces/share/ros_ign_interfaces/environment/library_path.dsv
[20.813s] -- Installing: /home/prithiv/tentacle2/install/ros_ign_interfaces/lib/libros_ign_interfaces__rosidl_generator_c.so
[20.813s] -- Set runtime path of "/home/prithiv/tentacle2/install/ros_ign_interfaces/lib/libros_ign_interfaces__rosidl_generator_c.so" to ""
[20.813s] -- Up-to-date: /home/prithiv/tentacle2/install/ros_ign_interfaces/include/ros_ign_interfaces/ros_ign_interfaces
[20.813s] -- Up-to-date: /home/prithiv/tentacle2/install/ros_ign_interfaces/include/ros_ign_interfaces/ros_ign_interfaces/msg
[20.813s] -- Up-to-date: /home/prithiv/tentacle2/install/ros_ign_interfaces/include/ros_ign_interfaces/ros_ign_interfaces/msg/detail
[20.813s] -- Installing: /home/prithiv/tentacle2/install/ros_ign_interfaces/include/ros_ign_interfaces/ros_ign_interfaces/msg/detail/entity__rosidl_typesupport_fastrtps_c.h
[20.813s] -- Installing: /home/prithiv/tentacle2/install/ros_ign_interfaces/include/ros_ign_interfaces/ros_ign_interfaces/msg/detail/string_vec__rosidl_typesupport_fastrtps_c.h
[20.813s] -- Installing: /home/prithiv/tentacle2/install/ros_ign_interfaces/include/ros_ign_interfaces/ros_ign_interfaces/msg/detail/track_visual__rosidl_typesupport_fastrtps_c.h
[20.814s] -- Installing: /home/prithiv/tentacle2/install/ros_ign_interfaces/include/ros_ign_interfaces/ros_ign_interfaces/msg/detail/contact__rosidl_typesupport_fastrtps_c.h
[20.814s] -- Installing: /home/prithiv/tentacle2/install/ros_ign_interfaces/include/ros_ign_interfaces/ros_ign_interfaces/msg/detail/light__rosidl_typesupport_fastrtps_c.h
[20.814s] -- Installing: /home/prithiv/tentacle2/install/ros_ign_interfaces/include/ros_ign_interfaces/ros_ign_interfaces/msg/detail/world_control__rosidl_typesupport_fastrtps_c.h
[20.814s] -- Installing: /home/prithiv/tentacle2/install/ros_ign_interfaces/include/ros_ign_interfaces/ros_ign_interfaces/msg/detail/joint_wrench__rosidl_typesupport_fastrtps_c.h
[20.814s] -- Installing: /home/prithiv/tentacle2/install/ros_ign_interfaces/include/ros_ign_interfaces/ros_ign_interfaces/msg/detail/video_record__rosidl_typesupport_fastrtps_c.h
[20.814s] -- Installing: /home/prithiv/tentacle2/install/ros_ign_interfaces/include/ros_ign_interfaces/ros_ign_interfaces/msg/detail/entity_factory__rosidl_typesupport_fastrtps_c.h
[20.814s] -- Installing: /home/prithiv/tentacle2/install/ros_ign_interfaces/include/ros_ign_interfaces/ros_ign_interfaces/msg/detail/gui_camera__rosidl_typesupport_fastrtps_c.h
[20.814s] -- Installing: /home/prithiv/tentacle2/install/ros_ign_interfaces/include/ros_ign_interfaces/ros_ign_interfaces/msg/detail/world_reset__rosidl_typesupport_fastrtps_c.h
[20.814s] -- Installing: /home/prithiv/tentacle2/install/ros_ign_interfaces/include/ros_ign_interfaces/ros_ign_interfaces/msg/detail/contacts__rosidl_typesupport_fastrtps_c.h
[20.814s] -- Installing: /home/prithiv/tentacle2/install/ros_ign_interfaces/include/ros_ign_interfaces/ros_ign_interfaces/msg/rosidl_typesupport_fastrtps_c__visibility_control.h
[20.814s] -- Up-to-date: /home/prithiv/tentacle2/install/ros_ign_interfaces/include/ros_ign_interfaces/ros_ign_interfaces/srv
[20.814s] -- Up-to-date: /home/prithiv/tentacle2/install/ros_ign_interfaces/include/ros_ign_interfaces/ros_ign_interfaces/srv/detail
[20.814s] -- Installing: /home/prithiv/tentacle2/install/ros_ign_interfaces/include/ros_ign_interfaces/ros_ign_interfaces/srv/detail/control_world__rosidl_typesupport_fastrtps_c.h
[20.814s] -- Installing: /home/prithiv/tentacle2/install/ros_ign_interfaces/include/ros_ign_interfaces/ros_ign_interfaces/srv/detail/delete_entity__rosidl_typesupport_fastrtps_c.h
[20.814s] -- Installing: /home/prithiv/tentacle2/install/ros_ign_interfaces/include/ros_ign_interfaces/ros_ign_interfaces/srv/detail/spawn_entity__rosidl_typesupport_fastrtps_c.h
[20.814s] -- Installing: /home/prithiv/tentacle2/install/ros_ign_interfaces/include/ros_ign_interfaces/ros_ign_interfaces/srv/detail/set_entity_pose__rosidl_typesupport_fastrtps_c.h
[20.814s] -- Installing: /home/prithiv/tentacle2/install/ros_ign_interfaces/lib/libros_ign_interfaces__rosidl_typesupport_fastrtps_c.so
[20.814s] -- Set runtime path of "/home/prithiv/tentacle2/install/ros_ign_interfaces/lib/libros_ign_interfaces__rosidl_typesupport_fastrtps_c.so" to ""
[20.814s] -- Up-to-date: /home/prithiv/tentacle2/install/ros_ign_interfaces/include/ros_ign_interfaces/ros_ign_interfaces
[20.815s] -- Up-to-date: /home/prithiv/tentacle2/install/ros_ign_interfaces/include/ros_ign_interfaces/ros_ign_interfaces/msg
[20.815s] -- Installing: /home/prithiv/tentacle2/install/ros_ign_interfaces/include/ros_ign_interfaces/ros_ign_interfaces/msg/joint_wrench.hpp
[20.815s] -- Installing: /home/prithiv/tentacle2/install/ros_ign_interfaces/include/ros_ign_interfaces/ros_ign_interfaces/msg/rosidl_generator_cpp__visibility_control.hpp
[20.815s] -- Installing: /home/prithiv/tentacle2/install/ros_ign_interfaces/include/ros_ign_interfaces/ros_ign_interfaces/msg/contact.hpp
[20.815s] -- Installing: /home/prithiv/tentacle2/install/ros_ign_interfaces/include/ros_ign_interfaces/ros_ign_interfaces/msg/track_visual.hpp
[20.815s] -- Installing: /home/prithiv/tentacle2/install/ros_ign_interfaces/include/ros_ign_interfaces/ros_ign_interfaces/msg/entity.hpp
[20.815s] -- Installing: /home/prithiv/tentacle2/install/ros_ign_interfaces/include/ros_ign_interfaces/ros_ign_interfaces/msg/gui_camera.hpp
[20.815s] -- Installing: /home/prithiv/tentacle2/install/ros_ign_interfaces/include/ros_ign_interfaces/ros_ign_interfaces/msg/world_reset.hpp
[20.815s] -- Installing: /home/prithiv/tentacle2/install/ros_ign_interfaces/include/ros_ign_interfaces/ros_ign_interfaces/msg/string_vec.hpp
[20.815s] -- Installing: /home/prithiv/tentacle2/install/ros_ign_interfaces/include/ros_ign_interfaces/ros_ign_interfaces/msg/light.hpp
[20.815s] -- Installing: /home/prithiv/tentacle2/install/ros_ign_interfaces/include/ros_ign_interfaces/ros_ign_interfaces/msg/entity_factory.hpp
[20.815s] -- Up-to-date: /home/prithiv/tentacle2/install/ros_ign_interfaces/include/ros_ign_interfaces/ros_ign_interfaces/msg/detail
[20.815s] -- Installing: /home/prithiv/tentacle2/install/ros_ign_interfaces/include/ros_ign_interfaces/ros_ign_interfaces/msg/detail/contact__builder.hpp
[20.816s] -- Installing: /home/prithiv/tentacle2/install/ros_ign_interfaces/include/ros_ign_interfaces/ros_ign_interfaces/msg/detail/string_vec__type_support.hpp
[20.816s] -- Installing: /home/prithiv/tentacle2/install/ros_ign_interfaces/include/ros_ign_interfaces/ros_ign_interfaces/msg/detail/light__builder.hpp
[20.816s] -- Installing: /home/prithiv/tentacle2/install/ros_ign_interfaces/include/ros_ign_interfaces/ros_ign_interfaces/msg/detail/gui_camera__builder.hpp
[20.816s] -- Installing: /home/prithiv/tentacle2/install/ros_ign_interfaces/include/ros_ign_interfaces/ros_ign_interfaces/msg/detail/entity__type_support.hpp
[20.816s] -- Installing: /home/prithiv/tentacle2/install/ros_ign_interfaces/include/ros_ign_interfaces/ros_ign_interfaces/msg/detail/contact__struct.hpp
[20.816s] -- Installing: /home/prithiv/tentacle2/install/ros_ign_interfaces/include/ros_ign_interfaces/ros_ign_interfaces/msg/detail/entity__struct.hpp
[20.816s] -- Installing: /home/prithiv/tentacle2/install/ros_ign_interfaces/include/ros_ign_interfaces/ros_ign_interfaces/msg/detail/video_record__struct.hpp
[20.816s] -- Installing: /home/prithiv/tentacle2/install/ros_ign_interfaces/include/ros_ign_interfaces/ros_ign_interfaces/msg/detail/gui_camera__traits.hpp
[20.816s] -- Installing: /home/prithiv/tentacle2/install/ros_ign_interfaces/include/ros_ign_interfaces/ros_ign_interfaces/msg/detail/contacts__struct.hpp
[20.816s] -- Installing: /home/prithiv/tentacle2/install/ros_ign_interfaces/include/ros_ign_interfaces/ros_ign_interfaces/msg/detail/entity__traits.hpp
[20.816s] -- Installing: /home/prithiv/tentacle2/install/ros_ign_interfaces/include/ros_ign_interfaces/ros_ign_interfaces/msg/detail/video_record__type_support.hpp
[20.816s] -- Installing: /home/prithiv/tentacle2/install/ros_ign_interfaces/include/ros_ign_interfaces/ros_ign_interfaces/msg/detail/entity_factory__builder.hpp
[20.816s] -- Installing: /home/prithiv/tentacle2/install/ros_ign_interfaces/include/ros_ign_interfaces/ros_ign_interfaces/msg/detail/world_control__type_support.hpp
[20.820s] -- Installing: /home/prithiv/tentacle2/install/ros_ign_interfaces/include/ros_ign_interfaces/ros_ign_interfaces/msg/detail/contacts__builder.hpp
[20.820s] -- Installing: /home/prithiv/tentacle2/install/ros_ign_interfaces/include/ros_ign_interfaces/ros_ign_interfaces/msg/detail/track_visual__traits.hpp
[20.820s] -- Installing: /home/prithiv/tentacle2/install/ros_ign_interfaces/include/ros_ign_interfaces/ros_ign_interfaces/msg/detail/joint_wrench__builder.hpp
[20.820s] -- Installing: /home/prithiv/tentacle2/install/ros_ign_interfaces/include/ros_ign_interfaces/ros_ign_interfaces/msg/detail/light__traits.hpp
[20.820s] -- Installing: /home/prithiv/tentacle2/install/ros_ign_interfaces/include/ros_ign_interfaces/ros_ign_interfaces/msg/detail/world_control__traits.hpp
[20.820s] -- Installing: /home/prithiv/tentacle2/install/ros_ign_interfaces/include/ros_ign_interfaces/ros_ign_interfaces/msg/detail/world_reset__traits.hpp
[20.820s] -- Installing: /home/prithiv/tentacle2/install/ros_ign_interfaces/include/ros_ign_interfaces/ros_ign_interfaces/msg/detail/entity_factory__traits.hpp
[20.820s] -- Installing: /home/prithiv/tentacle2/install/ros_ign_interfaces/include/ros_ign_interfaces/ros_ign_interfaces/msg/detail/joint_wrench__type_support.hpp
[20.821s] -- Installing: /home/prithiv/tentacle2/install/ros_ign_interfaces/include/ros_ign_interfaces/ros_ign_interfaces/msg/detail/contact__traits.hpp
[20.821s] -- Installing: /home/prithiv/tentacle2/install/ros_ign_interfaces/include/ros_ign_interfaces/ros_ign_interfaces/msg/detail/world_reset__struct.hpp
[20.821s] -- Installing: /home/prithiv/tentacle2/install/ros_ign_interfaces/include/ros_ign_interfaces/ros_ign_interfaces/msg/detail/entity_factory__type_support.hpp
[20.821s] -- Installing: /home/prithiv/tentacle2/install/ros_ign_interfaces/include/ros_ign_interfaces/ros_ign_interfaces/msg/detail/string_vec__traits.hpp
[20.821s] -- Installing: /home/prithiv/tentacle2/install/ros_ign_interfaces/include/ros_ign_interfaces/ros_ign_interfaces/msg/detail/entity_factory__struct.hpp
[20.821s] -- Installing: /home/prithiv/tentacle2/install/ros_ign_interfaces/include/ros_ign_interfaces/ros_ign_interfaces/msg/detail/joint_wrench__struct.hpp
[20.821s] -- Installing: /home/prithiv/tentacle2/install/ros_ign_interfaces/include/ros_ign_interfaces/ros_ign_interfaces/msg/detail/world_control__builder.hpp
[20.821s] -- Installing: /home/prithiv/tentacle2/install/ros_ign_interfaces/include/ros_ign_interfaces/ros_ign_interfaces/msg/detail/light__struct.hpp
[20.821s] -- Installing: /home/prithiv/tentacle2/install/ros_ign_interfaces/include/ros_ign_interfaces/ros_ign_interfaces/msg/detail/contacts__type_support.hpp
[20.821s] -- Installing: /home/prithiv/tentacle2/install/ros_ign_interfaces/include/ros_ign_interfaces/ros_ign_interfaces/msg/detail/gui_camera__struct.hpp
[20.821s] -- Installing: /home/prithiv/tentacle2/install/ros_ign_interfaces/include/ros_ign_interfaces/ros_ign_interfaces/msg/detail/contacts__traits.hpp
[20.821s] -- Installing: /home/prithiv/tentacle2/install/ros_ign_interfaces/include/ros_ign_interfaces/ros_ign_interfaces/msg/detail/track_visual__struct.hpp
[20.821s] -- Installing: /home/prithiv/tentacle2/install/ros_ign_interfaces/include/ros_ign_interfaces/ros_ign_interfaces/msg/detail/track_visual__type_support.hpp
[20.821s] -- Installing: /home/prithiv/tentacle2/install/ros_ign_interfaces/include/ros_ign_interfaces/ros_ign_interfaces/msg/detail/string_vec__builder.hpp
[20.821s] -- Installing: /home/prithiv/tentacle2/install/ros_ign_interfaces/include/ros_ign_interfaces/ros_ign_interfaces/msg/detail/entity__builder.hpp
[20.821s] -- Installing: /home/prithiv/tentacle2/install/ros_ign_interfaces/include/ros_ign_interfaces/ros_ign_interfaces/msg/detail/video_record__traits.hpp
[20.821s] -- Installing: /home/prithiv/tentacle2/install/ros_ign_interfaces/include/ros_ign_interfaces/ros_ign_interfaces/msg/detail/contact__type_support.hpp
[20.821s] -- Installing: /home/prithiv/tentacle2/install/ros_ign_interfaces/include/ros_ign_interfaces/ros_ign_interfaces/msg/detail/track_visual__builder.hpp
[20.822s] -- Installing: /home/prithiv/tentacle2/install/ros_ign_interfaces/include/ros_ign_interfaces/ros_ign_interfaces/msg/detail/world_reset__builder.hpp
[20.822s] -- Installing: /home/prithiv/tentacle2/install/ros_ign_interfaces/include/ros_ign_interfaces/ros_ign_interfaces/msg/detail/world_control__struct.hpp
[20.822s] -- Installing: /home/prithiv/tentacle2/install/ros_ign_interfaces/include/ros_ign_interfaces/ros_ign_interfaces/msg/detail/video_record__builder.hpp
[20.822s] -- Installing: /home/prithiv/tentacle2/install/ros_ign_interfaces/include/ros_ign_interfaces/ros_ign_interfaces/msg/detail/gui_camera__type_support.hpp
[20.822s] -- Installing: /home/prithiv/tentacle2/install/ros_ign_interfaces/include/ros_ign_interfaces/ros_ign_interfaces/msg/detail/joint_wrench__traits.hpp
[20.822s] -- Installing: /home/prithiv/tentacle2/install/ros_ign_interfaces/include/ros_ign_interfaces/ros_ign_interfaces/msg/detail/world_reset__type_support.hpp
[20.822s] -- Installing: /home/prithiv/tentacle2/install/ros_ign_interfaces/include/ros_ign_interfaces/ros_ign_interfaces/msg/detail/light__type_support.hpp
[20.822s] -- Installing: /home/prithiv/tentacle2/install/ros_ign_interfaces/include/ros_ign_interfaces/ros_ign_interfaces/msg/detail/string_vec__struct.hpp
[20.822s] -- Installing: /home/prithiv/tentacle2/install/ros_ign_interfaces/include/ros_ign_interfaces/ros_ign_interfaces/msg/world_control.hpp
[20.822s] -- Installing: /home/prithiv/tentacle2/install/ros_ign_interfaces/include/ros_ign_interfaces/ros_ign_interfaces/msg/contacts.hpp
[20.822s] -- Installing: /home/prithiv/tentacle2/install/ros_ign_interfaces/include/ros_ign_interfaces/ros_ign_interfaces/msg/video_record.hpp
[20.822s] -- Up-to-date: /home/prithiv/tentacle2/install/ros_ign_interfaces/include/ros_ign_interfaces/ros_ign_interfaces/srv
[20.822s] -- Installing: /home/prithiv/tentacle2/install/ros_ign_interfaces/include/ros_ign_interfaces/ros_ign_interfaces/srv/set_entity_pose.hpp
[20.822s] -- Installing: /home/prithiv/tentacle2/install/ros_ign_interfaces/include/ros_ign_interfaces/ros_ign_interfaces/srv/delete_entity.hpp
[20.823s] -- Up-to-date: /home/prithiv/tentacle2/install/ros_ign_interfaces/include/ros_ign_interfaces/ros_ign_interfaces/srv/detail
[20.823s] -- Installing: /home/prithiv/tentacle2/install/ros_ign_interfaces/include/ros_ign_interfaces/ros_ign_interfaces/srv/detail/set_entity_pose__builder.hpp
[20.823s] -- Installing: /home/prithiv/tentacle2/install/ros_ign_interfaces/include/ros_ign_interfaces/ros_ign_interfaces/srv/detail/set_entity_pose__type_support.hpp
[20.823s] -- Installing: /home/prithiv/tentacle2/install/ros_ign_interfaces/include/ros_ign_interfaces/ros_ign_interfaces/srv/detail/control_world__builder.hpp
[20.823s] -- Installing: /home/prithiv/tentacle2/install/ros_ign_interfaces/include/ros_ign_interfaces/ros_ign_interfaces/srv/detail/set_entity_pose__struct.hpp
[20.823s] -- Installing: /home/prithiv/tentacle2/install/ros_ign_interfaces/include/ros_ign_interfaces/ros_ign_interfaces/srv/detail/control_world__struct.hpp
[20.823s] -- Installing: /home/prithiv/tentacle2/install/ros_ign_interfaces/include/ros_ign_interfaces/ros_ign_interfaces/srv/detail/spawn_entity__struct.hpp
[20.823s] -- Installing: /home/prithiv/tentacle2/install/ros_ign_interfaces/include/ros_ign_interfaces/ros_ign_interfaces/srv/detail/delete_entity__type_support.hpp
[20.823s] -- Installing: /home/prithiv/tentacle2/install/ros_ign_interfaces/include/ros_ign_interfaces/ros_ign_interfaces/srv/detail/set_entity_pose__traits.hpp
[20.823s] -- Installing: /home/prithiv/tentacle2/install/ros_ign_interfaces/include/ros_ign_interfaces/ros_ign_interfaces/srv/detail/spawn_entity__traits.hpp
[20.823s] -- Installing: /home/prithiv/tentacle2/install/ros_ign_interfaces/include/ros_ign_interfaces/ros_ign_interfaces/srv/detail/delete_entity__traits.hpp
[20.823s] -- Installing: /home/prithiv/tentacle2/install/ros_ign_interfaces/include/ros_ign_interfaces/ros_ign_interfaces/srv/detail/spawn_entity__type_support.hpp
[20.823s] -- Installing: /home/prithiv/tentacle2/install/ros_ign_interfaces/include/ros_ign_interfaces/ros_ign_interfaces/srv/detail/control_world__type_support.hpp
[20.823s] -- Installing: /home/prithiv/tentacle2/install/ros_ign_interfaces/include/ros_ign_interfaces/ros_ign_interfaces/srv/detail/delete_entity__builder.hpp
[20.823s] -- Installing: /home/prithiv/tentacle2/install/ros_ign_interfaces/include/ros_ign_interfaces/ros_ign_interfaces/srv/detail/delete_entity__struct.hpp
[20.823s] -- Installing: /home/prithiv/tentacle2/install/ros_ign_interfaces/include/ros_ign_interfaces/ros_ign_interfaces/srv/detail/control_world__traits.hpp
[20.827s] -- Installing: /home/prithiv/tentacle2/install/ros_ign_interfaces/include/ros_ign_interfaces/ros_ign_interfaces/srv/detail/spawn_entity__builder.hpp
[20.827s] -- Installing: /home/prithiv/tentacle2/install/ros_ign_interfaces/include/ros_ign_interfaces/ros_ign_interfaces/srv/control_world.hpp
[20.827s] -- Installing: /home/prithiv/tentacle2/install/ros_ign_interfaces/include/ros_ign_interfaces/ros_ign_interfaces/srv/spawn_entity.hpp
[20.828s] -- Up-to-date: /home/prithiv/tentacle2/install/ros_ign_interfaces/include/ros_ign_interfaces/ros_ign_interfaces
[20.828s] -- Up-to-date: /home/prithiv/tentacle2/install/ros_ign_interfaces/include/ros_ign_interfaces/ros_ign_interfaces/msg
[20.828s] -- Up-to-date: /home/prithiv/tentacle2/install/ros_ign_interfaces/include/ros_ign_interfaces/ros_ign_interfaces/msg/detail
[20.828s] -- Installing: /home/prithiv/tentacle2/install/ros_ign_interfaces/include/ros_ign_interfaces/ros_ign_interfaces/msg/detail/gui_camera__rosidl_typesupport_fastrtps_cpp.hpp
[20.828s] -- Installing: /home/prithiv/tentacle2/install/ros_ign_interfaces/include/ros_ign_interfaces/ros_ign_interfaces/msg/detail/string_vec__rosidl_typesupport_fastrtps_cpp.hpp
[20.828s] -- Installing: /home/prithiv/tentacle2/install/ros_ign_interfaces/include/ros_ign_interfaces/ros_ign_interfaces/msg/detail/track_visual__rosidl_typesupport_fastrtps_cpp.hpp
[20.828s] -- Installing: /home/prithiv/tentacle2/install/ros_ign_interfaces/include/ros_ign_interfaces/ros_ign_interfaces/msg/detail/entity_factory__rosidl_typesupport_fastrtps_cpp.hpp
[20.828s] -- Installing: /home/prithiv/tentacle2/install/ros_ign_interfaces/include/ros_ign_interfaces/ros_ign_interfaces/msg/detail/light__rosidl_typesupport_fastrtps_cpp.hpp
[20.828s] -- Installing: /home/prithiv/tentacle2/install/ros_ign_interfaces/include/ros_ign_interfaces/ros_ign_interfaces/msg/detail/world_reset__rosidl_typesupport_fastrtps_cpp.hpp
[20.828s] -- Installing: /home/prithiv/tentacle2/install/ros_ign_interfaces/include/ros_ign_interfaces/ros_ign_interfaces/msg/detail/contact__rosidl_typesupport_fastrtps_cpp.hpp
[20.828s] -- Installing: /home/prithiv/tentacle2/install/ros_ign_interfaces/include/ros_ign_interfaces/ros_ign_interfaces/msg/detail/joint_wrench__rosidl_typesupport_fastrtps_cpp.hpp
[20.828s] -- Installing: /home/prithiv/tentacle2/install/ros_ign_interfaces/include/ros_ign_interfaces/ros_ign_interfaces/msg/detail/entity__rosidl_typesupport_fastrtps_cpp.hpp
[20.828s] -- Installing: /home/prithiv/tentacle2/install/ros_ign_interfaces/include/ros_ign_interfaces/ros_ign_interfaces/msg/detail/contacts__rosidl_typesupport_fastrtps_cpp.hpp
[20.828s] -- Installing: /home/prithiv/tentacle2/install/ros_ign_interfaces/include/ros_ign_interfaces/ros_ign_interfaces/msg/detail/world_control__rosidl_typesupport_fastrtps_cpp.hpp
[20.829s] -- Installing: /home/prithiv/tentacle2/install/ros_ign_interfaces/include/ros_ign_interfaces/ros_ign_interfaces/msg/detail/dds_fastrtps
[20.829s] -- Installing: /home/prithiv/tentacle2/install/ros_ign_interfaces/include/ros_ign_interfaces/ros_ign_interfaces/msg/detail/video_record__rosidl_typesupport_fastrtps_cpp.hpp
[20.829s] -- Installing: /home/prithiv/tentacle2/install/ros_ign_interfaces/include/ros_ign_interfaces/ros_ign_interfaces/msg/rosidl_typesupport_fastrtps_cpp__visibility_control.h
[20.829s] -- Up-to-date: /home/prithiv/tentacle2/install/ros_ign_interfaces/include/ros_ign_interfaces/ros_ign_interfaces/srv
[20.829s] -- Up-to-date: /home/prithiv/tentacle2/install/ros_ign_interfaces/include/ros_ign_interfaces/ros_ign_interfaces/srv/detail
[20.829s] -- Installing: /home/prithiv/tentacle2/install/ros_ign_interfaces/include/ros_ign_interfaces/ros_ign_interfaces/srv/detail/set_entity_pose__rosidl_typesupport_fastrtps_cpp.hpp
[20.829s] -- Installing: /home/prithiv/tentacle2/install/ros_ign_interfaces/include/ros_ign_interfaces/ros_ign_interfaces/srv/detail/spawn_entity__rosidl_typesupport_fastrtps_cpp.hpp
[20.829s] -- Installing: /home/prithiv/tentacle2/install/ros_ign_interfaces/include/ros_ign_interfaces/ros_ign_interfaces/srv/detail/delete_entity__rosidl_typesupport_fastrtps_cpp.hpp
[20.829s] -- Installing: /home/prithiv/tentacle2/install/ros_ign_interfaces/include/ros_ign_interfaces/ros_ign_interfaces/srv/detail/control_world__rosidl_typesupport_fastrtps_cpp.hpp
[20.829s] -- Installing: /home/prithiv/tentacle2/install/ros_ign_interfaces/include/ros_ign_interfaces/ros_ign_interfaces/srv/detail/dds_fastrtps
[20.829s] -- Installing: /home/prithiv/tentacle2/install/ros_ign_interfaces/lib/libros_ign_interfaces__rosidl_typesupport_fastrtps_cpp.so
[20.830s] -- Set runtime path of "/home/prithiv/tentacle2/install/ros_ign_interfaces/lib/libros_ign_interfaces__rosidl_typesupport_fastrtps_cpp.so" to ""
[20.830s] -- Up-to-date: /home/prithiv/tentacle2/install/ros_ign_interfaces/include/ros_ign_interfaces/ros_ign_interfaces
[20.830s] -- Up-to-date: /home/prithiv/tentacle2/install/ros_ign_interfaces/include/ros_ign_interfaces/ros_ign_interfaces/msg
[20.830s] -- Installing: /home/prithiv/tentacle2/install/ros_ign_interfaces/include/ros_ign_interfaces/ros_ign_interfaces/msg/rosidl_typesupport_introspection_c__visibility_control.h
[20.830s] -- Up-to-date: /home/prithiv/tentacle2/install/ros_ign_interfaces/include/ros_ign_interfaces/ros_ign_interfaces/msg/detail
[20.830s] -- Installing: /home/prithiv/tentacle2/install/ros_ign_interfaces/include/ros_ign_interfaces/ros_ign_interfaces/msg/detail/video_record__type_support.c
[20.831s] -- Installing: /home/prithiv/tentacle2/install/ros_ign_interfaces/include/ros_ign_interfaces/ros_ign_interfaces/msg/detail/joint_wrench__rosidl_typesupport_introspection_c.h
[20.831s] -- Installing: /home/prithiv/tentacle2/install/ros_ign_interfaces/include/ros_ign_interfaces/ros_ign_interfaces/msg/detail/world_reset__rosidl_typesupport_introspection_c.h
[20.831s] -- Installing: /home/prithiv/tentacle2/install/ros_ign_interfaces/include/ros_ign_interfaces/ros_ign_interfaces/msg/detail/world_control__type_support.c
[20.831s] -- Installing: /home/prithiv/tentacle2/install/ros_ign_interfaces/include/ros_ign_interfaces/ros_ign_interfaces/msg/detail/string_vec__rosidl_typesupport_introspection_c.h
[20.831s] -- Installing: /home/prithiv/tentacle2/install/ros_ign_interfaces/include/ros_ign_interfaces/ros_ign_interfaces/msg/detail/light__type_support.c
[20.834s] -- Installing: /home/prithiv/tentacle2/install/ros_ign_interfaces/include/ros_ign_interfaces/ros_ign_interfaces/msg/detail/entity_factory__rosidl_typesupport_introspection_c.h
[20.834s] -- Installing: /home/prithiv/tentacle2/install/ros_ign_interfaces/include/ros_ign_interfaces/ros_ign_interfaces/msg/detail/entity__rosidl_typesupport_introspection_c.h
[20.834s] -- Installing: /home/prithiv/tentacle2/install/ros_ign_interfaces/include/ros_ign_interfaces/ros_ign_interfaces/msg/detail/video_record__rosidl_typesupport_introspection_c.h
[20.834s] -- Installing: /home/prithiv/tentacle2/install/ros_ign_interfaces/include/ros_ign_interfaces/ros_ign_interfaces/msg/detail/contacts__rosidl_typesupport_introspection_c.h
[20.834s] -- Installing: /home/prithiv/tentacle2/install/ros_ign_interfaces/include/ros_ign_interfaces/ros_ign_interfaces/msg/detail/world_reset__type_support.c
[20.835s] -- Installing: /home/prithiv/tentacle2/install/ros_ign_interfaces/include/ros_ign_interfaces/ros_ign_interfaces/msg/detail/entity__type_support.c
[20.835s] -- Installing: /home/prithiv/tentacle2/install/ros_ign_interfaces/include/ros_ign_interfaces/ros_ign_interfaces/msg/detail/contact__rosidl_typesupport_introspection_c.h
[20.835s] -- Installing: /home/prithiv/tentacle2/install/ros_ign_interfaces/include/ros_ign_interfaces/ros_ign_interfaces/msg/detail/track_visual__rosidl_typesupport_introspection_c.h
[20.835s] -- Installing: /home/prithiv/tentacle2/install/ros_ign_interfaces/include/ros_ign_interfaces/ros_ign_interfaces/msg/detail/gui_camera__type_support.c
[20.835s] -- Installing: /home/prithiv/tentacle2/install/ros_ign_interfaces/include/ros_ign_interfaces/ros_ign_interfaces/msg/detail/light__rosidl_typesupport_introspection_c.h
[20.835s] -- Installing: /home/prithiv/tentacle2/install/ros_ign_interfaces/include/ros_ign_interfaces/ros_ign_interfaces/msg/detail/contact__type_support.c
[20.835s] -- Installing: /home/prithiv/tentacle2/install/ros_ign_interfaces/include/ros_ign_interfaces/ros_ign_interfaces/msg/detail/entity_factory__type_support.c
[20.835s] -- Installing: /home/prithiv/tentacle2/install/ros_ign_interfaces/include/ros_ign_interfaces/ros_ign_interfaces/msg/detail/track_visual__type_support.c
[20.835s] -- Installing: /home/prithiv/tentacle2/install/ros_ign_interfaces/include/ros_ign_interfaces/ros_ign_interfaces/msg/detail/string_vec__type_support.c
[20.835s] -- Installing: /home/prithiv/tentacle2/install/ros_ign_interfaces/include/ros_ign_interfaces/ros_ign_interfaces/msg/detail/gui_camera__rosidl_typesupport_introspection_c.h
[20.835s] -- Installing: /home/prithiv/tentacle2/install/ros_ign_interfaces/include/ros_ign_interfaces/ros_ign_interfaces/msg/detail/world_control__rosidl_typesupport_introspection_c.h
[20.835s] -- Installing: /home/prithiv/tentacle2/install/ros_ign_interfaces/include/ros_ign_interfaces/ros_ign_interfaces/msg/detail/contacts__type_support.c
[20.835s] -- Installing: /home/prithiv/tentacle2/install/ros_ign_interfaces/include/ros_ign_interfaces/ros_ign_interfaces/msg/detail/joint_wrench__type_support.c
[20.835s] -- Up-to-date: /home/prithiv/tentacle2/install/ros_ign_interfaces/include/ros_ign_interfaces/ros_ign_interfaces/srv
[20.836s] -- Up-to-date: /home/prithiv/tentacle2/install/ros_ign_interfaces/include/ros_ign_interfaces/ros_ign_interfaces/srv/detail
[20.836s] -- Installing: /home/prithiv/tentacle2/install/ros_ign_interfaces/include/ros_ign_interfaces/ros_ign_interfaces/srv/detail/spawn_entity__rosidl_typesupport_introspection_c.h
[20.836s] -- Installing: /home/prithiv/tentacle2/install/ros_ign_interfaces/include/ros_ign_interfaces/ros_ign_interfaces/srv/detail/spawn_entity__type_support.c
[20.836s] -- Installing: /home/prithiv/tentacle2/install/ros_ign_interfaces/include/ros_ign_interfaces/ros_ign_interfaces/srv/detail/set_entity_pose__rosidl_typesupport_introspection_c.h
[20.836s] -- Installing: /home/prithiv/tentacle2/install/ros_ign_interfaces/include/ros_ign_interfaces/ros_ign_interfaces/srv/detail/delete_entity__type_support.c
[20.836s] -- Installing: /home/prithiv/tentacle2/install/ros_ign_interfaces/include/ros_ign_interfaces/ros_ign_interfaces/srv/detail/control_world__rosidl_typesupport_introspection_c.h
[20.836s] -- Installing: /home/prithiv/tentacle2/install/ros_ign_interfaces/include/ros_ign_interfaces/ros_ign_interfaces/srv/detail/set_entity_pose__type_support.c
[20.836s] -- Installing: /home/prithiv/tentacle2/install/ros_ign_interfaces/include/ros_ign_interfaces/ros_ign_interfaces/srv/detail/delete_entity__rosidl_typesupport_introspection_c.h
[20.836s] -- Installing: /home/prithiv/tentacle2/install/ros_ign_interfaces/include/ros_ign_interfaces/ros_ign_interfaces/srv/detail/control_world__type_support.c
[20.836s] -- Installing: /home/prithiv/tentacle2/install/ros_ign_interfaces/lib/libros_ign_interfaces__rosidl_typesupport_introspection_c.so
[20.837s] -- Set runtime path of "/home/prithiv/tentacle2/install/ros_ign_interfaces/lib/libros_ign_interfaces__rosidl_typesupport_introspection_c.so" to ""
[20.837s] -- Installing: /home/prithiv/tentacle2/install/ros_ign_interfaces/lib/libros_ign_interfaces__rosidl_typesupport_c.so
[20.841s] -- Set runtime path of "/home/prithiv/tentacle2/install/ros_ign_interfaces/lib/libros_ign_interfaces__rosidl_typesupport_c.so" to ""
[20.841s] -- Up-to-date: /home/prithiv/tentacle2/install/ros_ign_interfaces/include/ros_ign_interfaces/ros_ign_interfaces
[20.841s] -- Up-to-date: /home/prithiv/tentacle2/install/ros_ign_interfaces/include/ros_ign_interfaces/ros_ign_interfaces/msg
[20.841s] -- Up-to-date: /home/prithiv/tentacle2/install/ros_ign_interfaces/include/ros_ign_interfaces/ros_ign_interfaces/msg/detail
[20.841s] -- Installing: /home/prithiv/tentacle2/install/ros_ign_interfaces/include/ros_ign_interfaces/ros_ign_interfaces/msg/detail/string_vec__rosidl_typesupport_introspection_cpp.hpp
[20.841s] -- Installing: /home/prithiv/tentacle2/install/ros_ign_interfaces/include/ros_ign_interfaces/ros_ign_interfaces/msg/detail/track_visual__rosidl_typesupport_introspection_cpp.hpp
[20.842s] -- Installing: /home/prithiv/tentacle2/install/ros_ign_interfaces/include/ros_ign_interfaces/ros_ign_interfaces/msg/detail/light__rosidl_typesupport_introspection_cpp.hpp
[20.842s] -- Installing: /home/prithiv/tentacle2/install/ros_ign_interfaces/include/ros_ign_interfaces/ros_ign_interfaces/msg/detail/entity_factory__type_support.cpp
[20.842s] -- Installing: /home/prithiv/tentacle2/install/ros_ign_interfaces/include/ros_ign_interfaces/ros_ign_interfaces/msg/detail/gui_camera__type_support.cpp
[20.842s] -- Installing: /home/prithiv/tentacle2/install/ros_ign_interfaces/include/ros_ign_interfaces/ros_ign_interfaces/msg/detail/world_reset__rosidl_typesupport_introspection_cpp.hpp
[20.842s] -- Installing: /home/prithiv/tentacle2/install/ros_ign_interfaces/include/ros_ign_interfaces/ros_ign_interfaces/msg/detail/contact__type_support.cpp
[20.842s] -- Installing: /home/prithiv/tentacle2/install/ros_ign_interfaces/include/ros_ign_interfaces/ros_ign_interfaces/msg/detail/light__type_support.cpp
[20.842s] -- Installing: /home/prithiv/tentacle2/install/ros_ign_interfaces/include/ros_ign_interfaces/ros_ign_interfaces/msg/detail/video_record__type_support.cpp
[20.842s] -- Installing: /home/prithiv/tentacle2/install/ros_ign_interfaces/include/ros_ign_interfaces/ros_ign_interfaces/msg/detail/contacts__type_support.cpp
[20.842s] -- Installing: /home/prithiv/tentacle2/install/ros_ign_interfaces/include/ros_ign_interfaces/ros_ign_interfaces/msg/detail/world_control__rosidl_typesupport_introspection_cpp.hpp
[20.842s] -- Installing: /home/prithiv/tentacle2/install/ros_ign_interfaces/include/ros_ign_interfaces/ros_ign_interfaces/msg/detail/video_record__rosidl_typesupport_introspection_cpp.hpp
[20.842s] -- Installing: /home/prithiv/tentacle2/install/ros_ign_interfaces/include/ros_ign_interfaces/ros_ign_interfaces/msg/detail/contact__rosidl_typesupport_introspection_cpp.hpp
[20.843s] -- Installing: /home/prithiv/tentacle2/install/ros_ign_interfaces/include/ros_ign_interfaces/ros_ign_interfaces/msg/detail/gui_camera__rosidl_typesupport_introspection_cpp.hpp
[20.843s] -- Installing: /home/prithiv/tentacle2/install/ros_ign_interfaces/include/ros_ign_interfaces/ros_ign_interfaces/msg/detail/contacts__rosidl_typesupport_introspection_cpp.hpp
[20.843s] -- Installing: /home/prithiv/tentacle2/install/ros_ign_interfaces/include/ros_ign_interfaces/ros_ign_interfaces/msg/detail/track_visual__type_support.cpp
[20.843s] -- Installing: /home/prithiv/tentacle2/install/ros_ign_interfaces/include/ros_ign_interfaces/ros_ign_interfaces/msg/detail/joint_wrench__type_support.cpp
[20.843s] -- Installing: /home/prithiv/tentacle2/install/ros_ign_interfaces/include/ros_ign_interfaces/ros_ign_interfaces/msg/detail/world_control__type_support.cpp
[20.844s] -- Installing: /home/prithiv/tentacle2/install/ros_ign_interfaces/include/ros_ign_interfaces/ros_ign_interfaces/msg/detail/entity__rosidl_typesupport_introspection_cpp.hpp
[20.844s] -- Installing: /home/prithiv/tentacle2/install/ros_ign_interfaces/include/ros_ign_interfaces/ros_ign_interfaces/msg/detail/entity__type_support.cpp
[20.844s] -- Installing: /home/prithiv/tentacle2/install/ros_ign_interfaces/include/ros_ign_interfaces/ros_ign_interfaces/msg/detail/string_vec__type_support.cpp
[20.844s] -- Installing: /home/prithiv/tentacle2/install/ros_ign_interfaces/include/ros_ign_interfaces/ros_ign_interfaces/msg/detail/joint_wrench__rosidl_typesupport_introspection_cpp.hpp
[20.844s] -- Installing: /home/prithiv/tentacle2/install/ros_ign_interfaces/include/ros_ign_interfaces/ros_ign_interfaces/msg/detail/entity_factory__rosidl_typesupport_introspection_cpp.hpp
[20.844s] -- Installing: /home/prithiv/tentacle2/install/ros_ign_interfaces/include/ros_ign_interfaces/ros_ign_interfaces/msg/detail/world_reset__type_support.cpp
[20.845s] -- Up-to-date: /home/prithiv/tentacle2/install/ros_ign_interfaces/include/ros_ign_interfaces/ros_ign_interfaces/srv
[20.845s] -- Up-to-date: /home/prithiv/tentacle2/install/ros_ign_interfaces/include/ros_ign_interfaces/ros_ign_interfaces/srv/detail
[20.845s] -- Installing: /home/prithiv/tentacle2/install/ros_ign_interfaces/include/ros_ign_interfaces/ros_ign_interfaces/srv/detail/set_entity_pose__type_support.cpp
[20.845s] -- Installing: /home/prithiv/tentacle2/install/ros_ign_interfaces/include/ros_ign_interfaces/ros_ign_interfaces/srv/detail/set_entity_pose__rosidl_typesupport_introspection_cpp.hpp
[20.845s] -- Installing: /home/prithiv/tentacle2/install/ros_ign_interfaces/include/ros_ign_interfaces/ros_ign_interfaces/srv/detail/spawn_entity__rosidl_typesupport_introspection_cpp.hpp
[20.845s] -- Installing: /home/prithiv/tentacle2/install/ros_ign_interfaces/include/ros_ign_interfaces/ros_ign_interfaces/srv/detail/spawn_entity__type_support.cpp
[20.845s] -- Installing: /home/prithiv/tentacle2/install/ros_ign_interfaces/include/ros_ign_interfaces/ros_ign_interfaces/srv/detail/delete_entity__rosidl_typesupport_introspection_cpp.hpp
[20.845s] -- Installing: /home/prithiv/tentacle2/install/ros_ign_interfaces/include/ros_ign_interfaces/ros_ign_interfaces/srv/detail/delete_entity__type_support.cpp
[20.845s] -- Installing: /home/prithiv/tentacle2/install/ros_ign_interfaces/include/ros_ign_interfaces/ros_ign_interfaces/srv/detail/control_world__type_support.cpp
[20.846s] -- Installing: /home/prithiv/tentacle2/install/ros_ign_interfaces/include/ros_ign_interfaces/ros_ign_interfaces/srv/detail/control_world__rosidl_typesupport_introspection_cpp.hpp
[20.846s] -- Installing: /home/prithiv/tentacle2/install/ros_ign_interfaces/lib/libros_ign_interfaces__rosidl_typesupport_introspection_cpp.so
[20.849s] -- Set runtime path of "/home/prithiv/tentacle2/install/ros_ign_interfaces/lib/libros_ign_interfaces__rosidl_typesupport_introspection_cpp.so" to ""
[20.849s] -- Installing: /home/prithiv/tentacle2/install/ros_ign_interfaces/lib/libros_ign_interfaces__rosidl_typesupport_cpp.so
[20.850s] -- Set runtime path of "/home/prithiv/tentacle2/install/ros_ign_interfaces/lib/libros_ign_interfaces__rosidl_typesupport_cpp.so" to ""
[20.850s] -- Installing: /home/prithiv/tentacle2/install/ros_ign_interfaces/share/ros_ign_interfaces/environment/pythonpath.sh
[20.850s] -- Installing: /home/prithiv/tentacle2/install/ros_ign_interfaces/share/ros_ign_interfaces/environment/pythonpath.dsv
[20.850s] -- Installing: /home/prithiv/tentacle2/install/ros_ign_interfaces/local/lib/python3.10/dist-packages/ros_ign_interfaces-0.244.16-py3.10.egg-info
[20.850s] -- Installing: /home/prithiv/tentacle2/install/ros_ign_interfaces/local/lib/python3.10/dist-packages/ros_ign_interfaces-0.244.16-py3.10.egg-info/dependency_links.txt
[20.850s] -- Installing: /home/prithiv/tentacle2/install/ros_ign_interfaces/local/lib/python3.10/dist-packages/ros_ign_interfaces-0.244.16-py3.10.egg-info/top_level.txt
[20.850s] -- Installing: /home/prithiv/tentacle2/install/ros_ign_interfaces/local/lib/python3.10/dist-packages/ros_ign_interfaces-0.244.16-py3.10.egg-info/SOURCES.txt
[20.850s] -- Installing: /home/prithiv/tentacle2/install/ros_ign_interfaces/local/lib/python3.10/dist-packages/ros_ign_interfaces-0.244.16-py3.10.egg-info/PKG-INFO
[20.850s] -- Installing: /home/prithiv/tentacle2/install/ros_ign_interfaces/local/lib/python3.10/dist-packages/ros_ign_interfaces
[20.850s] -- Installing: /home/prithiv/tentacle2/install/ros_ign_interfaces/local/lib/python3.10/dist-packages/ros_ign_interfaces/_ros_ign_interfaces_s.ep.rosidl_typesupport_c.c
[20.851s] -- Installing: /home/prithiv/tentacle2/install/ros_ign_interfaces/local/lib/python3.10/dist-packages/ros_ign_interfaces/ros_ign_interfaces_s__rosidl_typesupport_fastrtps_c.cpython-310-x86_64-linux-gnu.so
[20.851s] -- Installing: /home/prithiv/tentacle2/install/ros_ign_interfaces/local/lib/python3.10/dist-packages/ros_ign_interfaces/libros_ign_interfaces__rosidl_generator_py.so
[20.851s] -- Installing: /home/prithiv/tentacle2/install/ros_ign_interfaces/local/lib/python3.10/dist-packages/ros_ign_interfaces/_ros_ign_interfaces_s.ep.rosidl_typesupport_fastrtps_c.c
[20.851s] -- Installing: /home/prithiv/tentacle2/install/ros_ign_interfaces/local/lib/python3.10/dist-packages/ros_ign_interfaces/_ros_ign_interfaces_s.ep.rosidl_typesupport_introspection_c.c
[20.851s] -- Installing: /home/prithiv/tentacle2/install/ros_ign_interfaces/local/lib/python3.10/dist-packages/ros_ign_interfaces/ros_ign_interfaces_s__rosidl_typesupport_introspection_c.cpython-310-x86_64-linux-gnu.so
[20.851s] -- Installing: /home/prithiv/tentacle2/install/ros_ign_interfaces/local/lib/python3.10/dist-packages/ros_ign_interfaces/msg
[20.852s] -- Installing: /home/prithiv/tentacle2/install/ros_ign_interfaces/local/lib/python3.10/dist-packages/ros_ign_interfaces/msg/_world_reset_s.c
[20.852s] -- Installing: /home/prithiv/tentacle2/install/ros_ign_interfaces/local/lib/python3.10/dist-packages/ros_ign_interfaces/msg/_string_vec_s.c
[20.852s] -- Installing: /home/prithiv/tentacle2/install/ros_ign_interfaces/local/lib/python3.10/dist-packages/ros_ign_interfaces/msg/_gui_camera_s.c
[20.852s] -- Installing: /home/prithiv/tentacle2/install/ros_ign_interfaces/local/lib/python3.10/dist-packages/ros_ign_interfaces/msg/_track_visual_s.c
[20.852s] -- Installing: /home/prithiv/tentacle2/install/ros_ign_interfaces/local/lib/python3.10/dist-packages/ros_ign_interfaces/msg/_world_control_s.c
[20.852s] -- Installing: /home/prithiv/tentacle2/install/ros_ign_interfaces/local/lib/python3.10/dist-packages/ros_ign_interfaces/msg/_light.py
[20.852s] -- Installing: /home/prithiv/tentacle2/install/ros_ign_interfaces/local/lib/python3.10/dist-packages/ros_ign_interfaces/msg/_contact.py
[20.852s] -- Installing: /home/prithiv/tentacle2/install/ros_ign_interfaces/local/lib/python3.10/dist-packages/ros_ign_interfaces/msg/_entity_factory.py
[20.852s] -- Installing: /home/prithiv/tentacle2/install/ros_ign_interfaces/local/lib/python3.10/dist-packages/ros_ign_interfaces/msg/_entity.py
[20.852s] -- Installing: /home/prithiv/tentacle2/install/ros_ign_interfaces/local/lib/python3.10/dist-packages/ros_ign_interfaces/msg/_contact_s.c
[20.852s] -- Installing: /home/prithiv/tentacle2/install/ros_ign_interfaces/local/lib/python3.10/dist-packages/ros_ign_interfaces/msg/_contacts_s.c
[20.852s] -- Installing: /home/prithiv/tentacle2/install/ros_ign_interfaces/local/lib/python3.10/dist-packages/ros_ign_interfaces/msg/_contacts.py
[20.853s] -- Installing: /home/prithiv/tentacle2/install/ros_ign_interfaces/local/lib/python3.10/dist-packages/ros_ign_interfaces/msg/_world_control.py
[20.853s] -- Installing: /home/prithiv/tentacle2/install/ros_ign_interfaces/local/lib/python3.10/dist-packages/ros_ign_interfaces/msg/_world_reset.py
[20.853s] -- Installing: /home/prithiv/tentacle2/install/ros_ign_interfaces/local/lib/python3.10/dist-packages/ros_ign_interfaces/msg/_video_record_s.c
[20.853s] -- Installing: /home/prithiv/tentacle2/install/ros_ign_interfaces/local/lib/python3.10/dist-packages/ros_ign_interfaces/msg/_video_record.py
[20.853s] -- Installing: /home/prithiv/tentacle2/install/ros_ign_interfaces/local/lib/python3.10/dist-packages/ros_ign_interfaces/msg/_gui_camera.py
[20.853s] -- Installing: /home/prithiv/tentacle2/install/ros_ign_interfaces/local/lib/python3.10/dist-packages/ros_ign_interfaces/msg/_string_vec.py
[20.853s] -- Installing: /home/prithiv/tentacle2/install/ros_ign_interfaces/local/lib/python3.10/dist-packages/ros_ign_interfaces/msg/_light_s.c
[20.858s] -- Installing: /home/prithiv/tentacle2/install/ros_ign_interfaces/local/lib/python3.10/dist-packages/ros_ign_interfaces/msg/_entity_s.c
[20.858s] -- Installing: /home/prithiv/tentacle2/install/ros_ign_interfaces/local/lib/python3.10/dist-packages/ros_ign_interfaces/msg/_entity_factory_s.c
[20.858s] -- Installing: /home/prithiv/tentacle2/install/ros_ign_interfaces/local/lib/python3.10/dist-packages/ros_ign_interfaces/msg/_track_visual.py
[20.858s] -- Installing: /home/prithiv/tentacle2/install/ros_ign_interfaces/local/lib/python3.10/dist-packages/ros_ign_interfaces/msg/_joint_wrench_s.c
[20.858s] -- Installing: /home/prithiv/tentacle2/install/ros_ign_interfaces/local/lib/python3.10/dist-packages/ros_ign_interfaces/msg/__init__.py
[20.859s] -- Installing: /home/prithiv/tentacle2/install/ros_ign_interfaces/local/lib/python3.10/dist-packages/ros_ign_interfaces/msg/_joint_wrench.py
[20.859s] -- Installing: /home/prithiv/tentacle2/install/ros_ign_interfaces/local/lib/python3.10/dist-packages/ros_ign_interfaces/srv
[20.859s] -- Installing: /home/prithiv/tentacle2/install/ros_ign_interfaces/local/lib/python3.10/dist-packages/ros_ign_interfaces/srv/_control_world_s.c
[20.859s] -- Installing: /home/prithiv/tentacle2/install/ros_ign_interfaces/local/lib/python3.10/dist-packages/ros_ign_interfaces/srv/_control_world.py
[20.859s] -- Installing: /home/prithiv/tentacle2/install/ros_ign_interfaces/local/lib/python3.10/dist-packages/ros_ign_interfaces/srv/_set_entity_pose_s.c
[20.861s] -- Installing: /home/prithiv/tentacle2/install/ros_ign_interfaces/local/lib/python3.10/dist-packages/ros_ign_interfaces/srv/_set_entity_pose.py
[20.861s] -- Installing: /home/prithiv/tentacle2/install/ros_ign_interfaces/local/lib/python3.10/dist-packages/ros_ign_interfaces/srv/_delete_entity_s.c
[20.863s] -- Installing: /home/prithiv/tentacle2/install/ros_ign_interfaces/local/lib/python3.10/dist-packages/ros_ign_interfaces/srv/_spawn_entity_s.c
[20.863s] -- Installing: /home/prithiv/tentacle2/install/ros_ign_interfaces/local/lib/python3.10/dist-packages/ros_ign_interfaces/srv/_spawn_entity.py
[20.863s] -- Installing: /home/prithiv/tentacle2/install/ros_ign_interfaces/local/lib/python3.10/dist-packages/ros_ign_interfaces/srv/__init__.py
[20.863s] -- Installing: /home/prithiv/tentacle2/install/ros_ign_interfaces/local/lib/python3.10/dist-packages/ros_ign_interfaces/srv/_delete_entity.py
[20.863s] -- Installing: /home/prithiv/tentacle2/install/ros_ign_interfaces/local/lib/python3.10/dist-packages/ros_ign_interfaces/ros_ign_interfaces_s__rosidl_typesupport_c.cpython-310-x86_64-linux-gnu.so
[20.863s] -- Installing: /home/prithiv/tentacle2/install/ros_ign_interfaces/local/lib/python3.10/dist-packages/ros_ign_interfaces/__init__.py
[21.014s] Listing '/home/prithiv/tentacle2/install/ros_ign_interfaces/local/lib/python3.10/dist-packages/ros_ign_interfaces'...
[21.014s] Compiling '/home/prithiv/tentacle2/install/ros_ign_interfaces/local/lib/python3.10/dist-packages/ros_ign_interfaces/__init__.py'...
[21.014s] Listing '/home/prithiv/tentacle2/install/ros_ign_interfaces/local/lib/python3.10/dist-packages/ros_ign_interfaces/msg'...
[21.014s] Compiling '/home/prithiv/tentacle2/install/ros_ign_interfaces/local/lib/python3.10/dist-packages/ros_ign_interfaces/msg/__init__.py'...
[21.015s] Compiling '/home/prithiv/tentacle2/install/ros_ign_interfaces/local/lib/python3.10/dist-packages/ros_ign_interfaces/msg/_contact.py'...
[21.015s] Compiling '/home/prithiv/tentacle2/install/ros_ign_interfaces/local/lib/python3.10/dist-packages/ros_ign_interfaces/msg/_contacts.py'...
[21.015s] Compiling '/home/prithiv/tentacle2/install/ros_ign_interfaces/local/lib/python3.10/dist-packages/ros_ign_interfaces/msg/_entity.py'...
[21.015s] Compiling '/home/prithiv/tentacle2/install/ros_ign_interfaces/local/lib/python3.10/dist-packages/ros_ign_interfaces/msg/_entity_factory.py'...
[21.015s] Compiling '/home/prithiv/tentacle2/install/ros_ign_interfaces/local/lib/python3.10/dist-packages/ros_ign_interfaces/msg/_gui_camera.py'...
[21.015s] Compiling '/home/prithiv/tentacle2/install/ros_ign_interfaces/local/lib/python3.10/dist-packages/ros_ign_interfaces/msg/_joint_wrench.py'...
[21.016s] Compiling '/home/prithiv/tentacle2/install/ros_ign_interfaces/local/lib/python3.10/dist-packages/ros_ign_interfaces/msg/_light.py'...
[21.016s] Compiling '/home/prithiv/tentacle2/install/ros_ign_interfaces/local/lib/python3.10/dist-packages/ros_ign_interfaces/msg/_string_vec.py'...
[21.016s] Compiling '/home/prithiv/tentacle2/install/ros_ign_interfaces/local/lib/python3.10/dist-packages/ros_ign_interfaces/msg/_track_visual.py'...
[21.016s] Compiling '/home/prithiv/tentacle2/install/ros_ign_interfaces/local/lib/python3.10/dist-packages/ros_ign_interfaces/msg/_video_record.py'...
[21.016s] Compiling '/home/prithiv/tentacle2/install/ros_ign_interfaces/local/lib/python3.10/dist-packages/ros_ign_interfaces/msg/_world_control.py'...
[21.016s] Compiling '/home/prithiv/tentacle2/install/ros_ign_interfaces/local/lib/python3.10/dist-packages/ros_ign_interfaces/msg/_world_reset.py'...
[21.016s] Listing '/home/prithiv/tentacle2/install/ros_ign_interfaces/local/lib/python3.10/dist-packages/ros_ign_interfaces/srv'...
[21.016s] Compiling '/home/prithiv/tentacle2/install/ros_ign_interfaces/local/lib/python3.10/dist-packages/ros_ign_interfaces/srv/__init__.py'...
[21.017s] Compiling '/home/prithiv/tentacle2/install/ros_ign_interfaces/local/lib/python3.10/dist-packages/ros_ign_interfaces/srv/_control_world.py'...
[21.017s] Compiling '/home/prithiv/tentacle2/install/ros_ign_interfaces/local/lib/python3.10/dist-packages/ros_ign_interfaces/srv/_delete_entity.py'...
[21.017s] Compiling '/home/prithiv/tentacle2/install/ros_ign_interfaces/local/lib/python3.10/dist-packages/ros_ign_interfaces/srv/_set_entity_pose.py'...
[21.017s] Compiling '/home/prithiv/tentacle2/install/ros_ign_interfaces/local/lib/python3.10/dist-packages/ros_ign_interfaces/srv/_spawn_entity.py'...
[21.036s] -- Installing: /home/prithiv/tentacle2/install/ros_ign_interfaces/local/lib/python3.10/dist-packages/ros_ign_interfaces/ros_ign_interfaces_s__rosidl_typesupport_fastrtps_c.cpython-310-x86_64-linux-gnu.so
[21.042s] -- Set runtime path of "/home/prithiv/tentacle2/install/ros_ign_interfaces/local/lib/python3.10/dist-packages/ros_ign_interfaces/ros_ign_interfaces_s__rosidl_typesupport_fastrtps_c.cpython-310-x86_64-linux-gnu.so" to ""
[21.043s] -- Installing: /home/prithiv/tentacle2/install/ros_ign_interfaces/local/lib/python3.10/dist-packages/ros_ign_interfaces/ros_ign_interfaces_s__rosidl_typesupport_introspection_c.cpython-310-x86_64-linux-gnu.so
[21.043s] -- Set runtime path of "/home/prithiv/tentacle2/install/ros_ign_interfaces/local/lib/python3.10/dist-packages/ros_ign_interfaces/ros_ign_interfaces_s__rosidl_typesupport_introspection_c.cpython-310-x86_64-linux-gnu.so" to ""
[21.043s] -- Installing: /home/prithiv/tentacle2/install/ros_ign_interfaces/local/lib/python3.10/dist-packages/ros_ign_interfaces/ros_ign_interfaces_s__rosidl_typesupport_c.cpython-310-x86_64-linux-gnu.so
[21.043s] -- Set runtime path of "/home/prithiv/tentacle2/install/ros_ign_interfaces/local/lib/python3.10/dist-packages/ros_ign_interfaces/ros_ign_interfaces_s__rosidl_typesupport_c.cpython-310-x86_64-linux-gnu.so" to ""
[21.043s] -- Installing: /home/prithiv/tentacle2/install/ros_ign_interfaces/lib/libros_ign_interfaces__rosidl_generator_py.so
[21.043s] -- Set runtime path of "/home/prithiv/tentacle2/install/ros_ign_interfaces/lib/libros_ign_interfaces__rosidl_generator_py.so" to ""
[21.043s] -- Installing: /home/prithiv/tentacle2/install/ros_ign_interfaces/share/ros_ign_interfaces/msg/Contact.idl
[21.043s] -- Installing: /home/prithiv/tentacle2/install/ros_ign_interfaces/share/ros_ign_interfaces/msg/Contacts.idl
[21.043s] -- Installing: /home/prithiv/tentacle2/install/ros_ign_interfaces/share/ros_ign_interfaces/msg/Entity.idl
[21.044s] -- Installing: /home/prithiv/tentacle2/install/ros_ign_interfaces/share/ros_ign_interfaces/msg/EntityFactory.idl
[21.044s] -- Installing: /home/prithiv/tentacle2/install/ros_ign_interfaces/share/ros_ign_interfaces/msg/GuiCamera.idl
[21.044s] -- Installing: /home/prithiv/tentacle2/install/ros_ign_interfaces/share/ros_ign_interfaces/msg/JointWrench.idl
[21.044s] -- Installing: /home/prithiv/tentacle2/install/ros_ign_interfaces/share/ros_ign_interfaces/msg/Light.idl
[21.044s] -- Installing: /home/prithiv/tentacle2/install/ros_ign_interfaces/share/ros_ign_interfaces/msg/StringVec.idl
[21.044s] -- Installing: /home/prithiv/tentacle2/install/ros_ign_interfaces/share/ros_ign_interfaces/msg/TrackVisual.idl
[21.044s] -- Installing: /home/prithiv/tentacle2/install/ros_ign_interfaces/share/ros_ign_interfaces/msg/VideoRecord.idl
[21.044s] -- Installing: /home/prithiv/tentacle2/install/ros_ign_interfaces/share/ros_ign_interfaces/msg/WorldControl.idl
[21.044s] -- Installing: /home/prithiv/tentacle2/install/ros_ign_interfaces/share/ros_ign_interfaces/msg/WorldReset.idl
[21.045s] -- Installing: /home/prithiv/tentacle2/install/ros_ign_interfaces/share/ros_ign_interfaces/srv/ControlWorld.idl
[21.049s] -- Installing: /home/prithiv/tentacle2/install/ros_ign_interfaces/share/ros_ign_interfaces/srv/DeleteEntity.idl
[21.050s] -- Installing: /home/prithiv/tentacle2/install/ros_ign_interfaces/share/ros_ign_interfaces/srv/SetEntityPose.idl
[21.050s] -- Installing: /home/prithiv/tentacle2/install/ros_ign_interfaces/share/ros_ign_interfaces/srv/SpawnEntity.idl
[21.050s] -- Installing: /home/prithiv/tentacle2/install/ros_ign_interfaces/share/ros_ign_interfaces/msg/Contact.msg
[21.050s] -- Installing: /home/prithiv/tentacle2/install/ros_ign_interfaces/share/ros_ign_interfaces/msg/Contacts.msg
[21.050s] -- Installing: /home/prithiv/tentacle2/install/ros_ign_interfaces/share/ros_ign_interfaces/msg/Entity.msg
[21.051s] -- Installing: /home/prithiv/tentacle2/install/ros_ign_interfaces/share/ros_ign_interfaces/msg/EntityFactory.msg
[21.051s] -- Installing: /home/prithiv/tentacle2/install/ros_ign_interfaces/share/ros_ign_interfaces/msg/GuiCamera.msg
[21.051s] -- Installing: /home/prithiv/tentacle2/install/ros_ign_interfaces/share/ros_ign_interfaces/msg/JointWrench.msg
[21.051s] -- Installing: /home/prithiv/tentacle2/install/ros_ign_interfaces/share/ros_ign_interfaces/msg/Light.msg
[21.051s] -- Installing: /home/prithiv/tentacle2/install/ros_ign_interfaces/share/ros_ign_interfaces/msg/StringVec.msg
[21.051s] -- Installing: /home/prithiv/tentacle2/install/ros_ign_interfaces/share/ros_ign_interfaces/msg/TrackVisual.msg
[21.051s] -- Installing: /home/prithiv/tentacle2/install/ros_ign_interfaces/share/ros_ign_interfaces/msg/VideoRecord.msg
[21.051s] -- Installing: /home/prithiv/tentacle2/install/ros_ign_interfaces/share/ros_ign_interfaces/msg/WorldControl.msg
[21.051s] -- Installing: /home/prithiv/tentacle2/install/ros_ign_interfaces/share/ros_ign_interfaces/msg/WorldReset.msg
[21.051s] -- Installing: /home/prithiv/tentacle2/install/ros_ign_interfaces/share/ros_ign_interfaces/srv/ControlWorld.srv
[21.051s] -- Installing: /home/prithiv/tentacle2/install/ros_ign_interfaces/share/ros_ign_interfaces/srv/ControlWorld_Request.msg
[21.051s] -- Installing: /home/prithiv/tentacle2/install/ros_ign_interfaces/share/ros_ign_interfaces/srv/ControlWorld_Response.msg
[21.052s] -- Installing: /home/prithiv/tentacle2/install/ros_ign_interfaces/share/ros_ign_interfaces/srv/DeleteEntity.srv
[21.052s] -- Installing: /home/prithiv/tentacle2/install/ros_ign_interfaces/share/ros_ign_interfaces/srv/DeleteEntity_Request.msg
[21.052s] -- Installing: /home/prithiv/tentacle2/install/ros_ign_interfaces/share/ros_ign_interfaces/srv/DeleteEntity_Response.msg
[21.052s] -- Installing: /home/prithiv/tentacle2/install/ros_ign_interfaces/share/ros_ign_interfaces/srv/SetEntityPose.srv
[21.052s] -- Installing: /home/prithiv/tentacle2/install/ros_ign_interfaces/share/ros_ign_interfaces/srv/SetEntityPose_Request.msg
[21.052s] -- Installing: /home/prithiv/tentacle2/install/ros_ign_interfaces/share/ros_ign_interfaces/srv/SetEntityPose_Response.msg
[21.052s] -- Installing: /home/prithiv/tentacle2/install/ros_ign_interfaces/share/ros_ign_interfaces/srv/SpawnEntity.srv
[21.053s] -- Installing: /home/prithiv/tentacle2/install/ros_ign_interfaces/share/ros_ign_interfaces/srv/SpawnEntity_Request.msg
[21.053s] -- Installing: /home/prithiv/tentacle2/install/ros_ign_interfaces/share/ros_ign_interfaces/srv/SpawnEntity_Response.msg
[21.053s] -- Installing: /home/prithiv/tentacle2/install/ros_ign_interfaces/share/ament_index/resource_index/package_run_dependencies/ros_ign_interfaces
[21.053s] -- Installing: /home/prithiv/tentacle2/install/ros_ign_interfaces/share/ament_index/resource_index/parent_prefix_path/ros_ign_interfaces
[21.053s] -- Installing: /home/prithiv/tentacle2/install/ros_ign_interfaces/share/ros_ign_interfaces/environment/ament_prefix_path.sh
[21.053s] -- Installing: /home/prithiv/tentacle2/install/ros_ign_interfaces/share/ros_ign_interfaces/environment/ament_prefix_path.dsv
[21.054s] -- Installing: /home/prithiv/tentacle2/install/ros_ign_interfaces/share/ros_ign_interfaces/environment/path.sh
[21.054s] -- Installing: /home/prithiv/tentacle2/install/ros_ign_interfaces/share/ros_ign_interfaces/environment/path.dsv
[21.054s] -- Installing: /home/prithiv/tentacle2/install/ros_ign_interfaces/share/ros_ign_interfaces/local_setup.bash
[21.054s] -- Installing: /home/prithiv/tentacle2/install/ros_ign_interfaces/share/ros_ign_interfaces/local_setup.sh
[21.054s] -- Installing: /home/prithiv/tentacle2/install/ros_ign_interfaces/share/ros_ign_interfaces/local_setup.zsh
[21.054s] -- Installing: /home/prithiv/tentacle2/install/ros_ign_interfaces/share/ros_ign_interfaces/local_setup.dsv
[21.054s] -- Installing: /home/prithiv/tentacle2/install/ros_ign_interfaces/share/ros_ign_interfaces/package.dsv
[21.054s] -- Installing: /home/prithiv/tentacle2/install/ros_ign_interfaces/share/ament_index/resource_index/packages/ros_ign_interfaces
[21.056s] -- Installing: /home/prithiv/tentacle2/install/ros_ign_interfaces/share/ros_ign_interfaces/cmake/export_ros_ign_interfaces__rosidl_generator_cExport.cmake
[21.057s] -- Installing: /home/prithiv/tentacle2/install/ros_ign_interfaces/share/ros_ign_interfaces/cmake/export_ros_ign_interfaces__rosidl_generator_cExport-noconfig.cmake
[21.057s] -- Installing: /home/prithiv/tentacle2/install/ros_ign_interfaces/share/ros_ign_interfaces/cmake/export_ros_ign_interfaces__rosidl_typesupport_fastrtps_cExport.cmake
[21.057s] -- Installing: /home/prithiv/tentacle2/install/ros_ign_interfaces/share/ros_ign_interfaces/cmake/export_ros_ign_interfaces__rosidl_typesupport_fastrtps_cExport-noconfig.cmake
[21.057s] -- Installing: /home/prithiv/tentacle2/install/ros_ign_interfaces/share/ros_ign_interfaces/cmake/export_ros_ign_interfaces__rosidl_generator_cppExport.cmake
[21.057s] -- Installing: /home/prithiv/tentacle2/install/ros_ign_interfaces/share/ros_ign_interfaces/cmake/export_ros_ign_interfaces__rosidl_typesupport_fastrtps_cppExport.cmake
[21.058s] -- Installing: /home/prithiv/tentacle2/install/ros_ign_interfaces/share/ros_ign_interfaces/cmake/export_ros_ign_interfaces__rosidl_typesupport_fastrtps_cppExport-noconfig.cmake
[21.058s] -- Installing: /home/prithiv/tentacle2/install/ros_ign_interfaces/share/ros_ign_interfaces/cmake/ros_ign_interfaces__rosidl_typesupport_introspection_cExport.cmake
[21.058s] -- Installing: /home/prithiv/tentacle2/install/ros_ign_interfaces/share/ros_ign_interfaces/cmake/ros_ign_interfaces__rosidl_typesupport_introspection_cExport-noconfig.cmake
[21.058s] -- Installing: /home/prithiv/tentacle2/install/ros_ign_interfaces/share/ros_ign_interfaces/cmake/ros_ign_interfaces__rosidl_typesupport_cExport.cmake
[21.059s] -- Installing: /home/prithiv/tentacle2/install/ros_ign_interfaces/share/ros_ign_interfaces/cmake/ros_ign_interfaces__rosidl_typesupport_cExport-noconfig.cmake
[21.059s] -- Installing: /home/prithiv/tentacle2/install/ros_ign_interfaces/share/ros_ign_interfaces/cmake/ros_ign_interfaces__rosidl_typesupport_introspection_cppExport.cmake
[21.059s] -- Installing: /home/prithiv/tentacle2/install/ros_ign_interfaces/share/ros_ign_interfaces/cmake/ros_ign_interfaces__rosidl_typesupport_introspection_cppExport-noconfig.cmake
[21.059s] -- Installing: /home/prithiv/tentacle2/install/ros_ign_interfaces/share/ros_ign_interfaces/cmake/ros_ign_interfaces__rosidl_typesupport_cppExport.cmake
[21.064s] -- Installing: /home/prithiv/tentacle2/install/ros_ign_interfaces/share/ros_ign_interfaces/cmake/ros_ign_interfaces__rosidl_typesupport_cppExport-noconfig.cmake
[21.064s] -- Installing: /home/prithiv/tentacle2/install/ros_ign_interfaces/share/ros_ign_interfaces/cmake/export_ros_ign_interfaces__rosidl_generator_pyExport.cmake
[21.064s] -- Installing: /home/prithiv/tentacle2/install/ros_ign_interfaces/share/ros_ign_interfaces/cmake/export_ros_ign_interfaces__rosidl_generator_pyExport-noconfig.cmake
[21.064s] -- Installing: /home/prithiv/tentacle2/install/ros_ign_interfaces/share/ros_ign_interfaces/cmake/rosidl_cmake-extras.cmake
[21.064s] -- Installing: /home/prithiv/tentacle2/install/ros_ign_interfaces/share/ros_ign_interfaces/cmake/ament_cmake_export_dependencies-extras.cmake
[21.064s] -- Installing: /home/prithiv/tentacle2/install/ros_ign_interfaces/share/ros_ign_interfaces/cmake/ament_cmake_export_include_directories-extras.cmake
[21.064s] -- Installing: /home/prithiv/tentacle2/install/ros_ign_interfaces/share/ros_ign_interfaces/cmake/ament_cmake_export_libraries-extras.cmake
[21.065s] -- Installing: /home/prithiv/tentacle2/install/ros_ign_interfaces/share/ros_ign_interfaces/cmake/ament_cmake_export_targets-extras.cmake
[21.065s] -- Installing: /home/prithiv/tentacle2/install/ros_ign_interfaces/share/ros_ign_interfaces/cmake/rosidl_cmake_export_typesupport_targets-extras.cmake
[21.065s] -- Installing: /home/prithiv/tentacle2/install/ros_ign_interfaces/share/ros_ign_interfaces/cmake/rosidl_cmake_export_typesupport_libraries-extras.cmake
[21.065s] -- Installing: /home/prithiv/tentacle2/install/ros_ign_interfaces/share/ros_ign_interfaces/cmake/ros_ign_interfacesConfig.cmake
[21.065s] -- Installing: /home/prithiv/tentacle2/install/ros_ign_interfaces/share/ros_ign_interfaces/cmake/ros_ign_interfacesConfig-version.cmake
[21.065s] -- Installing: /home/prithiv/tentacle2/install/ros_ign_interfaces/share/ros_ign_interfaces/package.xml
[21.072s] Invoked command in '/home/prithiv/tentacle2/build/ros_ign_interfaces' returned '0': AMENT_PREFIX_PATH=/home/prithiv/tentacle2/install/ros_gz_interfaces:${AMENT_PREFIX_PATH} CMAKE_PREFIX_PATH=/home/prithiv/tentacle2/install/ros_gz_interfaces:/home/prithiv/tentacle2/install/tentacle_controller:/home/prithiv/tentacle2/install/tentacle_description:/opt/ros/humble LD_LIBRARY_PATH=/home/prithiv/tentacle2/install/ros_gz_interfaces/lib:/usr/lib/x86_64-linux-gnu/gazebo-11/plugins:/opt/ros/humble/opt/rviz_ogre_vendor/lib:/opt/ros/humble/lib/x86_64-linux-gnu:/usr/share/gurumdds/cmake/../../../lib:/opt/ros/humble/lib:/usr/lib/x86_64-linux-gnu/gazebo-11/plugins PYTHONPATH=/home/prithiv/tentacle2/install/ros_gz_interfaces/local/lib/python3.10/dist-packages:${PYTHONPATH} /usr/bin/cmake --install /home/prithiv/tentacle2/build/ros_ign_interfaces
